"title","category"
"Establishing functional proteomic maps of proteins involved in apoptosis","Biology"
"Pathogen-derived immunomodulatory molecules: future immunotherapeutics and vaccines","Biology"
"Functional Organisation of Eukaryotic Genomes","Biology"
"Centre for the analysis and design of interacting computer controlled systems","Technology"
"Measurement-Based Resource Management in Communication Networks.","Technology"
"Nanostructures and Molecule Mechanics.","Chemistry"
"Studies of Surfaces and Interfaces of Magnetic Spinel Oxides.","Physics"
"Conception and Implementation of Nanoscale Spin Electronics (CINSE)","Engineering"
"The Physics of Next Generation ICT Photonic Devices..","Physics"
"Constraint Computation: Automation and Application","Mathematics"
"Atomtronics: Nanoscale Science and Technology for Future Information.","Technology"
"Sensitivity Analysis Solution Stability and Uncertainty in Constraint Programming","Mathematics"
"Reliable and Scalable Information Services","Technology"
"A molecular genetic approach to elucidate brain wiring mechanisms in mouse","Biology"
"Advanced Techniques of Optical Imaging and their application in Biomedicine and Information Technology","Technology"
"The Function of Nanoscale Complex Systems","Physics"
"Discovery of Therapeutic Targets in the Post-Genomics Era","Biology"
"Chemical Exploration of the Oxidative Metabolites of Aromatic Hydrocarbons","Chemistry"
"Understanding the Role of the Brain in Fatigue","Biology"
"Genomics and Proteomics approach to the control of emerging and re-emerging infectious diseases","Biology"
"Computational Biomechanics","Technology"
"Cyclic-di-GMP signalling and the Environmental Regulation of Virulence Gene Expression in Bacterial Pathogens of Humans and Plants","Biology"
"Materials Design and Molecular Alignments for V Shaped switching in Liquid Crystal on Silicon Microdisplays for Multimedia and IT","Engineering"
"Programmable Quantum Processors","Engineering"
"Software Components Development","Technology"
"Quantum information and coding","Technology"
"Quantum information theory","Technology"
"An Analysis of the Socio-Technical Factors Influencing the Evolution of Irelands ICT Sector","Technology"
"Industrial Process Ecology","Engineering"
"Impact of Hypoxia on cAMP-dependent Pro-inflammatory Gene Expression in Epithelial Cells","Biology"
"Nonlinear Dynamics and Quantum Optics of Semiconductor lasers for Phototonic Applications","Physics"
"Toll-like receptors: targets for intervention in inflammatory and infectious diseases","Biology"
"DNA double-strand break repair and the maintenance of genomic stability","Biology"
"Analysis of mammalian physiological and genetic regulatory networks using cDNA microarrays","Technology"
"A Signal Processing Perspective on Multicarrier Communication Technology","Technology"
"Mathematical Foundations Practical Notations and Tools for Reliable Flexible Systems","Mathematics"
"Functional Characterisation of Rab4-and Rab 11-Interacting Proteins in Endosomal Recycling","Biology"
"Metabolic Engineering of the Chloroplast for Health and Industry","Engineering"
"Determination of Stem Cell and Differentiation Pathways Within the Lung Epithelium","Biology"
"Grammatical Evolution - A Single Evolutionary Framework","Mathematics"
"Automated Computer Analysis of Computed Tomography Colongraphy Image Data Sets.","Technology"
"Building a Bi-Directional Bridge Between Theory and Practice (B4-STEP)","Mathematics"
"The Knowledge Discovery Project: Tools to Uncover New Knowledge through Data Mining in Bioinformatics Medical Informatics and Finance","Technology"
"Development of Coding and Signal Processing for Gbps Data Storage and Baseband Communciations","Technology"
"Mathematical Modelling of Randomness for applications in ICT and Biotechnology","Technology"
"Pharmacological Manipulation of Bilirubin Levels: Implications for Neonatal Jaundice and Coronary Care","Biology"
"MUSTER - Multilingual Ubiquitous Speech Technology: Enhanced and Rethought","Technology"
"CSET NTSRC: National Telecommunications Services Research Centre","Technology"
"Harnessing Radiation Induced Effects for Medicine and Biotechnology","Technology"
"Computational Approaches to the Representation & Analysis of Metabolic Systems & Synaptic Events","Technology"
"Characterization of New Genes that are Associated with Cellular Transformation and IGF-1 Receptor Function","Biology"
"Post-Translational Machinery Responsible for a L-Serine to D-Alanine Conversion in the Lantibiotic Peptide Lacticin 3147; The Role of Modified Amino Acids in Antimicrobial Activity","Chemistry"
"Femtosecond Laser-Induced Bragg and Long-Period Gratings","Physics"
"ZnO-Based Material Systems for ICT Applications","Technology"
"Silicon-Based Photonic Circuits Containing 2- and 3-Dimensional Photonic Crystal Waveguides and Light Sources for Communication Applications in the Visible and Near-Infrared Spectral Range","Physics"
"Quantum-Dot Microlasers With a Spherical Dielectric Microcavity for Fiber-Optic Communications","Physics"
"PhoCUS: Photon Counting Universal Sensors for Applications in ICT and Biotechnology","Technology"
"The Development of an Integrated Quasi-Optical and Electromagnetic Numerical Simulator for the Computer Aided Design and Analysis of Novel Terahertz Systems","Physics"
"Opening the Extreme Ultra-Violet Lithography Source Bottleneck: The Development of a 13.5nm Plasma Based Source for the Semiconductor Industry","Physics"
"Investigations of the Mechanisms Regulating the Induction of Synaptic Plasticity in the Intact Brain: Effects of Stress and Amyloid","Biology"
"Study of elements controlling human interleukin-10 expression and secretion in the probiotic.","Biology"
"ERCIM Membership","Technology"
"The Exploitation of Anhydrobiotic Genes for the Preservation of Intact Proteins Cells and Tissues in Dry State","Biology"
"Investigations of the Mechanisms Underlying the Induction of Synaptic Plasticity: Role of Metabotropic Glutamate Receptors and Amyloid","Biology"
"A Genomic Investigation of the Major Psychotic Disorders","Biology"
"Functional Genomics of Tissue Development in Reproduction","Biology"
"Design Methodology for Next-Generation Fractional-N Frequency Synthesizers","Engineering"
"Nonlinear Effects in Communications Circuits and Systems","Technology"
"Macrophage Migration Inhibitory Factor (MIF) Aberrant Remodelling/Repair & Chronic Inflammation","Biology"
"Interfacial Processes for Future Bioelectroanalytical Sensing","Engineering"
"Electro-Optical and Spectroscopic Research on Devices Using Chiral Smectic Liquid Crystals for Photonic Applications","Physics"
"All-Optical Processing Using Semiconductor Optical Amplifiers in Terabit/s Photonic Communication Systems","Physics"
"Novel Micropatterned Platforms Utilising Inherently Conducting Polymers","Chemistry"
"Gene-Specific Silencing of PrP Expression by Small Interfering RNAs","Biology"
"WebAssess: Automating Website Usability Assessment","Technology"
"Control as a Systems Technology for Innovation and Technology Development and the Analysis and Application of Hybrid Systems","Technology"
"High-Level Programming Models and Tools for Grid Computing","Technology"
"Internet-Based Control of Autonomous Mobile Robots in Dynamic Environments","Technology"
"High Accuracy Electronic Structure for Material Design","Engineering"
"Theoretical Analysis of Static and Dynamic Processes in Nanoscale Systems and Applications to Quantitative Force Interaction Measurements","Engineering"
"The Fis Global Regulator and Virulence Gene Expression in Salmonella Enterica Serovar Typhimurium in Vitro & in Vivo","Biology"
"Modelling Techniques and Simulation Algorithms for High Frequency/High Speed Electronic Circuit and System Design","Technology"
"Centre for Plasma Formation Measurement and Control","Physics"
"Efficiency Orientated Programming Languages: An Average Case Analysis Tool","Technology"
"CSET NCHP: National Centre for Human Proteomics","Biology"
"CSET CRANN: Centre for Research on Adaptive Nanostructures and Nanodevices","Engineering"
"Exploration of Molecular Pathology and Molecular Therapeutics for Inherited Retinal Degenerations","Chemistry"
"Computation of the Mechanical and Electrical Properties of Oxide/Semiconductor Structures","Engineering"
"Photonic Systems Research","Physics"
"Functional and Evolutionary (epi) Genomics of Genocis Imprinting Dosage and Apomixis Technology Development in Plants","Biology"
"Shared Worlds - The Design Development Deployment and Evaluation of Novel Interactive Artifacts and Environments in Public Shared Spaces Based on a Human Activity Conceptual Model","Engineering"
"Using High-Information Content Molecules to Template the Self Assembly in Solution and Self-Organisation at Patterned Substrates of Functional Nanoscale Components and Devices Incorporating Asymmetric Nanoparticles","Engineering"
"CSET DERI: Digital Enterprise Research Centre","Technology"
"Characterisation of Presenilins Involvement in Cell Survival Signalling Pathways","Biology"
"Elucidating Toll-Like Receptor Function Using the Vaccinia Virus Proteins A46R and A52R","Biology"
"Nanoscale Biophotonics: Novel Approaches to Ultra-Sensitive and High Accuracy Fluorescence Techniques","Physics"
"China / Ireland Science & Technology Collaboration Research Fund","Technology"
"CSET NGM: Development Grant for a CSET Proposal to Establish a Centre for Next Generation Manufacturing Jointly Between Industry and a Consortium of Irish Universities","Engineering"
"Chair of Physiology","Education"
"Quantitative Proteomics of Human Platelets","Biology"
"An Integrated Systems Biology Approach to Elucidating the Nature of Molecular Signalling in Microbial-Host Interactions","Biology"
"Genomic Analysis of Biofilm Formation by the Pathogenic Yeast Candida Parapsilosis","Biology"
"Applications of Carbon Nanotubes and Self-Assembling Molecular Nanowires in Electronic and Optoelectronic Devices","Engineering"
"Computational Spintronics at the Molecular Level","Technology"
"Investigation of Active and Passive Spherical Glass Microresonators for Advancements in Telecommunications and Quantum Information Technology","Technology"
"Gene Expression Analysis and 3-Dimensional Computer Modelling of Wnt Signalling Pathways in the Developing Limb and Face of Mouse embryos Using Optical Projection Tomography","Physics"
"CSET APC: Alimentary Pharmabiotic Centre","Biology"
"Functional Bioinformatics of Protein Micro-Domains and the Design of Biologically Active Peptides from Transmembrane Proteins","Biology"
"Molecular Investigation of Host and Parasite-Encoded Factors Involved in Viral Entry into Gram-Positive Bacteria","Chemistry"
"A Novel Virulence Mechanism of the Intracellular Pathogen Rhodococcus Equi: Protein Networks Their Role in Virulence and Impact on Macrophage Physiology","Biology"
"Unravelling the Regulation of Apoptosis in Vivo Animal Models with a Focus on Caspase Independent Cell Death","Policy"
"Targeted Gene Deletion of Dopamine Receptor Subtypes and Associated Transduction Mechanisms: Systematic Comparison of Functional Phenotype and Platforms for Drug Discovery in Congenic Knockouts","Technology"
"Mammalian Population Genomics and Selection: Detection of Loci with Functionally Significant Variation in the Bovine Genome","Biology"
"WebCom-G: Grid Middleware to Hide the Grid","Technology"
"Microstructural Study of Electrodeposited Copper Metallization for Advanced Microelectronic Devices for Information Communications Technology","Technology"
"Carrier Scattering and Localisation in Semiconductor Alloys: From First Principles to Materials","Physics"
"Middleware for Sentient Computing","Technology"
"Multiple Alignment Methods for the Genome Era","Biology"
"Adaptive Information Investigator Awards","Technology"
"Adaptive Information Investigator Awards","Technology"
"Adaptive Information Investigator Awards","Technology"
"Adaptive Information Investigator Awards","Technology"
"Adaptive Information Investigator Awards","Technology"
"Role of the PPAR Co-Activator Pgc-1 in the Molecular Programming of Insulin Sensitivity in Human Skeletal Muscle Cells","Chemistry"
"Understanding & Exploiting Gene Expression Profiles of Cultured Animal Cells in Order to Develop Improved Biopharmaceutical Production Processes","Engineering"
"SFI Research Professorship Award","Technology"
"The Structural Biology of Membrane Proteins: Proteomics via Crystal Structure","Biology"
"Supplementary Request to DNA Double-Strand Break Repair and the Maintenance of Genomic Stability","Biology"
"Supplementary Funding for an Applied Biosystems QTRAP Mass Spectrometer","Engineering"
"SFI Supplementary Equipment Grant","Policy"
"SFI Supplementary Equipment Grant","Policy"
"SFI Supplementary Equipment Grant","Policy"
"CSET BDI: Center for Future Diagnostics and Health","Biology"
"CSET CRANN: Centre for Research on Adaptive Nanostructures and Nanodevices (CRANN)","Engineering"
"CSET CRANN: Construction of Specialised Laboratory for Nanoscience Research - CRANN","Technology"
"Functional Analysis of Novel Surface Proteins of Staphylococcus Aureus","Biology"
"National Communications Network Research Centre","Technology"
"Development of Quantum Memory Using Microwave Manipulated Quantum Bits in Ion Traps","Physics"
"SFI Building Grant","Policy"
"Overactive Nerve Endings in Cholinergic & Nocioceptive Pathways: Structure-Driven Therapeutic Interventions for K+ Channels & Exocytosis","Policy"
"CSET REMEDI: Regenerative Medicine Institute (REMEDI)","Biology"
"CSET ISERC: Irish Software Engineering Research Centre (ISERC)","Engineering"
"Towards Novel Glycoconjuate Based Therapeutics for Angiogenesis","Biology"
"Construction & Development of a New Prototype Measles-Mumps-Rubella Vaccine Based on Recombinant RNA","Biology"
"Structural Basis for the Specificity & Function of RAB Effector Proteins","Biology"
"Biomedical Diagnostics Group","Biology"
"Irish Centre for Applied Neurotherapeutics","Biology"
"Cyclic-di-GMP Signalling and the Environmental Regulation of Virulence Factor Production in Bacterial Pathogens of Humans and Plants","Biology"
"Novel Routes to the Production of Nanoscale Electronic and Photonic Materials via Chemical Self-Assembly and Templated Surface Engineering","Physics"
"Extension for an existing Walton Visitor Award for Professor Fukuda","Education"
"New Technologies for Monitoring Cell Signalling in the Living Brain: Design Characterisation and in-vivo Application to Study Extracellular Glutamate Energy Metabolism and Their Relationship","Biology"
"Anti-Inflammatory Strategies for Combating Neurodegenerative Changes","Biology"
"Efficiency Orientated Programming Languages: An Average Case Analysis Tool","Technology"
"SFI Research Professor - BioSciences Institute","Technology"
"Irish Software Engineering Research Group (ISERG)","Engineering"
"High Frequency wave propagation and its application to imaging science","Physics"
"The physics and applications of semiconductor lasers and LEDs","Physics"
"Miscibility and Phase Separation in Nanoscale Patten Formation","Physics"
"Retinal Imaging","Physics"
"The optical quality of the eye.","Physics"
"DRY LIFE: The Molecular Biology of Anhydrobiosis in Nematode Worms","Chemistry"
"Characterisation of two bacterial viruses with industrial and education relevance","Biology"
"Instrumentation for Membrane Protein Crystallization and Structure Determination","Biology"
"Software Process in global software development","Technology"
"Optics in the modern research laboratory as a teacher training resource","Education"
"Mining of novel antimicrobials from environmental sources.","Biology"
"Inquiry/Research Education Programme: Promoting the Advancement of Scientific Knowledge in Irish Secondary and Third Level Education.","Education"
"Regulation of differentiation of bone marrow cells into lung epithelial cells","Policy"
"Membrane Protein Structure and Function","Biology"
"Membrane Protein Structure and Function","Biology"
"The Chemistry Underpinning miniaturised measurement systems.","Chemistry"
"High throughput screening of potential inhibitors of biliverdin reductase a target for neonatal jaundice.","Biology"
"MUNSTER: Multilingual Ubiquitous Speech Technology: Enhanced and Rethought - Industrial Supplement","Technology"
"Terahertz (THz) Technology: The development of CAD optical tools novel components and applications in medical imaging","Physics"
"Waves - from Huygens Principal to Electrical Resistance","Engineering"
"SFI Science Teacher Assistant Researcher working on the Shared Worlds project.","Technology"
"Fluorescence Lifetime based snsing: Methods & Instrumentation","Technology"
"Extension for an existing Walton Visitor Award for Professor Hamlet","Education"
"Lab on a chip: Exploiting the Microworld","Engineering"
"SMEs in a Sub-Contract Environment","Engineering"
"Analysis of the Human Pgc-1 Gene Promoter and its regulation by Insulin.","Policy"
"Sequencing of commercially available MMR vaccine virus strains and attenuation of cloned virus genes by site directed mutagenesis.","Biology"
"Investigation of the essential YycFG two component signal transduction system in bacillus subtillis: Establishment of its role in coordinating cellular responses to phosphate limitation and growth under aerobic an anaerobic conditions.","Biology"
"Sensor Webs","Technology"
"Wireless Technology Programme for Transition Year Students","Technology"
"Visualisation of Census Data for Ireland","Technology"
"A GIS-based Analysis of Third-level Education Participation in Ireland","Education"
"Design and Preparation of Polymers for Drug Delivery Systems by Controlled/Living Free Radical Polymerization","Engineering"
"Is there a neurophysiologic basis for immunoregulation by probiotics","Biology"
"Synthesis and Characterisation of New Bio-Selective Stationary Phases for Rapid Efficient Multi-Dimensional High-Performance Liquid Chromatography","Chemistry"
"Microfluidic Platforms for Biomolecular Diagnostics","Chemistry"
"In Situ Transmission Electron Characterisation of Microstructural Evolution in Electrodeposited Copper Metalization for Microelectronic Components of ICT Systems.","Technology"
"Application of the Principals of Task Based Assessment of Image Quality to Diverse Areas of Biotechnology and Information Technology.","Technology"
"Computer Software for the Analysis and Visualisation of Duplicate Genes.","Technology"
"Cannabinoids and neural fate","Biology"
"The Study of Hydrogenophilic Acetogens (Homoacetogens) in Anaerobic Sludges","Technology"
"Noradrenergic control of inflammatory processes in the central nervous system","Engineering"
"Natural bacterial protease inhibitors as potential novel therapeutics.","Biology"
"Trichothecene mycotoxin up-regulated wheat genes: analysis of function and regulation.","Policy"
"Correlating LBA adaptive evolution and expression at the genome level","Biology"
"The Mechanistic Role of SAA in regulating angiogenesis and cartilage metabolism in Inflammatory arthritis.","Biology"
"The Role of Fibulin-4 in Tumour Growth and Angiogenesis","Biology"
"Antidepressant efficacy following methylenedioxymethamphetamine-induced serotonin loss.","Biology"
"Investigation of inflammatory mediators on hippocampal synaptic transmission and plasticity","Biology"
"Mechanism of M. tuberculosis-induced macrophage apoptosis in the host response","Biology"
"A role for dietary fatty acids in modulating Th1-mediated disease","Biology"
"Mechanisms and Potential Gene Targets in Immune Mediated Epithelial-Mesenchymal Transdifferentiation","Biology"
"Functional analysis of the African trypanosome ADP ribosylation factor 1","Technology"
"Characterisation of Ceramidases from Arabidopsis","Biology"
"Polarity and function of actin in vesicle traffic in African trypanosomes","Biology"
"Characterisation of a novel mechanism for siderophore mediated iron transport in bacteria","Biology"
"Protease sensitive PrPSc in pathogenesis of TSE","Biology"
"Telomerase activation and telomere maintenance in the development and progression of non-melanoma skin carcinoma","Technology"
"Characterisation of the WAP motif proteins huSWAM1 and huSWAM2","Biology"
"How Lactococcus lactis copes with its waste: the acid adaptive response","Biology"
"Mapping of residues involved in modulating integrin activational conformations.","Biology"
"Stable isotope analysis of trophic niche width and modelling of the Dublin Bay food web","Technology"
"A Rapid Compression Machine and Complementary Modelling Study of a Representative Biodiesel Fuel","Technology"
"Stereoselecetive Synthesis and Functional Evaluation of Cross-Conjugated Cyclopentenones as Peroxisome Proliferator Activated Receptor - gamma Ligands","Chemistry"
"Effect of Nitrogen and Fluorine on Properties and Crystallisation of Ca-Si-Al-O-N-F Glasses","Others"
"New polymer composite materials for nano-engineered surfaces with applications in sensor design","Engineering"
"Peptide mimics of nitrile hydratases: crystallographic and mechanistic studies","Biology"
"Computer modelling of supported TiO2 thin films.","Technology"
"Quinazoline and Oxazoline-containing Ligands for Asymmetric Catalysis","Chemistry"
"A Shared-Memory Hybrid Graphics Cluster for Visualisation and Video Processing","Engineering"
"Multi-Meta-Model Process Execution (M3PE)","Engineering"
"Ant-Assisted Visualization","Others"
"Examination of the influence of implant surfaces on cellular response","Biology"
"Bubble Dynamics in a Rare Cell Discovery Polymerase Chain Reactor","Chemistry"
"Phosphate Glass Fibres as Hosts for Nano-scale Semiconductor Quantum Dots","Physics"
"Coupling between fluid flow induced vibration and noise in tube arrays.","Others"
"Enhanced gas-jet cooling","Others"
"Encryption and decryption of digital holograms of three-dimensional objects","Technology"
"Entropy Generation Rate in Non-Equilibrium Flows","Biology"
"The anatomy of andesite: new insights into the plumbing systems of andesite volcanoes","Technology"
"Regional coherence of late Holocene climate oscillations and tests for solar amplification models","Mathematics"
"Determining 3D Finite Strain Using Medical CT Scanning Technology","Technology"
"In-situ isotope analysis of minerals from the British-Irish Tertiary Igneous Province:tracingigneous processes","Engineering"
"Mathematical studies of water wave phenomena","Mathematics"
"Infinite Dimensional Complex Analysis","Technology"
"Statistical modelling with random effects using exponential family mixture models","Mathematics"
"Mixture Models Classification  and Cluster Analysis for High Dimensional Data","Technology"
"PROBING COLLIDING PLASMAS WITH (RESONANT) IMAGING AND SPECTROSCOPY","Physics"
"Probing the Relativistic Jets of Active Galactic Nuclei","Others"
"Heavy particle physics with DØ at the TEVATRON","Physics"
"Application of statistical physics and to risk analysis in finance and sociology","Physics"
"Synchrotron X-ray Spectroscopic Investigations of Electronic Structure in Organic Semiconductors","Physics"
"Probing the Extragalactic Universe at Very High Energies","Others"
"Angle Resolved Coincidence Photoelectron Spectroscopy of Metal Vapours","Physics"
"Design fabrication and investigation of Si based composite photonic materials","Physics"
"Relationship between genotype and phenotype in child and adolescent ADHD: A genetic association study using neuropsychological performance and task related brain activation as potential endophenotypes","Biology"
"PI Supplement","Others"
"PI Supplement","Others"
"Undergraduate Student Summer Placement","Education"
"Undergraduate Student Summer Placement","Education"
"Undergraduate Student Summer Placement","Education"
"Undergraduate Student Summer Placement","Education"
"Undergraduate Student Summer Placement","Education"
"Undergraduate Student Summer Placement","Education"
"Undergraduate Student Summer Placement","Education"
"Undergraduate Student Summer Placement","Education"
"Undergraduate Student Summer Placement","Education"
"Undergraduate Student Summer Placement","Education"
"Undergraduate Student Summer Placement","Education"
"Undergraduate Student Summer Placement","Education"
"Undergraduate Student Summer Placement","Education"
"Undergraduate Student Summer Placement","Education"
"Undergraduate Student Summer Placement","Education"
"Undergraduate Student Summer Placement","Education"
"Undergraduate Student Summer Placement","Education"
"Undergraduate Student Summer Placement","Education"
"Chemopeptidomics: Computer linkage of human proteme-derived short peptides with non peptide drugs - Industrial Supplement","Technology"
"Undergraduate Student Summer Placement","Education"
"Undergraduate Student Summer Placement","Education"
"Undergraduate Student Summer Placement","Education"
"Undergraduate Student Summer Placement","Education"
"Undergraduate Student Summer Placement","Education"
"Undergraduate Student Summer Placement","Education"
"Undergraduate Student Summer Placement","Education"
"Undergraduate Student Summer Placement","Education"
"Undergraduate Student Summer Placement","Education"
"Undergraduate Student Summer Placement","Education"
"Undergraduate Student Summer Placement","Education"
"Undergraduate Student Summer Placement","Education"
"Undergraduate Student Summer Placement","Education"
"Undergraduate Student Summer Placement","Education"
"Undergraduate Student Summer Placement","Education"
"Undergraduate Student Summer Placement","Education"
"Undergraduate Student Summer Placement","Education"
"Computational Analysis of signalling networks during apoptotic nerve cell death - Industrial Supplement","Technology"
"Undergraduate Student Summer Placement","Education"
"Undergraduate Student Summer Placement","Education"
"Undergraduate Student Summer Placement","Education"
"Undergraduate Student Summer Placement","Education"
"Undergraduate Student Summer Placement","Education"
"Undergraduate Student Summer Placement","Education"
"Undergraduate Student Summer Placement","Education"
"Undergraduate Student Summer Placement","Education"
"Undergraduate Student Summer Placement","Education"
"Undergraduate Student Summer Placement","Education"
"Physical Properties of doped molecular wires: Interaction of carbon nanotubes with foreign objects","Chemistry"
"CSET CTVR: Centre for Telecommunications Value Chain Driven Research (CTVR)","Technology"
"Expoliting salivery proteins to target sap - feeding insect pets","Biology"
"SFI Research Professorship","Technology"
"Analysis and visualization of quantified nanoscale events","Technology"
"Quantum dot-cellular interactions for nanoscale drug delivery","Physics"
"The application of event detection techniques as used in video and audio analysis to the detection of events from large-scale sensor networks.","Technology"
"Stereoselective glycosidation with conformationally inverted donors","Others"
"Genetic analysis of synaptic signalling mechanisms in Drosophila and their roles in function and plasticity of the brain.","Biology"
"SFI Research Professorship: Probability and its applications to the development of ICT.","Mathematics"
"Applications of fast wavelength tuneable lasers in future high speed optical networks","Physics"
"Study of elements controlling human interleukin-10 expression and secretion in the probiotic Lactobacillus salivarius","Biology"
"Post-translational machinery responsible for a L-serine to D-alanine conversion in the lantibiotic peptide lacticin 3147; the role of modified amino acids in antimicrobial activity.","Chemistry"
"Systems and Algorithms for protein identification and quantification","Technology"
"The assembly of electronically important materials as structurally and size controlled nanowires into 3-dimensional architectures and construction of Prototype circuitry there from.","Technology"
"Biosynthesis of the Chlorinated Antibiotic ACPA in Streptomyces viridogenes","Chemistry"
"Two in one fluorescent magnetic nanocomposites for biomedical application","Biology"
"From Allenes to Tetracenes: Electroluminescent Organometallic Materials.","Others"
"The PURCHASE Advisor Assistant: Intelligent Customer Support for E-Shopping","Others"
"Modelling Protein Structures on a Genomic Scale by Machine Learning","Biology"
"Rare Earth Doped Transition Metal Magnetic Nanowires","Physics"
"Growth of Magnetic Semiconductors by Pulse-Injection MOCVD in Magnetic Fields","Physics"
"Administration of the second round of the programme of exchange of scientific researchers for research project work and for the purpose of improving scientific competence between China and Ireland.","Technology"
"Applying Mutagenesis Screens in Zebrafish to Identify and Characterise Genes with Unique and Essential Functions in Cone Photoreceptors of the Visual System","Biology"
"Computational and biomedical analysis of heat shock proteins (Hsps): optimisation of protein function and putative drug targets","Biology"
"Phase-amplitude coupling in quantum dot semiconductor lasers","Physics"
"Functional genomics of plant-mycotoxin interactions","Biology"
"Study of Data Partitioning Problems Based on a Realistic Model of Network of Computers","Technology"
"Modulation of matrix metalloproteinase gene expression by the nuclear orphan receptor NURR1","Physics"
"The Role of specific Gluthathione S Transferases (GSTs) in the detoxification of toxic compounds","Chemistry"
"Investigation of the factors that determine physiological heterogeneity in biofilms","Technology"
"The characterisation of genes expressed by the nematode Steinernema carpocapsae when parasitising insects.","Biology"
"Human RAD30 and cell fate following DNA damage.","Biology"
"Characterisation of the Role of Cyclic Strain-Induced Endothelial MMP-2 in Vascular Smooth Muscle Cell Migration","Biology"
"Characterisation and manipulation of human T cells with early immunomodulatory functions","Biology"
"Adaptive Responses of Pseudomonas aeruginosa to Benzalkonium chloride inChemostat Culture","Others"
"Molecular recognition in nuclear receptors - development  of a superfamily-applicable scoring function","Chemistry"
"Identifying protein complexes associated with scaffolds during platelet activaiton","Biology"
"Viral Pellino: A Novel Regulator of Toll-like receptor signalling","Others"
"Stem cells in degenerative disease","Biology"
"Functional genomic approaches to elucidate novel bacterial genes modulating microbial-host interactions","Biology"
"Impacts of exotic plants on native plant-pollinator mutualisms","Others"
"N-riching the  Heterosuperbenzene Family: New Aromatic Platforms for Photoresponsive Metals","Technology"
"Segregative interactions in mixtures of gelling and non-gelling biopolymers","Chemistry"
"Novel Titanocene Anti-Cancer Drugs","Others"
"Three-dimensional holographic image processing","Engineering"
"Hybrid Search Techniques for Multiple Sequence Alignment","Others"
"Sonification in 3D Collaborative Virtual Environments","Others"
"ProGen & BiText","Others"
"IdMan -- Identity Management in Next-Generation Networks","Technology"
"Combination of natural variability estimation with real time measurement for mushroom shelf life assessment","Technology"
"Protocol Foundations for ABC&S Paradigm Realisation in Future 4G/5G Wireless CommunicationNetworks","Technology"
"Towards Early Diagnosis of Atherosclerosis: A novel combined Experimental/Numerical Investigation","Technology"
"NEW DISTANCE MEASURES FOR CONCATENATIVE SPEECH SYNTHESIS","Chemistry"
"Microchemical and isotopic constraints on granite petrogenesis.","Chemistry"
"Compositions and Aspects of the Structures and Interactions of Humin in Irish Soils","Others"
"Nitrogen and carbon isotopes in modern and fossil aquatic ecosystems","Technology"
"Statistical Methods for High Resolution Palaeoclimate Reconstruction","Technology"
"Numerical analysis of nonlinear singularly perturbed reaction-diffusion equations","Chemistry"
"Black Hole X-ray binaries in Outburst and Quiescence","Others"
"Studying strong decay physics from anisotropic lattice QCD","Physics"
"Understanding the Central Engine of Young Stars","Technology"
"Investigating heavy flavour physics on an anisotropic lattice","Physics"
"The IReL (Irish Research eLibrary) Initiative","Technology"
"SFI Research Professorship in Biomedical Proteomics","Biology"
"Tissue engineering for orthopaedic applications: the use of collagen scaffolds for the development of bone graft substitutes","Engineering"
"Genomics of performance in thoroughbred horses","Biology"
"Towards an understanding of enzyme catalysis: a multidisciplinary informatics-based approach","Chemistry"
"Comparative genomic analysis of Candida albicans and Candida dubliniensis:  A tool for the analysis of candidal virulence.","Biology"
"Equipment Supplement","Engineering"
"PI Supplement","Others"
"Equipment Supplement","Engineering"
"Equipment Supplement","Engineering"
"Equipment Supplement","Engineering"
"Equipment Supplement","Engineering"
"Equipment Supplement","Engineering"
"Equipment Supplement","Engineering"
"Equipment Supplement","Engineering"
"Equipment Supplement","Engineering"
"Equipment Supplement","Engineering"
"Equipment Supplement","Engineering"
"Equipment Supplement","Engineering"
"Equipment Supplement","Engineering"
"Equipment Supplement","Engineering"
"Equipment Supplement","Engineering"
"Equipment Supplement","Engineering"
"Equipment Supplement","Engineering"
"Equipment Supplement","Engineering"
"Equipment Supplement","Engineering"
"Combating Lung Disease: Delivery of Therapeutic Agents to the Airways","Biology"
"Equipment Supplement","Engineering"
"Equipment Supplement","Engineering"
"Equipment Supplement","Engineering"
"Equipment Supplement","Engineering"
"Equipment Supplement","Engineering"
"Equipment Supplement","Engineering"
"Equipment Supplement","Engineering"
"Equipment Supplement","Engineering"
"Equipment Supplement","Engineering"
"Equipment Supplement","Engineering"
"Equipment Supplement","Engineering"
"Equipment Supplement","Engineering"
"A time-resolved infra-red spectroscopic study of the activation of silane by electronically excited matal atoms","Technology"
"Tyndall National Institute: Capital Programme Year 1","Policy"
"Tyndall National Institute: National Access Programme (Year 1)","Policy"
"Molecular determinants of seizure-induced neuronal death and epileptogenesis","Chemistry"
"Modelling and design of future communication networks: A hybrid systems approach","Technology"
"SFI Research Professorship: Tetrapyrroles in Biology Chemistry and Medicine","Biology"
"SmartNetSolve: a high level programming system for high performance Grid computing.","Technology"
"Treebank-Based Induction of Wide-Coverage Deep Probabilistic Unification Grammar Resources for Chinese Japanese Arabic Spanish French German and English","Others"
"Foundations of Autonomic Networking","Technology"
"Secure and Predictable Pervasive Computing: Infrastructure and Models","Technology"
"National Communications Network Research Institute","Technology"
"A FUNDAMENTAL TEMPLATE of LOW-RESIDUE CROP PROTECTION and PRODUCTION","Others"
"A National Centre for High-End Computing","Technology"
"Equipment for Underlying Grant","Policy"
"Equipment Supplement - Atomtronics: Nanoscale Science and Technology for Future Information and Communications","Technology"
"Applications of Carbon Nanotubes in Electronic and Optoelectronic Devices","Engineering"
"The Role of the ERM Proteins in the Regulation of Beta3 Integrins.","Policy"
"A National Centre for High-End Computing","Technology"
"SFI Investigator in Biochemical Engineering","Engineering"
"Equipment Supplement for Research Professorship in Biomedical Proteomics","Biology"
"Materials & Consumables Supplement - Atomtronics: Nanoscale Science and Technology for Future Information and Communications","Technology"
"Equipment Supplement to Antidepressent efficacy following methylenedioxymethamphetamine-induced serotonin loss","Engineering"
"Targets of glucocorticoid-JNK signalling in 3D-mammary epithelial cell assemblies","Biology"
"Applications of Biotechnology to Oxidative Biotransformations of Aromatic Substrates: Utilisation and Toxicity of Bioproducts","Technology"
"Integrated Analysis of Systems of Systems","Technology"
"General Supplement to A Molecular Genetic Approach to Elucidate Brain Wiring Mechanism in Mouse","Biology"
"Software-Systems Requirements Engineering Centre (S2 REC)","Engineering"
"Development of a rapid transepithelial in vitro model that can be applied to monitor bioavailability of phytochemicals in biotechnologically enhanced novel functional and conventional foods.","Chemistry"
"Supplement to Characterization of new genes associated with cellular transformation and IGF-I Receptor function","Biology"
"CHAINS: CHAracterizing INdividual Speakers: Basic and Applied Research on Speaker Identity","Technology"
"CSET Diabetes Initiative","Others"
"Superquenching in luminescent polymers for biomolecule detection","Chemistry"
"Dilute ferromagnetic oxide multilayered structures","Physics"
"General Supplement - Applications of Carbon Nanotubes in Electronic and Optoelectronic Devices","Engineering"
"Investigation of collaborative reinforcement learning as a co-ordination model for sentient objects","Education"
"Characterisation of a cold atomic source for use in quantum engineering.","Engineering"
"Synthesis of castanospermine analogues","Chemistry"
"Effect of plasma treatment on cellular response","Physics"
"Examination of fibulin-4 proteolysis in vitro","Others"
"Characterising regulators of cone photoreceptor gene expression","Biology"
"From allenes to tetracenes:  electroluminescent organometallic materials.","Others"
"Pathobiochemical role of excitation-contraction uncoupling in the age-related decline of skeletal muscle mass and strength using proteomic subproteomic and intraproteomic analysis","Biology"
"Two-Quantum Refractive Index Engineering and Poling of Fused Silica","Engineering"
"Analysis and Modeling Technologies for Low-Noise RF and Microwave Oscillators","Mathematics"
"Strained Si Technology for Advanced Low Power CMOS Integrated Circuit Technology)","Technology"
"A computational efficiency analysis of a range of iterative methods for the solution of Navier Stokes Equations.","Technology"
"Growth and characterisation of magnetic semiconductor oxides.","Physics"
"Generation of a novel Scc1 allele","Biology"
"Impact of telomere mutations on vertebrate cells","Biology"
"Growth of room temperature conducting ferromagnetic semiconductor electrodes for spintronic applications.","Physics"
"Determination of the effect of the SFV vector on a squamous cell carcinoma cell line","Biology"
"The study of hydrogenophilic acetogens (homoacetogens) in anaerobic sludge: in-reactor studies of the role of homoacetogens.","Technology"
"Construction of mutants to elucidate the interplay between novel regulators of iron responsive genes in Sinorhizobium meliloti.","Biology"
"Proteomic analysis of cellular extracts","Biology"
"SELDI analysis of cell culture supernatants","Biology"
"Control of structure and reactivity in the aromatisation of oxidative metabolites of benzene substrates","Others"
"Synthesis and characterisation of Si/CdTe/X (X= Bi and Co) and Si/Au/Bi thin films","Chemistry"
"Biological effects of magnetic fields","Physics"
"Growth  and characterisation of magnetic semiconductors","Physics"
"Physics and applications of semiconductor lasers and LEDs","Physics"
"The importance of lasers & optics in  communications technologies","Physics"
"The immune system and leukaemia","Biology"
"The immune system and leukaemia","Biology"
"Development of opaline photonic materials","Physics"
"Bacterial-host interactions in cystic fibrosis","Biology"
"How viruses avoid the immune system","Biology"
"Examining genes involved in drug resistance of the yeast Candida","Biology"
"Live cell imaging of lung cell transformation when deprived of oxygen","Biology"
"Desiccation tolerance genes in nematode worms","Biology"
"Star Supplement","Others"
"Sentient computing","Technology"
"Extreme ultra-violet light source development","Engineering"
"Developing a real-time pH sensor for clinical use","Biology"
"Symmetry in the electronic structure of fullerenes","Others"
"Computational analysis of synaptic events","Technology"
"Modelling flux control in the nerve terminal","Mathematics"
"Platelet releasate effects on leukocyte-endothelial cell interactions","Biology"
"Identification of specific genes in bacteria-infecting viruses","Biology"
"Immunological investigation of the tail structure of a lactococcal bacteriophage","Biology"
"A bioinformatics approach to phage genomics and comparative analysis","Biology"
"Genetics of Alzheimers disease","Biology"
"Exploring the expression of programmed cell death (apoptosis) regulating proteins in the eye","Biology"
"Membrane protein production purification structural  and functional analysis","Biology"
"Membrane protein production purification structural  and functional analysis","Biology"
"Evaluating a cell line as a lung injury model","Biology"
"Developing novel therapeutics for jaundice","Biology"
"Development of 3-D medical imaging technologies","Biology"
"Atom trapping and applications in future","Technology"
"ZnO nanowire templates for binding chemical agents - towards efficient white light emitters","Chemistry"
"Cell imaging in cancer research","Biology"
"Generating various tissues from adult stem cells","Biology"
"Developing a novel vector for gene therapy","Biology"
"Using reporter genes to evaluate insulin sensitising compounds","Chemistry"
"Examining genes involved in insulin sensitivity","Biology"
"Design fabrication and testing of a diagnostic biochip","Engineering"
"Web-based interactive tests to evaluate  memory-related brain activity","Biology"
"Gene expression and silencing in cells","Biology"
"DNA microarrays as probes for gene expression","Biology"
"Tuneable lasers in communications technology","Physics"
"Analysis and display of geographic spatial data","Technology"
"Analysis and display of geographic spatial data","Technology"
"Properties of neurons from genetically modified mice - towards understanding brain injury","Biology"
"Modelling programmed cell death","Biology"
"Modelling programmed cell death","Biology"
"New drugs to control brain channelopathies","Biology"
"Investigation of substrate specificity of BphK from Burkholderia LB400 using a ferric thiocyanate colorimetric assay to identify a novel substrate with biological significance in PCB degradation.","Biology"
"computer modelling  for rational drug discovery","Technology"
"Systematic profiling of proteins in platelet compartments: identification of signals and effectors of platelet activation.","Biology"
"Using open source software to create a business process friendly language","Technology"
"Using open source software to create a business process friendly language","Technology"
"Observations of the new X-ray transient IGR J00291+5934","Others"
"Ultra high resolution imaging of active galactic nuclei","Physics"
"Investigating compact regions in active galactic nuclei with coordinated optical and radio measurements.","Physics"
"Quantifying specific enzymes in plants","Biology"
"Development of PrPsc specific human antibodies to analyse conformational structures of Scrapie strains in TSE","Technology"
"Development of PrPsc specific human antibodies to analyse conformational structures of Scrapie strains in TSE","Technology"
"Synthesis of novel compounds for evaluation as ligands","Chemistry"
"Conditional Transgenics and Cell Biology of Prion Disease","Biology"
"Synthesis characterisation and oral delivery of novel PEGylated salmon calcitonin conjugates for treatment of osteoporosis","Chemistry"
"Synthesising and investigating the properties of porphyrins","Chemistry"
"Nonplanar tetra-meso-subsituted porphyrins with mixed distortion modes","Others"
"Synthesis and testing of photosensitisers for photodynamic cancer therapy and indication","Chemistry"
"Regulation of papillomavirus gene expression in cervical carcinogenesis: significance to pathogenesis and development of diagnostic and therapeutic agents.","Biology"
"Factors involved in cell viability","Biology"
"A new method to detect functionally and structurally important peptide regions in proteins","Biology"
"Computational analysis of intra and inter-molecular co-variation in key cellular proteins.","Technology"
"UCDs Self-Assessment of Participation of Women in Science Engineering Research and Research Management","Engineering"
"Women in Research at DKIT - A Self Assessment Study of Female Involvement in Science Engineering and Technology Research at Dundalk Institute of Technology","Engineering"
"Assessment of Female Participation in Research and Research Management in the Faculties of Engineering and Science and related disciplines in the Dublin Institute of Technology","Engineering"
"Women in Science and Engineering - supporting the next generation in DCU","Engineering"
"Assessment of supports and barriers for female researchers in Science Engineering and Technology within the UL","Engineering"
"Self-Assessment of Women in Research Activities and Research Management in LIT","Technology"
"Self-assessment of Womens Participation in Science and Engineering Research and Research Management in 2005 in the Institute of Technology Tallaght","Engineering"
"A Self Assessment of the Participation of Women in Science Engineering and Technology Disciplines","Engineering"
"Assessment of womens participation in science and engineering research and research management at NUIG","Engineering"
"Promoting Women in Science and Engineering Research in Trinity: WISER-T","Engineering"
"Quantification and Evaluation of Female Research Activity within Cork Institute of Technology.","Technology"
"Chlorine-36 systematics in karst systems and the precise delineation of solar-forced palaeoclimate events in late-Glacial/Holocene mid-latitude speleothems","Technology"
"Programme for the encouragement and training of undergraduate students to pursue careers in infectious disease research","Biology"
"Collections based Biology in Dublin","Biology"
"SURF BioNET - (Summer Undergraduate Research Fellowship in a BIOmedical Research NETwork)","Biology"
"FOCAS on Education in Advanced Techniques and Research Expertise (FEATURE)","Education"
"UREKA Site - Trinity College Sami Nasr Institute for Advanced Materials in ICT","Technology"
"Developing a prototype MMR vaccine","Biology"
"Developing biosensors for neurochemical analysis","Chemistry"
"Algorithm animation for data-structuring operations in ACETT","Technology"
"Worst-case time estimates for ACETT programs.","Others"
"Development of a nonoparticle based metal enhanced fluorescence platform.","Technology"
"Quantitative analysis of solid mixtures using Raman spectroscopy and Chemometrics","Physics"
"Cloning and expression of a novel gene in breast cancer","Biology"
"Analysis of expression levels and localisation patterns of Rab11 and Rab11-FIP protein isoforms in various human cancer cell lines","Biology"
"Morphogeneis of the face: 3D modelling of Wnt pathway gene expression patterns during development of the facial region of the mouse embryo","Technology"
"Can age-related upregulation of microglial activation in the cortex of aged rats be modulated by EPA and/or rosiglitazone","Policy"
"Functional genomics of a signalling and regulation network involved in the virulence of a bacterial pathogen","Biology"
"Does fluoxetine potentiate methylenedioxymethamphetamine (MDMA Ecstasy) induced serotonin nerve terminal loss","Biology"
"Regulation of 2-adrenoceptor expression and function on glial cells by inflamatory cytokines: relevance to multiple sclerosis.","Policy"
"Regulation of amyloid-induced microglial activation by noradrenaline.","Policy"
"Nutrient effects on antibiotic production by Streptomyces viridogenes","Biology"
"Dry life: the characterisation of anhydrobiotic genes in the nematode Panagrolaimus sp.","Biology"
"Epigenetics of parthenogenetic reproduction using apomitic nematodes","Biology"
"Enhanced leaf methionine production through extension of the plastidial Rubisco large subunit gene","Biology"
"The study of hydrogenophilic acetogens (homoacetogens) in anaerobic sludge: in-reactor studies of the role of homoacetogens.","Technology"
"Investigation of the effect of environmental stimuli on production of the inhibitor component of a recently described bacterial toxin anti-toxin pair.","Biology"
"Characterisation of newly identified bacterial toxin anti-toxin pair.","Biology"
"Functional genomic approaches to elucidate novel bacterial genes modulating mircobial-host interactions.","Biology"
"Time-resolved NIR luminescence spectroscopy of solvated electrons in solid xenon.","Physics"
"Investigating sub-cellular localisation of fluorscent protein-tagged ceramidases in arabidopsis protoplasts","Biology"
"Microarray and qRT-PCR validation studies of gene expression in trypanotolerant and trypanosusceptible cattle experimentally infected with trypanosomes","Biology"
"Study of gene expression in peripheral blood mononuclear cells from cattle infected with bovine tuberculosis","Biology"
"Applications of CAD software tools for the terahertz waveband and the development of a dual-modality medical imaging facility.","Technology"
"Quantum genetic algorithm for spin systems","Physics"
"Electron wave propoagation in semiconductor alloys","Physics"
"Peptide mimics of nitrile hydratases:  crystallographic and mechanistic studies.","Biology"
"Peptide mimics of nitrile hydratases:  crystallographic and mechanistic studies.","Biology"
"Improving quantitative atomic force microscope measurements","Physics"
"Establishing in ovo electroporation to introduce DNA into the chick embryo: a model for Wnt signal pathway interference in the developing limb","Mathematics"
"Experimental validation of a RRM scheme for QoS provisioning in IEEE 802.11e wireless LANs","Others"
"Molecular analysis of complement factor C3 binding by surface protein Sas I of Staphylococcus aureus","Chemistry"
"Vector contruction for silencing the sphingosine transfer protein in plants using RNA interference.","Biology"
"New approaches to high frequency non-linear active semiconductor device modelling","Engineering"
"shRNA-based suppression of photoreceptor genes in retinal explants","Biology"
"MESH networking","Technology"
"Archival observations of the black hole binary GRO J0422+32","Others"
"Cannabinoids and p53 signalling in the brain.","Biology"
"A chemical re-investigation of the Mourne Mountains","Chemistry"
"Equipment Supplement - Genetic analysis of synaptic signalling mechanisms in Drosophila and their roles in function and plasticity of the brain.","Biology"
"SFI Research Professorship - Programme in BioMEMS (Biomedical Micro-Electro-Mechanical Systems)","Biology"
"Silicon on Insulator Nanostructures","Others"
"An automated drilling process for critical surgical procedures based on advanced digital acoustic analysis and motor control techniques so as to enhance procedure safety and reliability.","Technology"
"Palynological correlation of  Mississippian (Carboniferous) stage boundaries in Western Europe and the USA","Others"
"Evaluation of sentient object middleware for sensor networks","Technology"
"Growth hormone polymorphism and early embryo development","Technology"
"Effects of progesterone on early embryo development","Technology"
"Calis[4]arenes and homooxacalix[3]arenes as receptors for the selective sensing of biologically active ions","Biology"
"Application of Co-doped ZnO films in multilayer devices","Engineering"
"Epigenetics of gene dosage","Biology"
"Anaerobic granular and synthetic biofilms for new low temperature bioreactor applications: formation growth and eco-engineering.","Engineering"
"SFI Research Professor of Software Engineering - Supporting Service-Oriented SoftwareDevelopment","Technology"
"Tissue Engineering for Repair of Spinal Cord Injury","Engineering"
"CdTe quantum dots for luminescent labelling of cells and for nanophotonic devices base on photonic methods","Physics"
"The use of pyrrolo-15-benzoxapines as powerful probes to dissect components of apoptotic cell death signalling and their development as anti-cancer therapeutics","Biology"
"The molecular mechanisms of CD44-mediated T cell migration","Chemistry"
"X-ray Crystallographic Studies of Poxvirus-mediated Antagonism of TLR signaling","Biology"
"K7R: a novel vaccinia virus protein that targets mammalian intracellular proteins to modulate host gene expression","Biology"
"Role of CD1d isoforms and reactive cells in regulating immune responses to malignancy","Biology"
"The role of CD1d-restricted natural killer T cells in dendritic cell maturation and differentiation","Technology"
"The role of the transcriptional co-regulator CITED1 in the developing mouse mammary gland","Others"
"Cooperation of DNA Polymerase alpha-Primase and Replication Protein A to Initiate Eukaryotic DNA Replication","Chemistry"
"Identification of meiotic substrates and regulators of the Polo-like kinase Cdc5","Others"
"IGF-I/Insulin-mediated regulation of the mitochondrial carrier protein family in metabolism and disease","Biology"
"The investigation of the catechol-O-methyltransferase mutant mouse following exposure to cannabis during adolescence; a model for a gene-environment interaction and increased vulnerability to schizophrenia.","Technology"
"Elucidating the cellular mechanisms of Diabetic Nephropathy using Connective Tissue Growth Factor (CTGF) promoter mediated gene expression and deletion in mice","Biology"
"Identification of markers of plaque rupture","Others"
"Construction and development of novel and improved Semliki Forest virus vectors for RNA-based transient gene therapy","Biology"
"Characterisation of serotonin transporter-associated protein complexes in lipid microdomains - a proteomics approach","Biology"
"Exploration of methods to provide sustained expression of TRH peptide in a target tissue and investigation of the neuroprotective properties of TRH","Biology"
"Neural stem cells in growth and repair of the central nervous system","Biology"
"Genetic modification of the human derived probiotic Lactobacillus salivariusUCC118 to achieve biologically contained transforming growth factor-beta producing commensal bacteria suitable for medical applications.","Biology"
"Inhibitor-of-Apoptosis-Proteins in cancer therapy and tumor progression: A molecular analysis","Chemistry"
"Notch dependent regulation of human vascular smooth muscle cell fate - the role of CBF-1/RBP-Jk dependent and independet signalling pathways in response to biomechanical activation.","Biology"
"New controllable capacity materials for ion analysis","Technology"
"Supramolecular Photonic Therapeutic Agents;  pH Responsive Anti-Cancer Drugs","Physics"
"Ab initio modelling of supported CeO2 thin films","Mathematics"
"Changes in the Oxidising Capacity of the Troposphere due to the Reactions of Ozone with Unsaturated Organic Compounds.","Chemistry"
"Investigation into highly potent and selective inhibitors of human butyrylcholinesterase","Technology"
"The preparation of size controlled and monodispersed nanodimensioned fluoritic oxide particles and characterisation of these to study size effects","Technology"
"Antibacterial peptide prodrugs to combat bacterial resistance to beta-lactam antibiotics","Biology"
"Organometallic molecular fragments as electronic charge control agents; the stabilisation of transient short-lived species.","Chemistry"
"The Preparation of Novel Tri- and Tetradentate Oxazoline-containing Ligands For Asymmetric Catalysis","Chemistry"
"Ligands Engaged in Geometric Organisation (LEGO): The Modular Synthesis of Porous Metal-Organic Frameworks","Chemistry"
"Molecular Wired Nanojunctions : Room Temperature Single Electron Transistors","Chemistry"
"Effects of Nitrogen on Properties and Crystallisation of Novel M-SiAlPON Glasses and their Potential as Optical Devices or Biomedical Materials","Physics"
"From pi-pi Stacking to Discotic Liquid Crystal: the Aggregating Properties of Nitrogen Heterosuperbenzenes","Others"
"Towards the development of novel therapeutics: The Targeting sequence-recognition of DNA by small heterocyclic polyamide naphthalimides and naphthalidiimides conjugates","Biology"
"Self-Assembled Photonic structures SAPHO","Physics"
"Carbon Nanotube Organometallics","Others"
"Magnetic iron oxide nanowires","Physics"
"Synthesis and Pharmacological Evalution of Compounds Related to the Pseudopterosin Family of Anti-Inflammatory Natural Products","Chemistry"
"Decoding cis-regulatory Modules in Human DNA Using Artificial Intelligence Techniques","Biology"
"Recognition of Irish Sign Language from Real-time Video","Others"
"Accounting for Dynamically Composed Services","Technology"
"Explaining Case Base Maintenance","Others"
"Learning potential folding pathways in proteins","Education"
"Development of a computational model for the description of the shape texture and dynamics of facial expression.","Technology"
"Practical Computer Programming in ACETT","Technology"
"Robust Power Control with Guaranteed Quality of Service for Wireless Networks: New Tools for Certifiable Worst Case Performance Assessment","Technology"
"SYNTHESISING CONSISTENT INSTRUMENT AND VOICE SOUNDS USING PHYSICALLY INFORMED SPECTRAL MODELS AND EVOLUTIONARY LEARNING","Education"
"Adaptive colour-texture discriminators for robust image segmentation","Others"
"Towards a foundations for pervasive computing","Technology"
"Domain-Specific Aspect-Oriented Programming for Ubiquitous Computing","Technology"
"(WSN-SPDV) Wireless Sensor Networks - Security Protocol Design and Verification","Technology"
"Evolution of a complex receptor and of genomic imprinting.","Biology"
"Functional evolutionary genomics of Arabidopsis orphan genes subject to positive or strong purifying selection","Biology"
"Evolution of competitive killing in parasitic nematodes","Others"
"An investigation into the acquisition of surprising novelty in microbes:  comparison of the nucleotide substitution versus the gene acquisition paradigms.","Technology"
"SECONDARY ORGANIC AEROSOL FORMATION FROM THE ATMOSPHERIC OXIDATION OF AROMATIC COMPOUNDS: A COMBINED LABORATORY AND FIELD APPROACH","Chemistry"
"The worm turns: unravelling the relationship between a nematode macroparasite and its insect hosts","Others"
"The aquatic-terrestrial ecotone; a neglected component of riverine invertebrate diversity in Ireland","Others"
"Isotopic and molecular studies on earthworm-microorganism interactions","Chemistry"
"The impact of nutrient enrichment on salmonid ecology in Irish streams.","Others"
"Does the diversity of primary producers affect the structure and function of animal and microbial  decomposer communities - A study using a novel experimental approach.","Biology"
"Distribution dynamics and ecophysiology of Crenarchaeota in anaerobic wastewater treatment biofilms","Biology"
"Tissue Engineered Cardiac Muscle: A Functional Biomaterials Approach","Engineering"
"A New Approach to Nanoelectronics: Electrically Configurable Circuits from Stochastically Arranged Nanocomponents","Engineering"
"Efficient wide band analysis of electromagnetic and acoustic wave-scattering problems","Physics"
"Development of  Nanoscale Mechanical Testing and its Application to Advanced Electrodeposited Metallization","Engineering"
"Particle engineering for targeted drug delivery to areas of inflammation in the lungs.","Engineering"
"THz wave generation from passively mode-locked semiconductor laser","Physics"
"Amorphous Metal Oxide Nanomembranes for CO2 Recovery at High Temperatures","Others"
"Far-field imaging below the diffraction limit: Novel technique imaging nanoparticle plasmon waveguides advancing the resolution limits in confocal microscopy","Physics"
"Controlled Drug Release from pH-sensitive Hydrogels: Experimental and Simulation Studies","Others"
"The prediction and identification problems for hysteretic multi-phase flow through porous media - an exploration of methods using a simple differential equation with hysteresis (Preisach operator)","Technology"
"Optimisation of electrode arrays for electroporation driven gene and drug delivery in-vitro and in-vivo","Biology"
"Freak waves on ocean currents","Others"
"Next Generation Noninvasive Optical Brain Computer Interface (BCI)new paragraph","Physics"
"Automated patient-specific computer simulations of the biomechanical performance of medical implants","Biology"
"Fast and Accurate Algortithms for the Simulation of Optical Signal Processing Systems","Physics"
"Molecular analysis of sialic acid metabolism genes (nan-nag) confined to Vibrio cholerae pathogenic isolatesnew paragraph","Chemistry"
"The role of IGF signals in the establishment and function of early signalling centres in the vertebrate embryo. new paragraphnew paragraph","Others"
"The influence of bile tolerance on the pathogenesis and immunogenicity of Listeria monocytogenes","Biology"
"A matter of size: an investigation of the mechanisms controlling vegetative shoot organ size in the model plant Arabidopsis thaliana","Technology"
"Applying Transgenic Zebrafish Technology to Characterise In Vivo the Molecular Regulators of Cone Photoreceptor Specification.","Chemistry"
"Dynamics of DNA double-strand break repair and the role of the vertebrate cohesin complex at an inducible break","Biology"
"Structure-function insights into flagellar protein export from a small-genome bacterium","Biology"
"An investigation into the activation and composition of the B regulon in the human pathogen Listeria monocytogenes.","Biology"
"A Molecular Investigation into the Population Dynamics and Conservation Status of the Worlds Smallest Mammal Craseonycteris thonglongyai","Chemistry"
"Fine-mapping and identification of the mutation responsible for inherited ovine arthrogryposis multiplex congenita (AMC): development of an animal model for human AMC.","Technology"
"Time-resolved fluorescence spectroscopic analysis of petroleum oils and hydrocarbon bearing fluid inclusions.","Technology"
"Geochemical impacts of microbial activity on mineral weathering reactions","Chemistry"
"Character and impact of faults propagating through soft sediment to displace the deep seafloor","Others"
"The Role of Crustal Flow in the Rift Relocation Process at Iceland","Engineering"
"Time-reversal symmetries of dynamical systems a.k.a. compositions of two involutions.","Technology"
"Computing in linear groups","Technology"
"Diophantine approximation on manifolds","Others"
"Dispersion of samples in lab-on-a-chip microfluidic devicesnew paragraph","Engineering"
"Stochastic functional differential equations with long memory","Mathematics"
"Involutions in the representation theory of groups","Mathematics"
"Geometric Interpretations of the Witt Ring of a Field","Others"
"Vertex Operator Algebras on Genus Two Riemann Surfaces","Mathematics"
"Jordan and complex analytic methods for operator spaces","Technology"
"On Background Indenepndence in String Theory","Mathematics"
"Characterizing the possible spectra of (entrywise) nonnegative matrices","Others"
"Advanced Statistical Methods for Palaeoclimate Reconstruction","Technology"
"GENERATION AND DETECTION OF LOW-FREQUENCY GRAVITATIONAL WAVES","Biology"
"Use of Power-Ultrasound in the Acceleration of Ice Nucleation and Control of Ice Crystal Distribution during Freezing of Foods","Others"
"Surface tension versus inertia in the dynamics of rivulet instability and droplet formation.","Others"
"SPIN CURRENTS IN STRONGLY CORRELATED ELECTRON SYSTEMS","Physics"
"Nanoscale magnetism in atomic wires protected by capping layers","Physics"
"Dynamic Arrest versus Crystallization","Others"
"Gamma Ray Bursts and environmental conditions in the furthest galaxies ever","Others"
"Development of a photon counting high time resolution Stokes polarimeter for astronomical observation on future large telescopes and for optical science.","Physics"
"Characterisation and verification of the optical system for theAtacama Large Millimeter Array Channel 9.","Physics"
"Probing the smallest-scale structures in quasar jets using high time resolution photometry","Others"
"Particle transport and acceleration in relativistic astrophysical jets; from microquasars to quasars.","Others"
"Advanced methods for quantum transport in molecular devices","Engineering"
"Engineering the properties of dilute nitride semiconductor heterostructures.","Engineering"
"Dynamics of the magnetization of single domain ferromagnetic particles including macroscopic quantum tunneling","Physics"
"Industrial Supplement - Construction & Development of a new prototype measles-mumps-rubella vaccine based on recombinant RNA","Biology"
"Role of Progenitor Cells in Biology and Treatment of Atherosclerosis","Biology"
"Probabilistic Solutions to the Problem of Computerised Translation","Technology"
"The fate molecular transitions and influence on climate change of Terrestrial Organic Carbon in coastal sediments.","Chemistry"
"Towards understanding Archean tectonic processes through electromagnetic imaging","Engineering"
"Control of endogenous analgesia by the brain endocannabinoid system: sites and mechanisms of action","Biology"
"Time-frequency/time-scale analysis sparse signal representation theory and finite field theory for signal processing applications","Engineering"
"Industrial Supplement  for underlying grant titled Impact of hypoxia on cAMP-dependent pro-inflammatory gene expression in epithelial cells","Biology"
"Genomic analysis of Vibrio vulnificus: Identification of genomic islands that mark pathogenic clones","Biology"
"Intestinal epithelial damage repair and carcinogenesis","Biology"
"CSET BDI: Centre for Future Diagnostics & Health (CFDH) renamed Biodmedical Diagnostics Institute","Biology"
"High Dielectric Constant Materials for Future ICT","Technology"
"A new class of chiral organocatalyst for asymmetric reactions involving acyl anion equivalents","Chemistry"
"Utility-Based Models for Terminal-Oriented Handover in Heterogeneous Wireless Networks","Technology"
"Gene gains losses and relocations during vertebrate evolution","Biology"
"Supplement - In situ Transmission Electron Microscopy Characterisation of Microstructural Evolution in Electrodeposited Copper Metalization for Microelectronic Components of ICT systems","Technology"
"CSET ISERC: Irish Software Engineering Research Centre (ISERC)","Engineering"
"The role and regulation of bacterial capsular polysaccharide in the pathogenesis of Campylobacter infection","Biology"
"Interoperability of geographic Information: The Spatial Web","Technology"
"Q-base; an essential nutrient for tyrosine biosynthesis.  Implications for the disease phenylketonuria and transfers RNA biology","Biology"
"Characterization of the proteome and transcriptome of Leptospira during acute and chronic infection.","Biology"
"Topological Phases and Topological Quantum Computation","Technology"
"Design Methodology for Next-Generation Fractional-N Frequency Synthesizers","Engineering"
"Molecular investigation of host and parasite-encoded factors involved in viral entry into Gram-positive bacteria","Chemistry"
"General Supplement","Biology"
"General Supplement","Biology"
"General Supplement","Biology"
"General Supplement","Biology"
"General Supplement","Biology"
"General Supplement","Biology"
"General Supplement","Biology"
"General Supplement","Biology"
"General Supplement","Biology"
"General Supplement","Biology"
"General Supplement","Biology"
"General Supplement","Biology"
"General Supplement","Biology"
"General Supplement","Biology"
"General Supplement","Biology"
"Tyndall National Institute: National Access Programme (Year 2)","Policy"
"Tyndall National Institute: Capital Programme Year 2","Policy"
"A National Centre for High-End Computing","Technology"
"A National Centre for High-End Computing","Technology"
"General Supplement","Biology"
"General Supplement","Biology"
"General Supplement","Biology"
"General Supplement","Biology"
"General Supplement","Biology"
"General Supplement","Biology"
"General Supplement","Biology"
"General Supplement","Biology"
"General Supplement","Biology"
"General Supplement","Biology"
"General Supplement","Biology"
"General Supplement","Biology"
"General Supplement","Biology"
"NA","Others"
"Systems and Algorithms for protein identification and quantification","Technology"
"Pharmacophore linkage of oligopeptide motifs to drugs","Biology"
"Systems Biology Stage 11: From pathway modelling to an integrated systems biology infrastructure","Engineering"
"Microfabricated Separation Based Sensors for Biotechnology Applications","Technology"
"Irish Population Genomics: A Foundation for Pharmacogenomic and Complex Disease Research","Biology"
"International Conference on Common Molecular Mechanisms of Mammary Gland Development and Breast Cancer Progression","Policy"
"Investigation of optical feedback into photonic bandgap devices","Physics"
"SMART: Simulation and Modelling techniques for Application in Radio frequency Technology","Technology"
"The interaction of Helicobacter pylori with trefoil peptides and the gastric mucus layer - a model system for the study of mucus interacting pathogens","Biology"
"Mediators and regulators of ER stress induced apoptosis","Others"
"Functional characteristics of Rab11 and the Class I Rab11-FIPs in endosomal trafficking and cancer","Biology"
"Purification and proteomic characterisation of lipid raft-associated serotonin transporter complexes from blood platelets","Biology"
"Assembly of centromeric chromatin and gene silencing comparments","Biology"
"Microfabricated analytical systems for bioanalysis","Technology"
"Ferroic Nano-Structures for Data Storage Applications: Fundamentals of Recording Media and Transducer","Technology"
"Development of techniques for biomechanical measurement of valvular regions in the luminal organs of the gastrointestinal tract","Engineering"
"Development of algorithms to post-process measurement data for ADC test and verification","Technology"
"CSET Supplement for CRANN : Development of a transparent flexible highly conductive CNT/polymer composite thin film technology.","Chemistry"
"Synthesis of castanospermine analogues for evaluation as angiogenesis inhibitors","Chemistry"
"Full length cloning of differentially expressed transcripts from biopharmaceutical producation cell lines","Biology"
"Institute Development Award","Technology"
"Institute Development Award","Technology"
"Institute Development Award","Technology"
"Nanoscale Interfaces and Spin Electronics","Physics"
"Regulation of endoplasmic reticulum (ER) stress-induced apoptosis and unfolded protein response (UPR) by Bcl-2 family members","Policy"
"Novel Agents for Photodynamic Therapy-Based Treatment of Cancer: Pre-Clinical and Mechanistic Studies","Biology"
"The role of mitochondria in signalling pathways activated in neuronal cell hypoxia.","Biology"
"Rational design of dual targetting anticancer agents - novel ligands for HSP90 and Tubulin","Engineering"
"Understanding factors that influence lymphocyte and virus trafficking at the blood-brain barrier in early lentiviral infections; fundamental issues in the development of therapeutic strategies for CNS infection.","Biology"
"Endoplasmic reticulum stress as a component of ischemia-induced oligodendrocyte death.","Others"
"Enantioselective Carbolithiation Cascade Reactions","Chemistry"
"Combinatorial Photochemistry - A new tool in drug development","Chemistry"
"The development of an automated in vitro screening system for detection of endocrine disrupting potential on reproductive and cognitive function.","Technology"
"Surface Plasmon Excited Nanolight Sources","Others"
"Molecular dissection of the sphingolipid-signalling system in stomatal guard cells of Arabidopsis thaliana","Chemistry"
"Development of a nuclear magnetic resonance imaging technique for the accurate detection and quantification of tissue sodium concentration in animal models of disease.","Physics"
"The determination of charge state energy and angular distributions of ions emitted from laser produced plasma based EUV sources.","Physics"
"Advanced nanowire-polymer composites for efficient solar energy harvesting","Chemistry"
"Empirical exploration of timing in ACETT","Others"
"Studies of the function of presenilin proteins and Alzheimers disease","Biology"
"Galaxy Formation and Evolution in the Early Universe:  the Kinematic and Dynamic Structure of Galactic Outflows","Others"
"Identification of unique signaling-protein interactions with mucin adhesion receptors for the development of novel anti-thrombotic and anti-inflammatory therapeutics.","Biology"
"Genetic screens for cone photoreceptor determinants","Biology"
"Immunohistochemical analysis of site directed neuronal injury in organotypic hippocampal slices following ischemia","Biology"
"New nanostructures for biosensing","Others"
"Iterative solver change and associated computational efficiency analysis","Technology"
"Observing Neutron stars and Black Holes from the Classroom","Others"
"Pathogenic mechanisms of Leptospirosis","Biology"
"Current Induced magnetisation switching in GMR nano-pillar with perpendicular magnetisation","Others"
"Supplement to The Function of Nanoscale Complex Systems","Physics"
"Photonic Opaline Systems","Physics"
"Modelling mitochondrial function in the nerve terminal","Mathematics"
"Optics for Terahertz technology: Application in medical imaging and the validation of CAD software tools","Technology"
"System validation testing for computer aided design in CAD-CTC","Technology"
"Identification of virulence protein domains required for protein protein interaction","Biology"
"A major component of the CTVR outreach programme has been the development of a high impace animated television series called  The Resistors which is due to be broadcast on RTE in Oct 2006","Technology"
"Analysis of Pge-1 Regulation of Glut4 Gene Expression in Skeletal Muscle Cells","Policy"
"Application of LIVE Technologies to Neuroscience Discovery Research : Comparative studies in energy metabolism and D-serine monitoring in the brain","Biology"
"Development and testing of resource award QoS routing algorithms for IEEE 802.11 WLAN Mesh networks","Technology"
"Infinite Dimensional Complex Analysis","Technology"
"Mesenchymal Stem Cells in Tissue Regeneration","Biology"
"GST activity in GM and WT bacterial endophytes: enhancement of phtyoremidiation of chlorinated pollutants","Biology"
"Organometallic allenes: synthesis characterisation and dimerisation to tetracenes","Chemistry"
"The brown dwarf companion in the binary millisecond pulsar IGR 00291+5934","Others"
"Does BG Gem hide a Black Hole","Others"
"Observing Neutron stars and Black Holes from the Classroom","Others"
"Third China-Ireland research collaberation fund","Technology"
"Nanopharmacology in platelet research: Focus on nitric oxide & matrix metalloproteinases","Biology"
"Quantum Engineering for Quantum Information Technologies","Engineering"
"Molecular Mechanisms of Epithelial Ion Transport","Chemistry"
"PICA - Principal Investigator Career Advancement Investigation into NK cell receptor recognition of pathogen","Biology"
"Synthesis and evaluation of pH responsive anti-cancer agents","Chemistry"
"Colour texture analysis","Technology"
"Development of methods for the analysis of condon compositional anomalies in genomic data","Biology"
"Permselective cluster size distributions from molecular dynamics","Chemistry"
"Development of methodologies for studying proton transport in pH-sensitive hydrogels using molecular simulation techniques","Chemistry"
"A genetic approach to investigate the interaction between a protein disaggregase and a prion","Biology"
"Programme for the encouragement and training of undergraduate students to pursue careers in infectious disease research","Biology"
"UREKA Site - Trinity College Sami Nasr Institute for Advanced Materials in ICT","Technology"
"Photoactivated Coupling of Nanoparticle / Carbon Nanotube Multilayers and Nerve Cells","Biology"
"Towards determining the function of human sterile alpha and HEAT/armadillo motif protein (SARM) in the immune response","Biology"
"Assigning new roles to familiar proteins - the role of Btk and Ro52 in the molecular events associated with SLE","Chemistry"
"Adeno-Associated Virus as a vector for immune gene therapy of solid tumours.","Biology"
"AntiMRSA Phage therapy alternatives for controlling MRSA.","Biology"
"Targeting novel vascular progenitor cells in the treatment of pulmonary hypertension","Biology"
"Development of protease-resistant IGFBP4 as a therapy for breast cancer","Technology"
"The cardioprotective role of heat shock protein 27 (hsp27): A proteomic analysis","Biology"
"A New Route to P-Stereogenic Phosphines to provide Ligands for Catalytic Asymmetric Grignard Reactions","Chemistry"
"Conformationally Designed Tetrapyrroles for Applications in Nonlinear Optics (POR-NLO)","Engineering"
"A photophysical investigation of electron transfer and a photochemical study of photo-oxidation of guanine tetramers in DNA and in supramolecular assemblies.","Chemistry"
"Nanoparticles-luminophore conjugates - their use as biosensors and in self-assemblying nanostructured arrays","Technology"
"Stem cells in basal metazoans: the interstitial cell inventory of a marine cnidarian","Biology"
"Fine scale mapping and identification of a major coeliac disease susceptibility gene on chromosome 5q.","Biology"
"Major global climate fluctuations recorded at low latitude on the Indian Ocean margin during the Paleogene (65-24 million years ago)","Biology"
"Aggregation segregation and collective motion of swimming organisms and cells in flows","Biology"
"Molecular Nanoarchitectures: Assembly and Demonstration of Electro- and Photo-gated Electronic Functionality","Chemistry"
"Multifrequency Polarisation Observations of the Cosmic Microwave Background","Others"
"Relativistic Outflows in Active Galactic Nuclei on Scales from Tenths to Tens of Light Years","Others"
"Protecting nanowires grown on planar silicon","Others"
"Phytotechnology Ireland","Technology"
"Microbe-Host Interaction: The Molecular Dialogue","Chemistry"
"Explorations from gene to protein function","Biology"
"SPUR - Summer Programme in Undergraduate Research Biomedical research","Biology"
"DiaMonD - Diagnostics for Montoring Disease","Biology"
"FASATNET - From Atoms to Systems","Technology"
"Protein interactions with nanoparticles and in cellular signaling.","Biology"
"Characterisation of a novel player in the genetic switch of a lactococcal bacteriophage","Biology"
"Functional genomic approaches to elucidate novel bacterial gene modulating microbial-host interactions","Biology"
"Epigenetics of parthenogenetic reproduction suing apomictic nematodes","Biology"
"Role of Rmb3 in IGF-1 signalling through the mTOR pathway","Others"
"Generation of microarray & bioinformatics workflows","Biology"
"Assessment of the abiligy of b-adrenoceptor antagonists to exacerbate the neuroinflammatory response to a peripheral inflammatory challenge","Biology"
"Cloning and producation of propeptides from SpeB homologues","Biology"
"Use of surface plasmon resonance techniques to determine the affinity of specific point mutations of Spi for SpeB","Others"
"Time-resolved luminescence spectroscopy of solvated sodium anions in the solid rare gases","Physics"
"High-resolution multi-frequency studies of the complex active galactic nuclues 1749+701","Others"
"Comparison of the effect of different processing methods on carotenoid bioaccessibility from a range of vegtables","Engineering"
"Comparison of the effect of different meal combinations on carotenoid bioaccessibility from a range of vegetables","Others"
"Investigating the origin of electrically active interface states in HfO2/Si (100) structures formed by e-beam and ion assisted e-beam evaporation","Engineering"
"A new tridentate oxazoline-containing ligand for asymmetric catalysis","Chemistry"
"Hsp140 and prion propagation","Others"
"Expression & functional analysis of a novel flagellar gene from H. pylori","Technology"
"The pertology fluorescence and microthermometry of hydrocarbon bearing fluid inclusions","Physics"
"Investigation of bacterial viruses as sources of novel antibodies.","Biology"
"Design and consturction of an RF circuit for real-time differentiation between plasma chamber hardward and plasma process","Engineering"
"Isolation and characterisation of miRNA expression in CHO-K1 Cells","Biology"
"Outsourcing Software Development from Ireland","Technology"
"Enabling High Speed Optical Fibre Communication Systems","Physics"
"Effect of MDMA (Ecstasy) administration on neuroinflammation in response to a peripheral immunological challenge","Biology"
"Fluoxetine-induced 5-HT2 receptor down-regulation following MDMA (Ecstasy) - induced 5-HT nerve terminal loss","Policy"
"A study of the mechanisms underlying the toxic properties of cannabis in the central nervous system.","Technology"
"Anti-inflammatory actions of antidepressants in the CNS: A role for phospholipase A2 inhibition","Biology"
"Gene Delivery to Tumours Using Bifidobacteria","Biology"
"The reversible maps problem","Others"
"Imaging Quality of the Human eye","Physics"
"Bioinformatics of pathogenic Leptospira species","Biology"
"Mapping mobile phone coverage using GPS & GIS Technologies","Others"
"Exploring the Physics of semiconductor laser technology","Physics"
"Random mutagenesis of nisin a single peptide lantibiotic","Biology"
"Electron Quantum Waves in Semiconductors","Physics"
"Environmental screening for bacteriophages","Others"
"A Graphical Experimental workbench built on distributed computing technology","Technology"
"Carrier interaction with concentration fluctuations in semiconductor alloys","Physics"
"An introduction to erbium doping in optical fibre systems","Physics"
"Numerical solution of stochastic differential equations","Mathematics"
"Random number generatin algorithms","Technology"
"Analysis of the role of natural killer cells in inducing the age-related increase in IFN-g in brain","Biology"
"Enabling High Speed Optical Fibre Communication Systems","Physics"
"Investigation of the effect of ethanol stress on biofilm formation in a rotating disk bioreactor","Technology"
"Bioimaging of fluorescent protein-tagged sphingolipid metabolising enzymes in plants","Biology"
"Synthesis of benzothiazole ligans for the peroxisome proliferator activated receptor - d (PPAR-d)","Chemistry"
"A systematic test suite for ACETT","Technology"
"Secondary organic aerosol formation from the atmospheric oxidation of isoprene","Others"
"Sexual strategies in Steinernema nematodes","Others"
"The study or organic matter along the River Shannon","Technology"
"Creation of Lux-promoter fusions in Listeria monocytogenes to facilitate analysis of bacterial localisation and gene expression in repsonse to bile stress","Biology"
"Investigating behavioural and hypothalamo-pituitary-adrenal axis correlates of endocannabinoid-mediated fear-induced analgesia.","Biology"
"Development of a phylogenetic toolbox for analysis of genes essential to reproduction and seed development in Arabidopsis thaliana","Biology"
"The  verification of CAD software tools for terahertz optics","Technology"
"Laboratory measurements of biological tissue using terahertz imaging","Biology"
"Construction and development of a new prototype measles-mumps-rubella vaccine based on recombinant RNA","Biology"
"Modeling Protein Structural Variability","Mathematics"
"Does Bordetella pertussis generate CD8+ regulatory T cells","Biology"
"Candidate approach to centrosome phosphoprotein identification after DNA damage","Biology"
"Exploring how the viral protein E3L inhibits the human immune response.","Biology"
"The introduction and expression of DNA in the chick embyro following in ovo electroporation","Biology"
"Time-dependent electron transport in nanostructures","Others"
"Calculation of the phonon spectrum of MoSI nanotube bundles","Others"
"Optimisation of enzyme kinetics on biosensor surfaces","Biology"
"Outsourcing Software Development from Ireland","Technology"
"Portolio analysis using the method of minimal spanning trees","Technology"
"Modification of thin organic interlayers fo the current-voltage characteristics of inorganic semiconductor-metal Schottky diode interfaces","Physics"
"Exploring the ancient RNA world for substrates of guanine transglycoslyase enzymes","Biology"
"Synthetic studies on the pseudopterosins","Others"
"Jordan and comples analytical methods for operator spaces","Technology"
"Using RT-PCR to examine changes in expression of BDNF and its receptor in consolidation of recognition memory in the rat hippocampus","Biology"
"Web-based interactive tests of social behaviour emotion and cognition and an illustration of their impairment in autism.","Technology"
"Deriving a spatial Decision Support System for Investigating the Location of Surnames in Ireland","Technology"
"Experimental study of flow-noise interaction during acoustic resonance of two inline clyinders in a duct","Technology"
"Air jet cooling of brake discs","Others"
"Transglutaminase crosslinking of collagen-GAG scaffolds","Others"
"Cell death controlled by inhibitor of apoptossi proteins (IAPs): characterisation of post-mitotic neuronal cells and IAP overexressing cancer cells","Biology"
"Web-based interactive tests of social behaviour emotion and cognition and an illustration of their impairment in autism.","Technology"
"The function of Nanoscale Complex Systems","Physics"
"Functional divergence of mammalian caspases","Others"
"Investigation of bone marrow cell-to-lung cell differentiation using proteomics techniques","Biology"
"Gene expression in developmentally competent and incompetent bovine embryos","Technology"
"Measuring the variation in intensity from a laser produced plasma with viewing angle and with illumination geometry.","Physics"
"Investigation of bone marrow cell-to-lung cell differentiation using real-time PCR","Biology"
"Towards novel methods of pest management - detecing salivary proteins in aphid excreta","Biology"
"Research into Novel Airborne Image Mapping Methodologies","Technology"
"Multilayer structures from dilute ferromagnetic oxides","Physics"
"Characterisation and patterning of ITO thin films","Others"
"Synthesis and coordination behaviour of N-confused prophyrins with mixed distortion modes","Chemistry"
"Dehydrogenases: Biocatalysis and Folding","Chemistry"
"Thermal and quantum effects in heterogeneous nanoscale spintronic systems","Physics"
"The role of Brutons Tyrosine Kinase (Btk) and Ro52 in driving IFN responses in plasmacytoid dendritic cells in response to TLR9 specifically in the context of the autoimmune disease SLE","Biology"
"Recognition of glycolipids by human T lymphocytes","Others"
"Population genetics and phylogeography of a bumble bee host of a nematode parasite","Biology"
"Investigations into the population structure and reproductive behaviour of bottlenose dolphins on the west coast of Ireland","Technology"
"Lipobox independent lipid modification of lipoproteins in mycolic acid containing bacteria","Biology"
"MACSI (Mathematics Applications Consortium for Science and Industry)","Mathematics"
"Claude Shannon Institute for Mathematics and Communications","Mathematics"
"Investigation of the role of mitochondrial associated IHG-1 in TGF-beta signalling","Technology"
"Structural determinants of thermal sensitivity in the cold and menthol receptor TRPM8","Others"
"Tailored Adsorption of Proteins onto Mesoporous Silicates","Biology"
"The development of a novel bone graft substitute","Technology"
"An investigation of genetic pathways to mental illness: The Biogenesis of Lysosome-related Organelles Complex 1 (BLOC-1) gene family and schizophrenia.","Biology"
"Controls on sediment dispersal in the Triassic of northwest Europe: an investigation of provenance and palaeodrainage using the Pb isotopic composition of detrital K-feldspar grains.","Technology"
"Zeolite nanocomposites - a new generation of holographic recording materials","Biology"
"Global methods for examining the roles of specific proteins in mammalian cells","Biology"
"Global methods for examining the roles of specific mRNAs in human and animal cells","Biology"
"Mesenchymal Stem Cells in Osteoarthritis","Biology"
"Transport networks in nanotube-based materials","Technology"
"Use of eGFP expressing mouse cells in a neuroepithelial stem cell linleage tracing and transplantation experiment","Biology"
"Activation of programmed cell death (apoptosis) signalling in highly resistant human cancer cells with novel  chemotherapeutic drugs","Biology"
"Wireless enabled environmental data gathering system (WEEDS)","Technology"
"Linking Spatially Encoded Digital Video with Geographic Information Systems","Technology"
"A study of living neurons with frequency modulation atomic force microscopy","Physics"
"Understanding the Origins of the Common Elements: Mass-Loss from Red Giant Stars","Technology"
"An introduction to fibre optical communications systems","Physics"
"Gene expression analysis in spinal cored neuroepithelial stem cell-derived neurospheres","Biology"
"The role of chemistry in biomolecular detection","Chemistry"
"CSET Industry Supplement for Alimentary Pharmabiotic Centre (APC)","Biology"
"Investigating the action of cyclodextrins in prion disorders","Others"
"New approaches to detecting trace halogen-containing compounds in the atmosphere","Chemistry"
"The vertical aerosol distribution over Southern Ireland studied by backscatter and Raman LIDAR","Others"
"Elucidation of microorganisms mediating xenobiotic degradation in soil","Biology"
"Computational modeling of deep brain stimulation for the treatment of tremor in Parkinsons disease","Technology"
"Tagged magnetic resonance imaging (MRI) and finite element (FE) analysis for the determination of arterial and skeletal muscle tissue properties.","Physics"
"CHARACTERISATION OF THE ROLE OF TRANSCRIPTION TERMINATION IN THE CELL CYCLE REGULATION OF HISTONE mRNAs.","Policy"
"Quantification of Marine Aerosol Flux and its biological content.","Biology"
"In-Situ Spectroscopic Studies of Atomic Layer Deposition Processes","Engineering"
"CSET General Supplement for Alimentary Pharmabiotic Centre (APC)","Biology"
"Incorporating the modular static timing tool ACETT in Suns Real-Time Java Platform Mackinac","Technology"
"Incorporation of HeteroMPI into Open MPI","Others"
"Molecular level activation and gating of interfacial-protein conformations - MAGIC","Chemistry"
"Nanoscale Engineering of Position Controlled Quantum Dot Heterostructures for Quantum Communication Processing","Engineering"
"Role of the Major Histocompatability Class I Complex during mammalian preimplantation embryo development","Technology"
"PICA - Principal Investigator Career Advancement The genetics controlling the risk of atherosclerosis","Biology"
"PICA - Principal Investigator Career Advancement Surface plasmon-semiconductor nanocrystal interactions: toward nanosclae light emitting devices","Policy"
"PICA - Principal Investigator Career Advancement GUILD: Generating Urban Infrastructures from LiDAR Data","Technology"
"Regulation of urethral smooth muscle contraction and relaxation","Policy"
"Discovery of key functional genes regulating early pregnancy","Biology"
"Natural sunlight damage to human skin mitochondria its early detection characterisation and progression","Others"
"Understanding gliotoxin-mediated disruptions in astrocytic and neuronal metabolism","Biology"
"Inhibition of metalloproteinases","Biology"
"Regulation of pathogenic T cells in multiple sclerosis","Biology"
"Defining the molecular mechanism(s) underlying the anti-inflammatory effects of cannabinoids","Chemistry"
"Regulation of the Ndt80 meiosis transcription factor","Policy"
"Ex vivo generation of regulatory T cells expressing the transcription factor foxp3 for the improvement of graft survival in cornea transplantation.","Biology"
"Effects of novel titanocene analogues on DNA stability and subsequent cell death in prostate cancer cells: Pre clinical evaluation","Biology"
"Processing and plasticity in the auditory cortex","Engineering"
"Imidazoline receptor-mediated modulation of the neuroendocrine response to stress: sites and mechanisms of action","Biology"
"Identification and Characterisation of Molecular Regulators of Circadian Rhythms.","Chemistry"
"Investigation into reoxygenation specific activation of Nrf-2 and its role in protection against oxidant damage in ischemia reperfusion injury.","Technology"
"Investigation of the effect of amyloid-beta on Akt signalling in animal models of Alzheimers disease.","Biology"
"An electrochemical system for long-term real-time monitoring of dopamine neurotransmission in discrete brain regions: development and application to the pharmacology of typical and atypical neuroleptics","Chemistry"
"An investigation into the function of the hereditary spastic paraplegia protein spartin","Biology"
"The use of a recombinant viral vectors expressing TRAIL and mesenchymal stem cells in a novel therapeutic strategy for malignant colorectal cancer","Biology"
"Hippocampal output to neocortex: examination of the electrophysiological and plastic properties of subicular and CA1 projections to perirhinal and postrhinal cortices.","Others"
"Modified CDs  as novel targeted (non-toxic) prototype formulations to deliver therapeutic siRNA for  cancer therapy.","Biology"
"Molecular Recognition and Drug Design - NMR Spectroscopic and Molecular Modelling Studies of GIP and its Analogues","Engineering"
"Synthesis and evaluation of novel lanthanide ion based ribonuclease mimics: from coordination complexes to artificial metallo-enzyme structures","Chemistry"
"Prodrugs of antibiotic and antitoxin or antiinflammatory agents targeting anaerobic and enteric bacteria","Biology"
"Development of a catalytic asymmetric hetero Diels Alder reaction using acyl nitroso dienophiles","Chemistry"
"Non peptide peptidomimetics based on macrocycles derived from carbohydrates and biological evaluation.","Biology"
"A versatile new series of ligands to be used in transition metal catalysed enantioselective synthesis","Chemistry"
"Magnetic nanoparticle-supported chiral organocatalysts: A new paradigm for recyclable heterogeneous organocatalyst design","Engineering"
"Time-resolved spectroscopic studies of porphyrin tautomers isolated in low temperature solids","Others"
"Rare earth metalated silsesquioxanes as precursors for photonic materials","Physics"
"Towards the Development of a Room Temperature Molecular Electronics","Chemistry"
"Spatio-temporal aspects of nanoparticle interactions with cells","Biology"
"Engineering Hybrid Organic-Inorganic Coordination Assemblies for Hydrogen Storage and Asymmetric Catalysis","Engineering"
"Development Implementation and Validation of Statistical Techniques for Text Classification","Engineering"
"Robust High Precision Ultrasonic 3D Location for Ubiquitous Computing","Technology"
"TinyTorrents - An efficient scalable robust co-operative infrastructure providing global accessibility to local wireless sensornet information","Technology"
"A Managed Extensible Control Plane for Knowledge-Based Networking","Technology"
"Integrating Context through Annotation and Linking in Information Retrieval for Personal Information Archives","Technology"
"Applying Computational Topology to Segmentation and Analysis","Technology"
"RFP Supplement","Others"
"meta-Grammars and Grammatical Evolution for Dynamic Environments","Mathematics"
"A dynamic systems approach to Negotiated Interaction on mobile devices","Engineering"
"ECOMMET: Enhanced Computing Support for Multidisciplinary Medical Team Meetings","Technology"
"ATTEMPT: All Trees Efficient Models of Parsing and Translation","Mathematics"
"Conducting Polymers Modified with Cyclodextrins: Novel Materials in Environmental Remediation","Chemistry"
"Genomic imprinting in a novel mammalian order: The canine IGF2R","Biology"
"Exploiting a mouse model to identify the mechanistic basis of resistance/susceptibility to a major gastrointestinal (GI) nematode infection of man and livestock.","Biology"
"Low-temperature anaerobic biological treatment of raw municipal and low-strength industrial wastewater.","Biology"
"Comparative ecology of the two species of potato cyst nematodes (PCN) and its manipulation to achieve pest management","Others"
"Environmenetal stress in plants: an analysis of the roles of reactive oxygen species scavenging enzymes and calcium signalling using a novel transformed macrochloroplast system.","Biology"
"Modelling Biodiversity Change in the Irish Uplands under different management scenarios.","Mathematics"
"An investigation into the population structure and social and reproductive behaviour of bottlenose dolphins in the coastal waters of western Ireland.","Technology"
"POPULATION GENETIC CONSEQUENCES OF SEX-REVERSAL IN MARINE FISH","Biology"
"The evolution of animal segmentation: Strigamia maritima as a model system","Mathematics"
"Audio/Video Data Fusion for Convincing Telepresence","Technology"
"Analytical Method to Predict Locking Range in Injection-Locked Frequency Dividers","Technology"
"A study of the origin of and control of single photon absorption in microcavity structures","Physics"
"Next Generation Quantum Dot Materials and Devices","Engineering"
"Combined PV and cellular antenna panel for building facade integration","Biology"
"Novel Ultra-Violet Optoelectronic Devices Based on Copper Halides (CuHa) Lattice Matched to Silicon Substrates","Engineering"
"Polymer Materials for Holographic Data Storage Systems: The Non-local Photo-polymerisation Driven Diffusion Model","Chemistry"
"Biaxial nematic liquid crystal devices","Engineering"
"Fibrin Mediated Gene Transfer of Engineered Conjugates Encapsulating a Therapeutic Gene for Wound Healing Applications","Engineering"
"A fluid-structure interaction approach to the investigation of detachment from bacterial biofilms","Biology"
"Probabilistic Modelling of the Processing of Food & Pharmaceutical Powders","Engineering"
"Using Electromagnetic Fields to Probe and Influence Protein Behaviour","Physics"
"An enhanced glass-ionomer restorative: the ideal posterior filling material","Others"
"Towards better understanding and predicting blast trauma to human lungs: combined experimental-numerical study","Technology"
"Scale effects in nano-indentation fracture toughness measurements of brittle ceramics arising from crack-microstructure interactions","Others"
"Biasing switching outcomes in the Escherichia coli fim site-specific recombination system through stressinducedsupercoil destabilization (SIDD) and nucleoid associated proteins (NAPs).","Biology"
"Can plant plastids produce a candidate flu vaccine","Biology"
"IDENTIFICTION AND CHARACTERISATION OF GENETIC DETERMINANTS OF RETINAL VASCULATURE USING ZEBRAFISH.","Technology"
"Transposon Aided Capture (TRACA) of plasmids from metagenomic DNA of the gastrointestinal microbiota.","Biology"
"Analysis of 53BP1 BRCA1 and NFBD1/MDC1 in model cells","Biology"
"Multi-replicon genome architecture of Lactobacillus salivarius","Biology"
"Structural characterisation of a bacterial metabolic organelle","Biology"
"PICASSO: Program to Investigate Convective Alboran Sea System Overturn","Technology"
"Towards quantification of the time varying mechanical properties and stress state of seismogenic faults using seismic waves.","Engineering"
"An integrated approach to mapping key seabed physical properties using electromagnetic seismic and acoustic remote sensing techniques.","Physics"
"Investigation of fault system growth by distinct element modelling","Technology"
"Developing a multi-radioisotope approach to dating sedimentation","Others"
"3D discrete numerical modelling of volcano seismic source processes","Engineering"
"Deposits of thermohaline currents on slopes west of Ireland - implications for climate change","Others"
"Examining the evidence for a recent acceleration in the rate of sea level rise using combined instrumental and proxy data","Technology"
"Combinatorial methods for data visualization","Technology"
"Globalization and the strategic behaviour of multinational firms.","Policy"
"Geometry of Real Submanifolds in Complex Spaces and their Equivalence Problem","Mathematics"
"The Change-Point Problem in Regression","Others"
"Optimal Selection of Joint Mean-Covariance Structures in Mixed Models","Mathematics"
"Pattern formation Stability and Instability in Fluids and Plasma","Physics"
"Spatio-Temporal Modelling in Archeogenetics","Biology"
"Efficient implementation of large-scale switching networks using a multistage repackable topology","Mathematics"
"HIGHLY STRUCTURED MODELS FOR RANKING DATA","Technology"
"Bifurcations in systems with hysteresis and nonsmooth nonlinearities","Technology"
"Quaternionic Geometry and its Relation to Gauge Theory String Theory and Integrable Models","Mathematics"
"Exploiting Distributed Computing for Computionally Intensive Methods of Bayesian Statistical Inference","Technology"
"The boundary at infinity and notions of hyperbolicity for metric spaces and groups","Others"
"Potential theory and quadrature domains","Mathematics"
"Mathematical Analysis of the Bethe Ansatz Solution of Spin Models","Mathematics"
"Optical trapping based on conical refraction of light","Physics"
"The fabrication and characterisation of high-k dielectric/InP based devices.","Engineering"
"Purification Processing and Characterisation of Single Walled Carbon Nanotubes","Engineering"
"Laser Plasma Driven Stagnation Layers as High Density Atomic and Molecular Sources for Thin FilmDeposition","Physics"
"Searching our Galaxy for Very High Energy Gamma-ray Sources; is there a new class of Dark Accelerator","Others"
"Precision Electro-Weak Physics with the CMS Experiment","Physics"
"The onset of star and planet formation","Others"
"Development of post-growth surface passivation techniques for ZnO nanostructures","Technology"
"Towards precision simulations of quantum chromodynamics","Physics"
"Development of light scattering spectroscopy for studies of light losses and artificial defects in opal-based three-dimensional photonic crystals","Physics"
"Molecular writing for nanoscale data storage.","Chemistry"
"To benchmark calculations for laser plasma based EUV sources against experimental data and develop an accurate computational","Technology"
"Hamilton Institute Mathematics Outreach Proposal - Supplement to Grants 03/RP1/I383 03/IN3/I396 04/IN3/I460","Mathematics"
"Functional Characterization of the human Thromboxane and Prostacyclin Receptors; a proteomic approach","Biology"
"Data Mining Between Unsupervised and Supervised Techniques","Technology"
"Formation and characterisation of high-k metal-insulator-semiconductor structures on InGaAs","Physics"
"Advanced Scalable Silicon-on-Insulator Devices for Beyond-End-of-Roadmap Semiconductor Technology","Technology"
"Design and Synthesis of Novel Phosphononucleosides - Potential Antiviral Agents","Engineering"
"PICA - Principal Investigator Career Advancement Click Chemistry and the RNA revolution. 1,3 Di-polar cycloaddition routes to chemically modified oligonucleotides; generation of synthetically modifed short RNAs having potential for genomic research.","Biology"
"From Propellers to Stacks - New Metallated Architectures in the Design of Innovative Functional and Responsive materials","Engineering"
"PICA - Principal Investigator Career Advancement Development of an automated seizure detection system for newborns using multimodal biological signal analysis","Policy"
"Characterisation of the moesin-mediated block in mammalian cells","Biology"
"Translational Control and the Onset of Tumourigenesis During Gamma-Herpesvirus Infection","Biology"
"SFI Scholarship - Young Women in Engineering","Engineering"
"SFI Scholarship - Young Women in Engineering","Engineering"
"SFI Scholarship - Young Women in Engineering","Engineering"
"SFI Scholarship - Young Women in Engineering","Engineering"
"SFI Scholarship - Young Women in Engineering","Engineering"
"SFI Scholarship - Young Women in Engineering","Engineering"
"SFI Scholarship - Young Women in Engineering","Engineering"
"SFI Scholarship - Young Women in Engineering","Engineering"
"SFI Scholarship - Young Women in Engineering","Engineering"
"SFI Scholarship - Young Women in Engineering","Engineering"
"Using Caenorabditis elegans to Investigate the Molecular Mechanisms Underlying Cilia Function Regulation and Development","Policy"
"A comparative genomic investigation in to the molecular mechanism and evolution of sensory perception in mammals","Biology"
"Employing Artificial Intelligence to Make Constraint Programming Easier to Use for Decision Making","Mathematics"
"The mechanisms through which variation in Von Willebrand factor carbohydrate structures influence functional activity susceptibility to proteolysis and clearance","Others"
"Equipment Supplement 2006","Engineering"
"Equipment Supplement 2006","Engineering"
"Equipment Supplement 2006","Engineering"
"Equipment Supplement 2006","Engineering"
"Equipment Supplement 2006","Engineering"
"Equipment Supplement 2006","Engineering"
"Equipment Supplement 2006","Engineering"
"Equipment Supplement 2006","Engineering"
"Equipment Supplement 2006","Engineering"
"Equipment Supplement 2006","Engineering"
"Equipment Supplement 2006","Engineering"
"Equipment Supplement 2006","Engineering"
"Equipment Supplement 2006","Engineering"
"Equipment Supplement 2006","Engineering"
"Equipment Supplement 2006","Engineering"
"Equipment Supplement 2006","Engineering"
"Equipment Supplement 2006","Engineering"
"Equipment Supplement 2006","Engineering"
"Equipment Supplement 2006","Engineering"
"Equipment Supplement 2006","Engineering"
"Equipment Supplement 2006","Engineering"
"Equipment Supplement 2006","Engineering"
"Equipment Supplement 2006","Engineering"
"Equipment Supplement 2006","Engineering"
"Equipment Supplement 2006","Engineering"
"Equipment Supplement 2006","Engineering"
"Equipment Supplement 2006","Engineering"
"Equipment Supplement 2006","Engineering"
"Equipment Supplement 2006","Engineering"
"Equipment Supplement 2006","Engineering"
"Equipment Supplement 2006","Engineering"
"Equipment Supplement 2006","Engineering"
"Equipment Supplement 2006","Engineering"
"Equipment Supplement 2006","Engineering"
"Equipment Supplement 2006","Engineering"
"Equipment Supplement 2006","Engineering"
"Equipment Supplement 2006","Engineering"
"Modelling the whole host response to Pathogens","Biology"
"Mechanisms of the synaptic plasticity disrupting actions of amyloid beta protein oligomers in vivo","Biology"
"Peptide engineering of the two-component lantibiotic lacticin 3147: generating a blueprint for improved lantibiotic design","Engineering"
"Equipment Supplement 2006","Engineering"
"Equipment Supplement 2006","Engineering"
"Equipment Supplement 2006","Engineering"
"Multiferroic Tunnell Junctions","Others"
"Angle Resolved Coincidence Photoelectron Spectroscopy of Metal Vapours","Physics"
"Tyndall National Institute: National Access Programme (Year 3)","Policy"
"Tyndall National Institute: Capital Programme Year 3","Policy"
"General Supplement to Irish Centre for High End Computing","Technology"
"Computational modeling of the pore structure permeability and mechanical behaviour of collagen-CAG scaffolds for bone tissue engineering","Engineering"
"Dynamics of the magnetization of single domain ferromagnetic particles including macroscopic quantum tunneling","Physics"
"Borrowing from Biology to Synthesize Natural Silicones for Use in Highly Biocompatible Blood Contacting and Ophthalmic Devices","Engineering"
"The role of macrophage accumulation in adipose tissue in the development of obesity induced insulin resistance - insights into mechanisms and nutrient based therapies using a nutrigenomics approach","Biology"
"Elucidation of the mechanism of action of mitochondrial uncoupling proteins: Foundation research for anti-obesity anti-type 2 diabetes immunomodulatory and anti-ischaemic damage strategies","Biology"
"Neurophysiological studies of LTP and LTD of NMDAR-mediated transmission and of synaptic outward currents and the action of Alzheimers beta-amyloid in the rodent brain","Biology"
"Computational Mechanobiology: fundamental advances and implementation for medical device engineering","Engineering"
"Regulatory T cell control of pathogenic and effector T cells and their manipulation as potential therapies for human diseases","Biology"
"Metropolis: Supercrowds for Multisensory Urban Simulations","Technology"
"Machine Code Grammatical Evolution","Mathematics"
"Diabetes and the Kidney: Development of novel diagnostic methods and platforms","Technology"
"NA","Others"
"Development and application of systems tools for modeling the immune response","Mathematics"
"Construction and development of novel and improved Semliki Forest virus vectors for RNA-based transient gene therapy","Biology"
"Development of novel nano-composite high-frequency magnetic materials for future microprocessor power delivery","Engineering"
"DiaMonD: UREKA training site in Diagnostics for Monitoring Disease","Education"
"FASTNET RACE: From atoms to systems research & collaborative network exchange","Technology"
"UPCRO: Undergraduate PharmaChemical Research Opportunities","Chemistry"
"REAP: Research Experience in Applications of Photonics","Physics"
"Integrating Ecology and Evolution in a Changing World","Others"
"ODCSSS: Online Dublin Computer Science Summer School","Technology"
"From pi-pi Stacking to Discotic Liquid Crystal: the Aggregating Properties of Nitrogen Heterosuperbenzenes","Others"
"Nanostructured Materials in Electrochemistry - Biosciences and Molecular Electronics Applications","Chemistry"
"The molecular mechanisms underlying the initiation progression and potential regression of diabetic kidney disease","Chemistry"
"Electric Field Assisted Assembly of Semiconductor Nanorod Superlattices On-Chip","Physics"
"Professorship in Chemical Biology","Chemistry"
"Systems Biology Ireland (SBI) Preliminary Proposal","Biology"
"Resonances transport and localization of waves in disordered systems: Generalities and applications to communication and nanotechnology","Technology"
"SFI Research Professorship Supplement Award","Technology"
"Microbial Phylogeography","Biology"
"Real-Time Classification of EEG for Brain - Computer Interfaces","Technology"
"Genetic analyses of synaptic signalling components in Drosophila and their roles in circuit and behavioural plasticity","Biology"
"RNA editing in humans: Identification prediction and therapeutic application","Technology"
"Electronic structure studies of transparent conducting oxides","Others"
"New solutions to the non-specific signal problem in biosensor technology","Technology"
"The IGF-IR Signalling Pathway in Tumour Cells: A Study of Two New Proteins","Biology"
"Improvement of a new method to detect functional domains in proteins: identification of functional domains in heat-shock proteins","Biology"
"Search for a magnetic dead layer in a Co-B- film on MgO","Physics"
"Integrated Nanoscale Materials and Devices","Engineering"
"Physics of Photonic Materials & Devices","Physics"
"Photonics System Research","Physics"
"The role of the actin cytoskeleton in intracellular traffic in African trypanosomes","Biology"
"Real-time detection of Caspases-8/-10 Activity at the Interface between Apoptosis Initiation and Execution","Others"
"The Role of Macrophage Migration Inhibitory Factor (MIF) in Aberrant Pulmonary Vascular Remodelling and the Pathogenesis of Hypoxic Pulmonary Hypertension.","Biology"
"Twist and Spin: From Spin-Crossover Metallo-Helicate Complexes Towards Hosts for Discernable Guest Accommodation","Physics"
"Bar-coding bees: integrating genetic and GIS-based approaches to conservation","Biology"
"Use of Phase Change Materials for thermal control in Building integrated Photovoltaic systems","Technology"
"Tissue Engineered Nucleus Pulposus","Engineering"
"The molecular basis of freezing tolerance in the Arctic nematode Panagrolaimus superbus","Chemistry"
"The Hasse principle for weak isotropy of central simple algebras with an involution of the second kind","Mathematics"
"String Theory and its Applications","Mathematics"
"Design of  mutlimode seminconductor laser","Physics"
"Embedding methods for quantum transport","Physics"
"Deconvolution techniques for imaging and spectroscopy of colliding laser produced plasmas","Physics"
"Effect of surface conditions on basal plane polarity determination of ZnO crystals using x-ray diffraction","Others"
"Analysis of the immune response in mice to Semliki Forest-based vaccine vectors","Biology"
"Ab-initio calculation of the electronic structure of nickel porphyrins and nitrogen confused nickel porphyrins (NCPs) with functional ligands","Others"
"Prenselin-dependent regulated intramembrane proteolysis of the Interleuklin 1 Receptor","Others"
"The strucutre and function of membrane proteins from Pseudomonas aeruginosa","Biology"
"Stem cells in degenerative disease","Biology"
"Typology Generation for Dublins Building Stock - Creating Architectural Prototypes (application 1)","Biology"
"Typology Generation for Dublins Building Stock - Creating Architectural Prototypes (application 2)","Biology"
"Time resolved NIR luminescence spectroscopy of porphyrins isolated in solid xenon","Physics"
"Investigation into the use of arabitol for the synthesis of 44 bisoxazolines","Chemistry"
"Investigation of the comparative virulence of the four Candida dubliniensis genotypes in the reconstitutted human epithelial model of oral infection","Biology"
"The synergistic potential of novel chemotherapeutic drugs in inducing apoptotic cell death in highly resistant human colon cancer cells.","Biology"
"Structural basis for endosomal rafficking by the Rab11-myosin Vb complex","Biology"
"A strategic approach employing intergeneric gene transfer for th detection of members of a new class of iron transporter","Biology"
"The oxidation of methuyl formate in a high pressure shock tube","Others"
"Structural basis for poxvirus antagonism of Toll receptor signaling","Biology"
"Rotation invariant texture analysis","Technology"
"Detecting anomalous codon usage pattens","Others"
"Pipeline development for meging phylogenomic analysis with metabolism evolution","Biology"
"The reversible maps problem","Others"
"Creating Safe Mobile and Scalable Embedded and Robotic Networks through Model-based Programming","Technology"
"Immunohistochemical analysis of cannabinooid and opioid receptor expression in the brain during chronic inflammatory pain","Biology"
"Architecture and Synthesis of Integrated Nanosystems","Chemistry"
"Studies of planar nanowire arrays as basis for new generation of ICT devices (NanoGenICT)","Technology"
"Development of a transition year module on genetics and gene therapy for cancer","Biology"
"The role of microglia in the neuropathogenesis of FIV infection","Biology"
"Coding by the human visual system: does a multiple-resolution code allow cells of very limited bandwidth to represent accurately local intensity and local position","Biology"
"Origins and evolution of young genes in yeast genomes","Biology"
"Biochemical analysis of Hsp70 mutants that suppress prion propagation","Chemistry"
"Sustainable Chemistry: an enzymatic approach for th esynthesis of chiral alcohols","Chemistry"
"MicroPhotochemistry - a new tool in drug development","Chemistry"
"Assessment of pharmaceutical residue levels in industrial waste waters and their removal using photocatalysis","Chemistry"
"Genetic association studies of the Semaphorin 6 and Plexin A gene families with schizophrenia and bipolar disorder in the Irish population.","Biology"
"In situ characterisation and control of defects at the interface between new high-k dielectric materials and silicon","Others"
"Magnetohydrodynamic control of laser produced plasmas","Physics"
"Investigating pulsed coherent radio emission at the substellar boundary and beyond - are brown dwarfs pulsar analogues","Others"
"A study of neuroopeithelial stem cell differentiation in vivo and ex vivo in spinal cord slice cultures sing a GFP encoded lentiviral vector","Biology"
"Molecular mechanisms involved in mivrobial viruelnce and icobial-host interactions of Pseudomonas aeruginosa","Chemistry"
"Comparison of classical and quantum scattering of carriers in semidunctor alloy heterostructures","Physics"
"Implementation of novel optical components in high-speed photonic networks.","Physics"
"The Implementation and Investigation of a Measurement Based OLSR Routing Module for Wireless Mesh Networks","Technology"
"Collaborative work practices in global software development","Technology"
"Enabling high speed optical fibre communication systems","Physics"
"Measuring and mapping mobile phone coverage using GPS and GIS technologies","Others"
"Cystallization of SpeB in complex with its natural inhibitor Spi and mutant derivatives of Spi","Others"
"Studies on the interaction of the C10 proteases from Gram negative bacteria and their cognate inhibitors","Biology"
"The influence of annealing on the pore size of collagen-GAG scaffolds","Others"
"Working with enzymes and changing the DNA to make new ones","Biology"
"Characterisation of new Rab11-F1P antibodies","Others"
"Artefact classification in the EEG signal from neonates","Others"
"Design & synthesis of antiviral agents","Engineering"
"Typology generation for Dublins building stock - creating architectural prototypes","Biology"
"Synthesis of seco-pseudopteroxazole analogues","Chemistry"
"Carbon transformation down the River Shannon","Others"
"Fighting and sex in Steinernema nematodes","Others"
"Electrical Stimulation of Human Mesenchymal Stem Cells Seeded on 3D Electroactive Scaffolds for Cardiac Muscle applications","Engineering"
"Biological arms race: The impact of antimicrobial production on the dynamic flux of bacterial populations in a multi-strain environment","Biology"
"SFI Scholarship - Young Women in Engineering","Engineering"
"SFI Scholarship - Young Women in Engineering","Engineering"
"Development of a transition year module on genetics and gene therapy for cancer","Biology"
"Properties of laser produced plasmas that are potential sources for EUV lithography for the semiconductor industry.","Physics"
"Time resolved Nomarski interferometry of colliding laser produced plasmas.","Physics"
"New mycothiol-based tuberculosis antibiotics","Others"
"Molecular tools for the exploration of carbohydrate binding domains","Chemistry"
"Expression of rk Receptors: their role in recognition memory","Biology"
"Investigating the mode of action of the prophage-mediated superinfection exclusion system Sic2009","Biology"
"Controlled expression of surface proteins of S. aureus","Biology"
"Can MDMA (@Ecsasy) induced long term serotonin loss in the CNS reduce early gene expression events associated with antidepressant treatments","Biology"
"Investigating the crystallisation behavior and chemical stability of undoped and doped La2O3","Chemistry"
"Elecromagnetic wave generation from a multimode laser","Physics"
"Candidate substrates of the Cdc5 kinase in meiosis","Others"
"Assembly of cenromeric chromatin: CENP gene expression analysis","Technology"
"Solution algorithyms in computation fluid dynamics","Technology"
"Exploring how viral proteins disarm our immune response","Biology"
"The expression of Wnt signalling pathway components during morphogenesis: extension of current data","Technology"
"Tcf3 functional analysis of early inner ear development","Technology"
"Static analysis tools to assist in developing JRTS programs","Technology"
"Characterisation of measles virus proteins encodes by rSFV","Biology"
"Investigating the issues that medical device companies experience in developing  safety-critical software that complies with medical device regulations","Policy"
"Application of wavelength tunable lasers in future optical networks","Physics"
"Negative regulation of matrix metalloproteinase activity in the brain by noradrenaline","Biology"
"Synthetic air jet colling","Others"
"Swirling air jet cooling","Others"
"Investigation of the carotenoid content of baby meals and assessment of their bioaccessibility.","Technology"
"Low Dimensional Quantum Gases in Split Potentials","Physics"
"Modification of Spontaneous Emission in Patterned Fermi Seas","Others"
"The interaction of mucosa associated bacteria with trefoil peptides","Biology"
"Right on Q","Others"
"Characterization of the growth and differentiation of neurooepihelial stem cells in the spinal cord following Pax6 knockdown","Biology"
"Extending the range of oxazoline-containing ligands for asymmetric catalysis","Chemistry"
"A systematic test suite for the MOQA implementation","Engineering"
"Fine mapping and identification of themutation responsible for inherited ovine arthrogypsis","Others"
"Elliptical-pore model for viscous sintering","Mathematics"
"Searching our galaxy for sources of very high energy gamma rays","Others"
"Regulation of BDNF release in consolidation of recognitiion memory","Policy"
"Examination of cognitive function in a genetic model of schizophrenia: focus on neuregulin-1","Biology"
"Investigation of an aspect of the Asymmetric Appel reaction","Chemistry"
"Indentification if IGF-1 regulated protein interactions with the scaffolding protein RACK1","Biology"
"Sparseness and spike timing dependent neuronal plasticity","Biology"
"Compressing spike trains","Others"
"Stability and Convergence in Control Communication and Biological Systems","Biology"
"Rate equation modelling of multi-longitudinal mode dynamics in optically injected semiconductor lasers","Physics"
"Exploring the physics and applications of semi conductor laser devices.","Physics"
"Visualisation of telomerase responses to DNA damage","Biology"
"Molecular mechanisms of antibiotic resistance in the human pathogen pseudomonas aeruginosa","Chemistry"
"Multiple input linear fillters and MLSE algorihms ofr frequency retrieval based on electronic disperson compensation","Others"
"AN INVESTIGATION OF THE PERFORMANCE OF THE SKYPE INTERNET TELEPHONY SERVICE OVER WIRELESS MESH NETWORKS","Technology"
"In vivo characterisation of novel polystyrene-based gltamate biosensor","Technology"
"Early gene expression events associated with antidepressant treatments","Biology"
"Correlation of the modification of the curent voltage characteristics of inorganic semiconductor metal Schottky diode interfaces","Physics"
"The conjugate addtiion Peterson olefination reaction for the preparation of cross-conjugated cycopentenone PPAR-gamma ligands","Chemistry"
"Statistics of a 3D random network of resistors: a study on the transport properties of nanotube-based composite materials","Technology"
"New patterning procedures (and growth protocols) for pyramidal QDs on InP substrates","Others"
"Prodrugs of host defence peptides targeting anaerobic pathogenic bacteria and tumour cells.","Biology"
"Preparation and testing of new oxazoline-containing ligands for asymmetric catalysis","Chemistry"
"Preparation and testing of new oxazoline-containing ligands for asymmetric catalysis","Chemistry"
"Modelling the nonlinear Fresnel coefficients of mutlilayer materials","Mathematics"
"Role of tumours in conversion of native T cells into natural regulatory T cells in the periphery","Biology"
"Can regulatory T cell subsets inhibit innate immune responses and cytokine storms in vivo","Biology"
"Ex vivo generation of regulatory T cells for their use to prevent allogeneic graft rejection.","Biology"
"Scanning tunnelling microscopy study of NI porphyrines with functional ligands and Ni porphyrin dimers","Technology"
"Investigating the growth promoting properties of queuine","Others"
"IRF-3 and interferon-b as a target for the anti-inflammatory actions of noradrenaline and noradrenaline reuptake inhibitors in the brain","Biology"
"Mesenchymal Stem Cells in Osteoarthritis","Biology"
"Experimental evaluation of eddy currents in living cells","Biology"
"Analysis of PKC mediated SERT degradation","Technology"
"Supramolecular photonic therapeutic agents: pH responsive anti-cancer drugs","Physics"
"Cannabinoids and lysosomal permeability: a role for p53","Biology"
"Synthesis and coordination behaviour of Ni-Porphyrins and -Bispophyrins","Chemistry"
"Alzheimers disease mouse model","Biology"
"Mechanisms of triplet repeat DNA mutagenesis","Biology"
"Whole genome analysis of the gene regulatory networks underlying floral organ specification in Arabidopsis thaliana","Biology"
"Nonlinear effects in communications circuits and systems","Technology"
"Content-based video analysis for automated picture-in-picture","Technology"
"VERIRAS: searching our galaxy for very high energy gamma-ray sources","Others"
"Fundamental studies of bioassay function and design","Engineering"
"Chromatin Control of HIV-1 Expression","Biology"
"The effects of Wave Propagation in Traumatic Brain Injury","Biology"
"Precision Processing of Functional Materials","Engineering"
"The contribution of NR4A2-dependet gene expression for the development of chronic inflammatory joint disease","Biology"
"Regulation of IGF-I Receptor function.","Policy"
"Chemical genetic dissection of transmembrane semaphorin signaling pathways in the CNS","Chemistry"
"The behavioural neurophysiology of stress: effects on hippocampal formation mechanisms of spatial representation.","Biology"
"Ryanodine Receptor Expression in Trophoblasts","Biology"
"Investigation of the increase in efficacy of neuroprotective agents in cerebral ischaemia by using pH sensitive coating to target their delivery to the ischaemic site","Biology"
"Use of a novel stent for cell based bypass of chronic vascular occlusion","Biology"
"The Atmospheric Chemistry of Naphthalene","Chemistry"
"Novel Bifunctional anti-cancer metallodrugs-synthesis and pharmacological evaluation","Chemistry"
"Trioxane-Naphthalimide Conjugates as Novel Anticancer Agents","Others"
"Unified Verification for Security Protocol Design","Technology"
"Determining genetic sensitivity for equine osteochondrosis.","Biology"
"Micro-analytical approaches at Teide Volcano Tenerife: Understanding the evolution of oceanic island volcanoes","Technology"
"Study of the exchange interaction between self-assembled magnetic nano-clusters deposited on template substrates covered with a semiconductor overlayer - model dilute magnetic semiconductor system","Physics"
"New ultrasonic method for analysis of phase diagrams and nano-structural characterisation of microemulsion systems.","Technology"
"A three-dimensional multi-scale composites damage model","Mathematics"
"Method Comparison Studies","Others"
"Manipulation Schemes for Cold Atoms","Others"
"Atomic layer deposition growth of nanostructured materials","Physics"
"Whispering Gallery Mode Microresonators","Others"
"Observing Neutron Stars & Black Holes from the Classroom","Others"
"Embarking on the first step of a drug discovery programme by preparing new dual acting anti-inflamatory compounds","Chemistry"
"Application of the Y2H approach for the identification of proteins that interact with the human thromboxane A2 and prostacylin receptors within the vasculature","Biology"
"Dicsovery of key functional genes reulating early pregnancy","Biology"
"The ultraviolet gas phase absorption spectra of nitrophenols","Physics"
"Investigation of random processes in food & pharmaceutical manufacturing","Engineering"
"ZnO nanorods for sensor applications","Technology"
"Interfacing via Surface Plasmon based Photonic Crystals","Physics"
"The structure and function of membrane proteins from Pseudomonas aeruginosa","Biology"
"Quantum Computing with Single Atoms","Technology"
"A healthy mind in a healthy body - how exercise impacts on brain functions","Biology"
"IR emission from black holes and neutron stars","Others"
"Inhibition of matrix metalloproteinase expression and activity in the brain bynoradrenalilne","Biology"
"Indentification and functional analysis of Trf2 splice variants","Technology"
"Establishment of the RECODE database in Ireland: Updating and improving a database of reprogrammed genetic decoding","Technology"
"Tyndall National Institute: Capital Programme Year 4","Policy"
"Pregnancy-specific glycoproteins in reproduction cancer and stem cell biology","Biology"
"Targeting the cause of Alzheimers disease","Biology"
"Dynamic Coordination of Complex Activities and the Scientific Discovery Case Study: 3D Reconstruction of Virus Structure at High Resolution","Biology"
"Schistosome suppression of allergic inflammation: from mechanisms and molecules to new therapies","Chemistry"
"Computational Approaches to the analysis and in-silico reconstruction of cellular metabolism from enzyme-bioinformatics data; analysis of complex metabolic behaviour and neuronal bioenergetics","Biology"
"Utilising vaccinia virus proteins to explore innate immune signalling mechanisms","Biology"
"Regulation of Ryanodine Receptor Calcium Channels by Selenoprotein N","Policy"
"Neutral Endopeptidase Regulation within the Vascular Endothelium by Shear Stress: Role of Reactive Oxygen Species (ROS)","Policy"
"Mechanism of action of connective tissue growth factor: towards therapeutics in diabetic nephropathy","Biology"
"Exploring the secondary drug-effects of the anti-metabolite 6-thioguanine with a view to developing new anti-proliferative agents.","Others"
"Synthesis and Biological Activity of Aziridine Containing Benzimidazolequinone Anti-Cancer Agents","Chemistry"
"Porphodimethenes - Old but new hybrid receptors with potential","Others"
"Overlapping molecular fragments with very large wingspans: a route to C2-symmetric ligands","Chemistry"
"Effects of periods of anoxia on protozoan communities in activated sludge operation","Others"
"Induction of angiogenesis by marrow stromal cells on collagen glycosaminoglycan scaffolds for orthopaedic tissue engineering","Engineering"
"Integrating metabolism and genomics: aromatic amino acid metabolism in photorhabus luminescence.","Biology"
"Molecular genetics of the imprinted SPRY3 gene","Biology"
"Think local act global: Quantifying the contributions of small scale terrestrial and marine sources to the global atmosphere","Others"
"X-ray magnetic dichroism investigation of nanoscale magnetism in atomic wires protected by capping layers","Physics"
"Quantitative non-contact measurements of the physicochemical properties of biomedical polymers using advanced fluorescence methods: replacing the contact angle method.","Chemistry"
"Relativistic Continuum Mechanics","Others"
"Financial Algebra: Developing High Performance Algorithms for Finance using Algebra.","Mathematics"
"Novel element-selective(comma) symmetry(comma) polarisation and state-resolved investigations of chemical bonding","Chemistry"
"Dynamics Feedback and Multiagent Systems","Technology"
"The Tertiary Flood Basalt Succession of NE Ireland: Large Igneous Provinces Mantle Plumes Magma Petrogenesis and the Opening of the North Atlantic.","Biology"
"Cross talk between parenchymal tissue components and cells of the immune system:  its role in mediating the course of acute and chronic kidney disease","Biology"
"Cognitive MESH Networks: A Research Agenda for Next Generation Broadband Wireless Access Networks","Technology"
"Characterisation and modelling of microcavity resonators for optical and quantum networks","Physics"
"Molecular Characterisation of the Immune Cell Receptors for ES-62: A secreted Glycoprotein of Parasitic Nematodes that Subverts the Host Immune Response","Biology"
"Journey to the Centre of the Cell: In Vivo Characterisation of HIV-1 Tat by NMR Spectroscopy","Physics"
"How exactly is IRAK2 involved in interleukin-1 and Toll-like receptor signalling","Biology"
"Does Epac mediate a cyclic AMP-inducible pathway in dendritic cells that promotes pro-inflammatory T cell responses","Biology"
"Functional and structural analysis of respiratory chain complexes from Thermus thermophilus","Technology"
"Cannabinoids and the regulation of adult stem cell differentiation","Policy"
"The role of protein kinase B/Akt in epithelial-mesenchymal transition during renal fibrosis and diabetic nephropathy.","Biology"
"Determination of the molecular components connecting microtubule disruption to the proteolytic cell death machinery","Chemistry"
"Role of interstitial cells of Cajal in corpus cavernosum","Biology"
"Heat Shock Proteins as a Novel Neuroprotective Therapy for Parkinsons Disease","Biology"
"Cortical representations of spoken word processing and exploration of the neurobiological language-action model","Biology"
"An investigation into the mechanisms underlying the urinary excretion of salt caused by gamma-melanocyte stimulating hormone (g-MSH) in the kidney.","Technology"
"Listeria monocytogenes as a vector for cancer gene therapy.","Biology"
"Understanding mechanisms by which loss of function of PINK1 causes neurodegeneration.","Biology"
"Development of FcgRIIa antagonists as novel anti-platelet agents","Technology"
"Overactivity of poly(ADP) ribosylation and vascular dysfunction in pre-eclampsia","Others"
"Synthesis and Biological Evaluation of alpha-S-Linked Galactosylceramides","Chemistry"
"Aromatic bis-guanidines and their acridine derivatives as a different class of DNA-minor groove binders and dual DNA intercalators and minor groove binders","Biology"
"Bifunctional organocatalysts for enantioselective methylene transfer","Chemistry"
"Catalytic Electrophilic Enantioselective Cyanation of b-Ketoesters","Others"
"Transient InfraRed Spectroscopy study of Photochemical and Photosensitised Processes in DNA","Engineering"
"Investigating sulfur dioxide aerosols and their tropospheric chemistry","Chemistry"
"Supercritical fluid functionalisation for rapid analysis on-chip (particles pores and surfaces)","Technology"
"Electrohydrodynamic Focusing in 2 Dimensional Planar Microfluidic Devices for Preconcentration of Low Abundance Bioanalytes","Engineering"
"EMµ The Next Generation of Separation Science","Biology"
"Development of a novel tandem ROM/CM tandem sequence using poorly aromatic hetercycles: facile and modular entry to disaccharide analogues","Technology"
"Synthetic Oxygenated Fuels for Improved Combustion and Reduced Pollutant Emissions","Others"
"OJAX++: A Next Generation Collaborative Research Environment","Technology"
"We propose to develop a theoretical framework that captures the formal semantics of hardware compilation languages at a variety of levels giving designers control over outcome complexity and efficiency.","Mathematics"
"Secure and Trustworthy Personalisation for E-commerce","Others"
"Real-time physically based human motion adaptation","Others"
"Setting new records for the solution of the Discrete Logarithm problem with applications to Cryptography","Technology"
"CASCAR - Context-determined Autonomic Service Composition and ARchitecture","Technology"
"Automatic Event Reconstruction for Computer Forensics and Intrusion Analysis (AER)","Technology"
"The time/space efficiency of simple models of computation","Technology"
"A Multimedia-based Adaptive Hypermedia System for E-Learning","Education"
"Statistical Video Quality Analyzer","Others"
"Feasiblity of Passive Monitoring for Routing in WLAN Mesh Networks","Technology"
"An Investigation Into Case-Base Editing Techniques For Case-Based Reasoners in Text Classification and Fraud Detection","Technology"
"Biological Networks: A Systems Engineering Approach to Epigenetics","Biology"
"Holographic sensing and digital display of real-world 3D objects","Technology"
"Microbial activity mediating xenobiotic degradation in soils","Biology"
"Growth-dependent expression of genes in developing barley leaves","Biology"
"Investigating the role of sphingolipids in eukaryotic programmed cell death","Biology"
"Evolution of HIV-1 Subtype C in Karonga District(comma) Malawi: long-term survival and emergence of drug resistance","Technology"
"The impact of climate change on soil hydrology and degradation: an assessment of the vulnerabilities in Ireland","Technology"
"The Shape of Things To Come: Understanding the Evolution of The shape Of Metabolic Networks In Escherichia Coli","Technology"
"Fundamentals of scaling and stability in semiconductor laser injection locking","Physics"
"The Development of Ultra Wide Band (UWB) Scanning Techniques for Early Detection of Cancer","Technology"
"Devising a NAno-BioSensor Platform to Detect and Monitor Food-borne Pathogens (DNA-Sens)","Technology"
"Using 802.11 medium access control layer measurements to understand and improve network performance","Technology"
"Instantaneous Temperature Measurement of Gases using Acoustic Means and Novel Sensing Techniques","Others"
"Hybrid Radio over Fiber Systems for Ultra WideBand Transmission Networks","Technology"
"The influence of biophysical stimuli on tissue differentiation and matrix synthesis in vitro","Chemistry"
"Synthetic air jets: An investigation of convective cooling in thermal management applications","Technology"
"The Mechanisms of Heat Transfer during Nucleate Pool Boiling","Others"
"Use of radar data in flood forecasting and warning in Ireland","Technology"
"Investigation of fluid forces responsible for fluidelastic instability in tube arrays.","Technology"
"Investigation of the efficacy and biocompatability of pulsed power electrotechnologies for the novel decontamination and sterilisation of prion-contaminated medical instruments and devices","Engineering"
"Bridging scales in biofluid dynamics measurements: scaled-up medical device models for enhanced resolution","Physics"
"Developement of a method to predict which carotid plaques will rupture using computerised tomographic angiography duplex ultrasound with grey-scale median imaging numerical modelling tissue testing and human serum markers","Technology"
"Functional Analysis of the N-end Rule Protein Degradation Pathway in the Model Plant Arabidopsis thaliana","Biology"
"nanor a novel vertebrate with a role in cardiovascular development","Technology"
"Control of Genome Stability by the Human Cell Division Cycle Protein Cdc45","Biology"
"Does genetic variation at dysbindin and other candidate schizophrenia genes within the glutamate system contribute to abnormal perceptual processing measured using visual and auditory evoked potentials","Engineering"
"Gliotoxin biosynthesis in the human pathogen Aspergillus fumigatus","Chemistry"
"nitrogen isotopes as indicators of climate change","Others"
"Towards improved imaging of volcanoes: Seismic source versus structure","Physics"
"Constraining global Carboniferous climatic fluctuations using high resolution geochronology","Education"
"Present and future statistics of extreme European storms in a large ensemble of high-resolution atmospheremodel simulations","Mathematics"
"Cycling of recalcitrant carbon in soils; insights from late Quaternary cave calcites","Biology"
"Exceptional preservation of vertebrates in Permo-Carboniferous continental basins","Others"
"Discrete element modelling of the growth and scaling of joint systems within geological multi-layers","Mathematics"
"Assessing the role of the microbial biomass component of soil organic matter in the global carbon cycle.","Biology"
"Lithospheric and upper mantle anisotropy structure around Ireland from seismic receiver function studies","Others"
"Anisotropy of the Continental Lithosphere: Evidence of past tectonics or of active deformation","Others"
"Studies of chars and their applications as soil additives and plant growth stimulators.","Technology"
"Microemulsions as Templates for New Materials - Metallic Nanoparticles and High Surface Area Polymers","Chemistry"
"Exotic ferromagnetism in diluted and defective oxides","Others"
"Chiral quantum dots","Physics"
"Photoactive Functional Assemblies for Sustainable Energy","Others"
"Magnetic polymer nanocomposite materials for targeted drug release in cancer","Chemistry"
"Nanocable Arrays for Future Electronics","Others"
"Light Activiated Molecular Switches for Control of Molecular Docking at Liquid-Solid Interfaces","Chemistry"
"Modelling and prediction for road surface degradation","Technology"
"New statistical models for palaeoclimate reconstruction","Mathematics"
"Diagnostics for a Wide Class of Linear Models","Mathematics"
"Modelling tsunamis","Mathematics"
"Topics in Model-Based Clustering and Classification","Mathematics"
"Random effect mixture models for multicategory data","Technology"
"Computing subgroups of finite groups","Technology"
"Statistical Methods for the measurement and analysis of Multiple Marker Fluorescence Cytometry studies","Technology"
"Differential equations with hyperelliptic integral curves","Others"
"Singularities of Ricci flow on G2-structures","Others"
"The Kaehler Structure on the space of Oriented Lines in Euclidean 3-space","Others"
"Genus 2 Curves and their Applications to Cryptography and Coding Theory","Mathematics"
"Analytical foundations of numerical general relativity","Biology"
"Light hybrid meson and glueball physics from anisotropic lattice QCD","Physics"
"Quantun interference in a semiconductor microcavity","Physics"
"Ab initio quantum transport 100000","Physics"
"Cross-calibration of GLAST and VERITAS to Understand the High Energy Gamma-Ray Emission from Blazars","Others"
"Early optical afterglow observations of gamma-ray bursts with a robotic telescope","Physics"
"Soliton Solutions to Higher Dimensional Gravitating Gauged Scalar Field Systems(comma) with applications to AdS/CFT and Branes","Technology"
"Testing the standard model and measuring the parton distribution functions using W and Z decays to muons at the LHCb experiment","Mathematics"
"Advanced Image Processing for the Solar Terrestrial Relations Observatory (STEREO)","Engineering"
"Stellar jet launching: beyond magnetic flux freezing","Physics"
"Cavity-enhanced evanescent wave absorption spectroscopy for the study of biomolecular systems on surfaces","Chemistry"
"High Energy Gamma-Ray and Neutrino Signatures of Extreme Cosmic Accelerators","Others"
"From Cores to Disks: Exploiting the Spitzer Legacy Program","Others"
"Spectral Statistics Wavefunction scarring and quantum transport in mixed phase space systems","Physics"
"Functionalising nanotubes with molecular switches for smart and sensitive devices","Engineering"
"Micromachined Quartz Sensor Array for (Bio)Chemical and Clinical Diagnostic Applications","Chemistry"
"Industry Research Partnership Supplement for Project# 05/IN/I656 entitled Strained Si Technology for Advanced Low Power CMOS Integrated Circuit Technology","Technology"
"Applied Stochastic Dynamics for ICT and Biotechnology","Technology"
"An electrochemical system for long-term real-time monitoring of dopamine neurotransmission in discrete brain regions: development and application to the pharmacology of typical and atypical neuroleptics","Chemistry"
"Light Harvesting based on DNA Scaffolds","Biology"
"Mucosal immunity in allergic disease; influnce of probiotics","Biology"
"Topological Data Analysis and Computational Homology","Technology"
"CSET CLARITY: Bringing Information","Technology"
"Transcriptional Programming of Motor Axon Guidance","Others"
"Applied Optics in Information and Life Sciences","Technology"
"Plasma Technology for Nanomanufacturing: Modelling and Control Studies","Technology"
"Research to Enable Next-Generation High-Efficiency Wireless Transmitters (RENEW)","Technology"
"H-NS like proteins and gene regulatory networks in bacteria","Biology"
"SFI Scholarship - Young Women in Engineering","Engineering"
"SFI Scholarship - Young Women in Engineering","Engineering"
"SFI Scholarship - Young Women in Engineering","Engineering"
"SFI Scholarship - Young Women in Engineering","Engineering"
"SFI Scholarship - Young Women in Engineering","Engineering"
"SFI Scholarship - Young Women in Engineering","Engineering"
"SFI Scholarship - Young Women in Engineering","Engineering"
"SFI Scholarship - Young Women in Engineering","Engineering"
"SFI Scholarship - Young Women in Engineering","Engineering"
"SFI Scholarship - Young Women in Engineering","Engineering"
"First principles modelling of functional materials on the nano-scale","Mathematics"
"Towards understanding Archean tectonic processes through electromagnetic imaging","Engineering"
"Semiconductor and Molecular Wire Simulation for Technology Design","Technology"
"Galaxy Formation and Evolution in the Early Universe: the Kinematics and Dynamic Structure in Galactic Outflows","Others"
"Redox regulation of retinal photoreceptor apoptosis","Policy"
"Novel Therapeutic Approaches for the Induction of Tolerance in Cornea Transplantation","Biology"
"Andrew Fowler","Others"
"Autonomic self-managability for error reporting and handling","Others"
"Confocal-Atomic Force Micrscope-Total Internal Reflection Fluorescence Microscope","Physics"
"Gas Chromatographer coupled to a flame ionisation detector & mass spectrometer","Engineering"
"1500 Plate-capacity Automatic Crystallization Plate Imager","Others"
"Agilent E5052B Signal Source Analyzer","Others"
"Acton 2750 Spectrometer","Others"
"TIRFM (Total Internal Reflection Fluorescence Microscopy)","Physics"
"8 Station Comprehensive lab Animal monitoring system","Technology"
"Vector Signal Analyzer for Wireless Communications","Technology"
"Hitachi TM-1000 Tabletop Microscope and Ancillaries","Others"
"Agilent High Resolution Spectrometer","Others"
"Helium Ion Microscope","Others"
"Scanning Near Field Optical Microscope (SNOM)","Physics"
"CSET Supplement for CRANN : Integration of new principal investigators into CRANN by developing collaborative nanoscience research projects","Technology"
"Field-emission scanning electron microscope","Others"
"Dual-Beam Focused Ion Beam (FIB) System","Technology"
"Mesoscale Discovery Sector Imager 2400","Others"
"MALDI-TOF/TOF mass spectrometer","Engineering"
"Tecnai G2 Spirit BioTWIN electron microscope","Others"
"High Content Live Cell Imaging Platform","Technology"
"AB 7900HT Fast Real-Time PCR System (with Low Density Gene Array Upgrade)","Biology"
"DVB-H All-in-One Testbed","Others"
"Laser ablation ion counting analytical system","Physics"
"Ultrafast High Rep Rate Laser Amplifier System","Physics"
"Tyndall National Institute: National Access Programme (Year 4)","Policy"
"Real time PRC instrument with assoc peripherals","Others"
"Triple quadrupole mass sepctrometer for quantitative proteomics","Biology"
"Tissue engineering for orthopaedic applications: the use of collagen scaffolds for the development of bone graft substitutes","Engineering"
"Viral purification equipment","Engineering"
"Biacore A100","Others"
"Liquid-handling robotics for Luminex-based genotyping","Others"
"Low noise High Resolution Spectroscopy System for material characterization at Telecomm Wavelengths","Physics"
"Total external reflection x-ray fluorescence spectrometer for the compositional analysis of thin films","Technology"
"Upgrade of Shamrock Deposition Tool","Others"
"High Performance Computing Cluster","Technology"
"Mini Secondary Ion Mass Spectrometry (SIMS) System","Technology"
"Single Crystal X-Ray Diffractometer","Others"
"Scientific Microwave System","Technology"
"Mass spectrometer","Engineering"
"Compound Specific Stable Isotope Ratio Mass Spectrometer Hyphenated to Mass Selective Detector","Chemistry"
"Dual Beam FIB/FEG SEM","Others"
"High Resolution Diffuse Optical Tomography System","Physics"
"MRI Coil Upgrade","Others"
"Research Microscope with diascopic episcopic interference contrast illumination and high resolution image analysis","Technology"
"Array of high speed EMCCD cameras and Data Interface/Collection Equipment","Technology"
"Next Generation sequencing platform (Solexa Genome Analyzer)","Biology"
"Triple Quad Mass Spectrometer for Quantitative Biomolecules","Chemistry"
"UCD CASL SenseTile System","Technology"
"IVIS  imaging system Spectrum series","Technology"
"High-performance liquid chromatography electrospray ionisation tandem mass spectrometer","Engineering"
"Real-time PCR instrument","Others"
"CRANN E-beam Evaporator","Others"
"High Resolution scanning electron microscope (HRSEM)","Others"
"High Resolution UPS/XPS Surface Science System","Technology"
"A Coordinated HPC and data application for TCD","Technology"
"Applied Biosystems 7500 FAST Realtime PCR System","Technology"
"The VersaDoc Model 4000 molecular imaging system","Chemistry"
"BD LSR II Flow Cytometer","Others"
"Combined PET/SPECT/CT small animal imaging system","Technology"
"Automated Peptide Synthesiser","Chemistry"
"IR bundle","Others"
"Automated System of High-throughput Sub-cloning Protein Expression and Purification","Biology"
"Nanosecond Laser Transient Absorption Spectrometer with tunable excitation","Physics"
"Ultrafast Photo Electron Emission Microscope PEEM","Others"
"Microwave Reactor","Others"
"High Performance Computing Cluster","Technology"
"PDS1000 HE TM Hepta TM system housing/operational unit gas supply and regulator","Technology"
"Chirp sub-bottom seismic reflection profiler","Others"
"Compound semiconductor cleaning and passivation system","Chemistry"
"An X-ray Photoelectron Spectrometer upgrade for a variable temperature ultra high vacuum scanning tunnelling microscope","Others"
"Spinning disk confocal microscope system","Physics"
"CSET CNGL: Next Generation Localisation (CNGL)","Biology"
"Flow Cytometry Cell Analyzer/Sorter","Biology"
"To investigate a role for hydroxylases in hypoxia-regulated inflammatory processes","Engineering"
"The function of nanoscale complex systems","Physics"
"Zeiss LSM 5 LIVE confocol microscope","Others"
"Novel therapeutic targets in Toll-like receptor signalling","Biology"
"Next Generation Communication Networks","Technology"
"On-Wafer Microwave Vector Network Analyser Measurement Capability to 110GHz+","Technology"
"Real time PCR Platform (Stratagene)","Technology"
"The Irish Research e-Library Iniative (IReL)","Technology"
"Digital holographic microscope","Technology"
"ABI 3130xl Genetic Analyzer (16 capillary DNA sequencing system)","Biology"
"High Frame Rate Stereo Particle Image Velocimeter (PIV)","Others"
"Confocal Microscope with add on capability for Raman Spectroscopy","Physics"
"Next Generation DNA Sequencer","Biology"
"Quantitative PCR Instrument.","Others"
"Small Angle X-ray Scattering (SAXS) System","Technology"
"Vojislav Kristic","Others"
"Martin Hegner","Others"
"SRC IDDN: Oral and pulmonary delivery of peptides and genes using novel polymeric particulate constructs- establishment of the Irish Drug Delivery Research Network (IDDN)","Technology"
"SRC BioNanoInteract","Others"
"SRC RBRC: Reproductive Biology Research Cluster","Biology"
"SRC SSPS: Solid State Pharmaceuticals Cluster (SSPC)","Others"
"SRC SEC: Advanced Biomimetic Materials for Solar Energy Conversion","Others"
"SRC NFB: Network of Excellence for Functional Biomaterials (NFB)","Technology"
"SRC EEDSP: Efficient Embedded Digital Signal Processing for Mobile Digital Health","Technology"
"SRC ITOBO: Information and Communication Technology for Sustainable and Optimised Building Operation","Technology"
"SRC FORME: Functional Oxides and Related Materials for Electronics","Others"
"SRC PiFAS: Photonics - Integration From Atoms to Systems (PiFAS)","Physics"
"Tip-Enhanced Raman Spectrometer (TERS)","Others"
"Examining the role of hMOF in the epigenetic regulation of gene expression and in carcinogenesis","Policy"
"Cathal Gurrin","Others"
"NGCUV 2008 IFAC Workshop on Navigation Guidance and Control of Underwater Vehicles","Education"
"A Systems approach to elucidate the mechanisms of RsmA mediated regulation of virulence-associated traits in Pseudomonas aeruginosa in response to environmental and host interactions","Policy"
"Employing Artificial Intelligence to Make Constraint Programming Easier to Use for Decision Making","Mathematics"
"Wnt signaling and stem cell fate in a basal model organism","Biology"
"The HD-GYP domain and cyclic di-GMP signalling in the virulence of bacterial pathogens of humans and plants","Biology"
"Electrochemical Bio-inspired Molecular Sensing System","Chemistry"
"Computational Methods for Modelling Complex Dynamic Systems","Technology"
"Statistical Methods in Biomedical Imaging","Biology"
"Edgeworth Centre for Financial Mathematics","Mathematics"
"Arun Bodke","Others"
"Padraic Fallon","Others"
"Kevin Ryan","Others"
"De Brún Centre for Computational Algebra","Technology"
"Cathechols from Mono and Di-oxygenase-catalysed Biotransformations","Others"
"Foundations of Global Computing","Technology"
"Studies of the Current Induced magnetisation dynamics in Nanowire Arrays","Others"
"XXIV International Biometric Conference","Policy"
"The Science of Computus in Ireland & Europe","Others"
"Dynamics of Novel Quantum Dot Devices for Photonics Applications","Physics"
"Low Temperature Direct Bonding for Heterogeneous Integration","Biology"
"Mathias Wilm","Others"
"Brian Vohnsen","Others"
"Fergal McCaffrey","Others"
"5th International Conference on simulation and modelling in the food and Bio industry (FOODSIM2008)","Policy"
"Collections-based Biology in Dublin (CoBiD-UREKA)","Biology"
"School of Molecular Evolution Research (SoMER School)","Chemistry"
"Programme for the Encouragement and Training of Undergraduate Students to Pursue Future Careers in Infectious Disease Research (2008-2010)","Biology"
"SURF-BioNET (Summer Undergraduate Research Fellowships in a Biomedical Research Network)","Biology"
"SURF-BioNET (Summer Undergraduate Research Fellowships in a Biomedical Research Network)","Biology"
"Programme for Undergraduate Research Education: PURE SFI-UREKA SITE","Education"
"Focus on Education in Analytic Techniques and Research Expertise (FEATURE)","Education"
"Summer Undergraduate Research Experience II (SURE II)","Technology"
"Summer Undergraduate Research Experience II (SURE II)","Technology"
"Lokesh Joshi","Others"
"Health in Ageing: achievements and Potentials of Longitudinal Research","Biology"
"3rd CIRP International Conference on High Performance Cutting Micromaching","Policy"
"The 9th International Conference on Agile Processes and eXtreme Programming in Software Engineering","Engineering"
"The 16th European Conference in Information Systems","Technology"
"Mechatronics 2008. The 11th Mechatronics Forum Biennial International Conference","Policy"
"Role of inflammation in age-related neurodegeneration","Biology"
"Quantum Design of FUnctional Nanodevices: QDFUN","Engineering"
"Understanding the Biology and Therapeutic Applications of Endothelial Progenitor Cells in Diabetes Mellitus","Biology"
"Investigating Trib2-induced Acute Myeloid Leukemia (AML): a  molecular and genetic approach","Chemistry"
"Agricultural Biotechnology International Conference (ABIC) 2008 Agricultural Biotechnology for a Competitive and Sustainable Future","Technology"
"Gauge Theories Moduli and Representation Theory","Mathematics"
"CSET Biomedical Diagnostics Institute (BDI) Supplement","Biology"
"CLARITY Supplement to promote industry engagement","Others"
"14th International Conference on Solid Films and Surfaces","Policy"
"Sensing and responding to DNA damage in model eukaryotic cells","Biology"
"Towards Novel Therapeutics for Angiogenesis Dependant Disease Based on Macrolides and Related Compounds","Biology"
"The Development of Cortical Connectivity; From Genes to Behaviour","Technology"
"Fundamental Studies of Optically Active Materials based on Advanced Growth Techniques and Colloidal Crystallisation","Physics"
"Bio-Statistics & Informatics (BIO-SI)","Others"
"Colm ODwyer","Others"
"Brona Murphy","Others"
"4th International Conference on Bioengineering and Nanotechnology","Engineering"
"ACM SIGGRAPH/Eurographics Symposium on Computer Animation","Technology"
"Operator theory and Operator Algebras in Cork: A conference in Memory of Gerard J. Murphy","Mathematics"
"Bryan Griffiths","Others"
"Calibration and validation of PEAT predictors on a very large dataset of enzyme variants","Technology"
"Quantum Information using Quantum Gases","Technology"
"Organometallic molecular fragments as electronic charge control agents; the stabilisation of transient short-lived species","Chemistry"
"Preparation of electro-addressable pyrrolepropylic acid conjugated biomolecules and functionalization of well-aligned carbon nanotubes and nanoparticles toward the development of integrated biosensing platforms","Chemistry"
"Gil Lee","Others"
"SRC IRC: Immunology Research Cluster","Biology"
"SRC StratAG: Strategic Research Cluster In Advanced Geotechnologies","Technology"
"42nd Congress of the International Society for Applied Ethology","Policy"
"Neuroscience Ireland Conference 2008","Education"
"Irish Society for Immunology (ISI) Annual Meeting 2008: From Immune Regulation to Immunotherapeutics","Biology"
"Photobiological and photomedicinal applications of tetrapyrroles- Tetrapyrrole Discussion Group Meeting 2008","Biology"
"Joint European Magnetic Symposia (JEMS08)","Physics"
"The 12th International Software Product Lines Conference","Technology"
"Mechanisms and cellular consequences of centrosome amplification","Biology"
"The role of bacterial proteases in gut health and disease.","Biology"
"New Approaches to Handling Uncertainty and Change in Manufacturing","Engineering"
"The evolutionary history of Neanderthals and their potential interface with early modern humans in the southern and northern Caucasus","Others"
"Arithmetic properties of coefficients of modular forms","Others"
"Spike Trains","Others"
"Future Oxides and Channel Materials for Ultimate Scaling  (FOCUS)","Others"
"Electric field manipulation of exchange interaction","Others"
"Retrieving model data for 3D scences from textured building facades","Technology"
"Electronic structure of one-dimensional wires with strong electron-phonon interaction","Others"
"Micro-optics for cold atomic sources","Physics"
"Membrane structural and functional biology: lipid synthesis purification and characterisation","Chemistry"
"Chemical solution growth of ZnO nanostructures and their optical properties","Physics"
"GaAs/(Al)InGaAs/GaAs layers epitaxially grown by MOVPE in inverted pyramidal recesses","Others"
"Does interferon induce moesin expression as a host antiviral response to protect against invading organisms","Biology"
"Evaluation of SILAC Quantitive Protein Expression Technology in chinese hamster ovary cells","Biology"
"High-performance constraint-based placement and routing for electronic design automation","Engineering"
"Investigating signal transduction mechanisms associated with endocannabinoid-mediated fear-conditioned analgesia","Biology"
"The role of IL-17 in anti-tumor immunity","Others"
"Porting virtual Dublin data to the metropolis project","Technology"
"SFI Scholarship - Young Women in Engineering","Engineering"
"Star Supplement","Others"
"Targeted Disruption of Genes related to Neuropsychiatric Disease and Translational Phenotypes: Dysmorphogenesis Dysfunction and Drug Targets","Biology"
"The Pellino family: A dissection of their molecular and physiological functions in TLR-mediated responses","Chemistry"
"Star Supplement","Others"
"Computationally Guided Glycoscience: Force field development and application in the design of novel glycosensors","Technology"
"Emma Caraher","Others"
"Carlos Medina","Others"
"Nikolaus Plesnila","Others"
"Synthesis of new functional nanomaterials","Chemistry"
"Public outreach: From Einstein to Quantum Information by Prof. Anton Zeilinger","Technology"
"Targeting PPARgamma and RXR for suppression of Th17 responses","Others"
"Defining the mechanism of drugs that cure prions","Others"
"Heparin/Heparan Sulfate-Heparin Co-Factor II Interaction Studies","Others"
"Colorimetric and luminescent sensing of biologically relevant anions in aqueous solution using preorganized charge neutral hosts","Biology"
"Biodiversity-ecosystem functioning relationships: the importance of functional diversity mechanism and environmental context","Technology"
"Beeworm: molecular basis of immunity and parasitism in a bumblebee-nematode host-parasite interaction","Chemistry"
"Reconstructing ancient atmospheric composition with living fossils","Others"
"Irelands rare arctic-alpine Carnations: surviving pioneers of a western postglacial migration route","Biology"
"Investigation of the function of the LNX family of E3 ubiquitin ligases in the nervous system","Technology"
"Biological Regulation of Bone Marrow Micrometastasis from Oesophageal Cancer: Studies in SCID Mice Reconstituted with Patient Tumour Specific Bone Marrow","Policy"
"Star Supplement","Others"
"Star Supplement","Others"
"Calculation of the vibrational mode frequencies of Si-N complexes in dilute nitride semiconductors","Physics"
"Assembly of centromeric chromatin: Protein assembly in vivo","Biology"
"Analyzing roles of Fos and Jun in long-term presynaptic plasticity induced by in vivo optical stimulation of Drosophila motor neurons.","Physics"
"What happens to the Streptolysin S haemolysin in non-haemolytic Group A Streptococci","Others"
"Cyclodextrins effect in prion disorders","Others"
"Star Supplement","Others"
"Expressions of mystique isoforms in different tissues and cancer cells","Biology"
"Star Supplement","Others"
"Characterisation of the Reduced Uterine Perfusion Pressure rat model of pre-eclampsia: the role of plasma factors in mediating changes in vascular reactivity.","Physics"
"Star Supplement","Others"
"Star Supplement","Others"
"Genetics of trinucleotide repeat expansions in a model system","Biology"
"Analysing gene expression profiles during meiotic prophase","Biology"
"Star Supplement","Others"
"Star Supplement","Others"
"Star Supplement","Others"
"Star Supplement","Others"
"Star Supplement","Others"
"Computation and measurement of the symmetry and polarization resolved anion partial density of states of selected transition metal rutile oxides and fluorides using density functional theory and resonant x-ray spectroscopies.","Mathematics"
"Star Supplement","Others"
"Star Supplement","Others"
"Excitations in strongly correlated quantum gases","Physics"
"Interactions between geometrical qubits","Others"
"SFI Scholarship - Young Women in Engineering","Engineering"
"The compact radio structure of a twinkling active galactic nucleus","Others"
"Studying the compact radio jets of x-ray bright active galactic nuclei","Technology"
"Star Supplement","Others"
"In-Cell NMR Spectroscopy of Tat-GB1","Physics"
"Investigation into the role of Protein Tyrosine Phosphatase 1B during cell death","Biology"
"Parameter Spaces for Rational Curves in Complex Projective Varieties","Others"
"Production of thin flexable conductive transparent thin films using Carbon nanotubes","Others"
"Star Supplement","Others"
"Phenotypic analysis of CTA/TLO mutants of Candida Dubliniensis","Technology"
"Determining the three-dimensional structures of Hen Egg White Lysozyme mutants","Others"
"Characterization and growth protocols for pyramidal QDs on InP substrates","Others"
"Star Supplement","Others"
"Star Supplement","Others"
"Multi-scale simulation of heat transfer in nanoscale structure","Physics"
"Correlated electron device simulation","Engineering"
"PowerCent - Realistic power modelling and routing incentivization for the TinyTorrents architecture","Mathematics"
"TinyJavaTorrents - Extending the TinyTorrents architecture to Java capable Wireless Sensor Nodes","Technology"
"Wireless active queue management (AQM)","Others"
"Star Supplement","Others"
"VERITAS; searching our Galaxy for Very High Energy Gamma-ray sources","Others"
"Visualization of myosin motors in African trypanosomes","Biology"
"Star Supplement","Others"
"Star Supplement","Others"
"Star Supplement","Others"
"INVESTIGATION OF STALL FLUTTER ON A 2D AEROFOIL","Technology"
"Star Supplement","Others"
"Development of a Greenhouse Gas Ocean-Atmosphere Flux Sensor with MEMS-based Photoacoustic Technology","Technology"
"Star Supplement","Others"
"Star Supplement","Others"
"Star Supplement","Others"
"Star Supplement","Others"
"DIRECTING SEMICONDUCTOR QUANTUM DOT EMISSION USING A NANO-GRATING","Physics"
"Star Supplement","Others"
"Atomic force microscopy analysis of nanostructures","Physics"
"Does the mouse Psg21 protein have a cell death-inducing domain","Biology"
"Star Supplement","Others"
"Star Supplement","Others"
"Star Supplement","Others"
"SMART - simulation and modelling techniques for application in radio frequency technology","Technology"
"SFI Scholarship - Young Women in Engineering","Engineering"
"Investigating sulphur dioxide speciation relevant to tropospheric cryochemistry","Chemistry"
"Seeing the light: determining the actinic flux inside a new atmospheric chamber","Others"
"General Supplement to Irish Centre for High End Computing","Technology"
"Star Supplement","Others"
"Synthesis and electronic properties of tris- and tetrakis-porphyrin arrays as potential photosensitizers for PDT and surface deposition","Chemistry"
"The Normal Neonate: Definition of normality through EEG Signal Analysis","Technology"
"Automatic artefact detection in the neonatal EEG signal","Others"
"Examination of the relationship between TNF signalling IRS-1 and Alzheimers disease pathogenesis in the 3 x Tg-AD model of Alzheimers disease","Biology"
"Synthesis transparent conducting films by direct CVD of single-walled carbon nanotubes","Chemistry"
"CSET CLARITY: Bringing Information to Life","Technology"
"Molecular analysis and engineering of CHO cells for more efficient production of biopharmaceuticals","Engineering"
"Multiple Alignment Methods for the Post-Genome Era","Biology"
"Structure-Function Studies of Membrane Proteins Involved in Quorum Sensing and the Pathogencitcy of Pseudomonas aeruginosa","Biology"
"Dispersion and exfoliation of carbon nanotubes and graphene in common solvents: A route to high-strength highly conductive nano-structured materials","Chemistry"
"Star Supplement","Others"
"Cannabinoids and the control of adult stem cell differentiation: role of anandamide","Biology"
"Stefan Schwartz","Others"
"Star Supplement","Others"
"Computation in Nonlinear Analysis and Mechanics","Technology"
"Degradation and breakdown of metal gate/high-k/III-V structures for advanced field-effect transistors","Others"
"CSET DERI: Digital Enterprise Research Institute (DERI) - Second-Term Funding","Technology"
"The Functional Domain Organization of the Human L1 (LINE-1) Reverse Transcriptase","Others"
"Bacterial Lipoprotein Tolerance Protects Against Microbial Sepsis Via Acceleration of Phagosome Maturation","Biology"
"Molecular mechanisms underlying staphylococcal induced osteomyelitis","Chemistry"
"Non-invasive evaluation of protein protein interactions on photografted monolithic phases using capacitively coupled contactless conductivity detection","Biology"
"SIFT: Segmented Information Fusion Techniques","Technology"
"Nonlinear Optical Nearfields at Metallic Nanostructured Interfaces","Physics"
"Comparative transcriptome analysis of two strains of the anhydrobiotic nematode Panagrolaimius using massively parallel pyrosequencing.","Technology"
"Functional Genomics of a novel regulon co-ordinating virulence phenotypes in Pseudomonas aeruginosa - Host interactions","Biology"
"Genetic & molecular analysis of plant genes under positive Darwinian selection during reproduction and seed development.","Biology"
"Aerosol mass spectrometry studies in the marine and polluted atmosphere","Others"
"The Navan ore body: base metal sources and controls on hydrothermal crystallization","Others"
"Chiral structures at crystalline interfaces","Others"
"Determining the contribution of junction adhesion molecule-A (JAM-A) towards an invasive phenotype in breast cancer.","Chemistry"
"Porphyrin-based nanomeshes as a novel route to molecular electronics.","Chemistry"
"Professorship in Bionanotechnology","Technology"
"Development of an in silico pipeline for phylogenetic and selection pressure analysis for taxon restricted gene in humans","Technology"
"Biochemical elucidation of the effect that small molecule HSP90 inhibitors has on the development of cancer","Chemistry"
"Star Supplement","Others"
"Star Supplement","Others"
"The application of MRI to identify endophenotypes in focal epilepsy","Technology"
"Neil Ferguson","Others"
"Long-wavelength absorbing photosensitizers for applications in photodynamic cancer therapy","Technology"
"On Prevention of Blindness Caused by Degenerative Retinopathies","Biology"
"Mechanism of nucleolar formation around human ribosomal gene clusters a paradigm for the organisation of gene expression","Biology"
"Structural Basis for Vesicle Trafficking by Small GTPases","Others"
"Qiang Wu","Others"
"Wiring the Brain; from Genetic to Neuronal Networks","Biology"
"An International Meeting on Cronobacter (Enterobacter sakazakii)","Policy"
"Delta-Sigma Modulation for Frequency Synthesizers and Data Converters","Technology"
"Investigations into the role of Toll-like receptor (TLR)2, TLR4 and Caspase-1 in Rheumatoid Arthritis","Technology"
"Progenitor Cell - Derived anti-apoptotic / cardiotropic factors for myocardial repair","Biology"
"Perceptually Optimized Rendering for Dynamic 3D Visualization","Others"
"Investigation of activity-dependent modulation of neural circuits using a novel transgenic technique.","Technology"
"Calibration and optical analysis of two channels of ALMA (the Atacama Large Millimeter Array) and the exploration of novel issues for the next generation of submillimetre receiver.","Physics"
"Thermodynamics of the quark-gluon plasma with anisotropic lattices","Physics"
"Non contacting measurement of ocular microtremor","Others"
"Nanostructured-based biosensor devices for screening of polycyclic aromatic hydrocarbons in the environment (NANO-SCREEN)","Engineering"
"Nanodevices for Full Spectrum Tunability for Solar Energy Collection and Concentration","Engineering"
"Clean Controlled Synthesis of Stimuli-Sensitive Materials Using Supercritical Carbon Dioxide","Chemistry"
"Expanding the scope and applicability of static average-case analysis via MOQA","Technology"
"Novel bifunctional metallodrugs with enhanced selectivity and activity towards cancer cells","Biology"
"Nano-bio hybrid materials for optical commutations and photovoltaics","Physics"
"Investigating a role for the neuronal adaptor protein in Prion diseases","Biology"
"Testing arthropod evolution and the Cambrian animal radiation using new data and methods: MicroRNAs molecular sequences and relaxed molecular clocks","Technology"
"Foaming control in the activated sludge process using metabolic control","Engineering"
"Naomi Harte","Others"
"Translational Genomic Studies of MicroRNA Dysregulation in Neuroblastoma Pathogenesis","Biology"
"Functional genomics of two commensal lactobacilli from humans and animals","Biology"
"Development and biological applications of intracellular oxygen sensing technology","Biology"
"IL-13 receptor in lung injury and remodelling","Mathematics"
"Andrea Erxleben","Others"
"Thomas Frodl","Others"
"Andrew Phillips","Others"
"Rhodri Ceredig","Others"
"Ulla Knaus","Others"
"Derry Fitzgerald","Others"
"Jonathan Blackledge","Others"
"Nigel Boston","Others"
"Michael Melgard","Others"
"Constantin Verincos","Others"
"Spin-electronics with organic materials","Physics"
"Spectroscopy of the I2 molecule and the Na-CF4 complex in rare gas solids: vibrationally induced transitions and stimulated radiative decay of laser excited electronic states","Physics"
"Investigation into the role of TRAM-V2 a splice variant of the TLR4 adaptor molecule TRAM in LPS signaling","Chemistry"
"Improving theoretical descriptions of protein electrostatics for drug and enzyme design using extreme mutagenesis experiments","Biology"
"Role of JNK Activation in the Pathogenesis of Vibrio parahaemolyticus","Biology"
"Mechanistic analysis of human Cactin: a novel regulator of innate immune signalling","Biology"
"Exploring the translocon independent spontaneous insertion pathway into plastid thylakoid membranes for expression of difficult mammalian membrane proteins","Biology"
"Structural Studies of Poxvirus K7 Protein in Complex with RNA Helicase DDX3","Biology"
"Identification and exploitation of the herbicide-binding site in tubulin of the malarial parasite Plasmodium falciparum","Others"
"The Role of Hydroxylases in Regulation of Intestinal Epithelial Secretion","Policy"
"The effect of the peripheral circulation and endothelial function on exercise tolerance in subjects with Type 2 Diabetes Mellitus.","Others"
"Harnessing the immunostimulatory activity of chitosan to produce potent vaccine adjuvants","Biology"
"The role of Hepatitis C Virus in regulating Signal Transducer and Activator of Transcription (STAT) protein expression to evade anti-viral Interferon- responses","Biology"
"Aldosterone regulation of ENaC trafficking via Protein kinase D:  A new paradigm for aldosterone action","Policy"
"Characterization of Dynamic Protein Interactions with Integrin Cytoplasmic Domains in the Human Platelet: Focus on Ubiquitination","Biology"
"The mechanism of macrophage cell death in response to M. tuberculosis infection and its role in the fate of mycobacteria.","Biology"
"Investigating the effects of cryospheric chemistry on release mechanisms to the atmosphere","Chemistry"
"P-Stereogenic Phosphorus Compounds as Components of Nucleoside Prodrugs","Chemistry"
"Stereochemistry Controlled Alkene C-H Bond Functionalization","Chemistry"
"Functional Polyoxometalate Metal-Organic Frameworks for Catalysis Gas Sorption and Separation","Chemistry"
"Supramolecular Coordination Assemblies as Templates for the Bio-Inspired Synthesis of Nanosized Carbonates and Ceramics","Chemistry"
"Generating hydrogen from water using solar energy","Biology"
"New Polyaromatic Thiophenes as Opto-Electronic Switches","Others"
"Polymeric combination therapy targeting proliferating and non-proliferating cancer cells","Chemistry"
"A completely new class of tunable bifunctional alkaloid-derived organocatalyst","Chemistry"
"Grammatical Representations for Evolutionary Design","Engineering"
"A Clinical Volumetric Quantification Toolkit for Classifying Rheumatoid Arthritis and Quantifying Side-Effects of Antiretroviral Therapy for HIV-1 Infection from Magnetic Resonance Images.","Biology"
"Efficient computer modelling of the transport and diffusion of pollutants in advection dominated flows","Technology"
"Development of a Quantification and Visualisation Tool for the Assessment of Foetal Abnormalities.","Technology"
"Handling Nonlinearity and Uncertainty in Drug Delivery Modelling","Mathematics"
"Formalising the Software/Hardware Interface","Technology"
"The Formal Treatment of Identity-Based Signature Schemes","Others"
"Optimal Design and Resource Dimensioning Methods Enabling Cost-Effective Optical Burst Switched Network Deployments","Physics"
"Real-time Wireless Communication for Vehicular Networks","Technology"
"Barrier-Free Access to Mathematics for Visually Impaired People","Mathematics"
"IISSCoS: Improving Indexing for Search of Spontaneous Conversational Speech","Others"
"Natural Movers: Characteristic motions for realistic human animation","Others"
"Critical Care Telemonitoring - Babylink","Policy"
"Copositive Lyapunov Functions for the Stability Analysis of Positive Dynamical Systems","Technology"
"Optical Coherence Tomography using a 1550 nm Superluminescent Diode and Anti-Stokes Imaging Device for Full-Field Optical Metrology","Physics"
"Digital Holographic Microscope","Technology"
"Side Channel Analysis of Bilinear Pairing Algorithms: Practically Validating Attacks and Developing Countermeasures","Technology"
"Design and manufacture of high performance energy absorbing foams","Engineering"
"Functionalised Nanofibres for Neuronal Regeneration","Biology"
"Mechanoresponsiveness of mesenchymal stem cells with ageing","Biology"
"Development of a Bacterial Cellulose Tissue Engineered Blood Vessel","Biology"
"Development of Fracture Mechanics Procedures for High Temperature Components containing a Residual Stress Field","Technology"
"Development of an active biomechanical model to analyse experimentally observed cell behaviour in response to mechanical stimuli","Biology"
"Optimisation of a novel biofilm technology for the removal of nuisance odours using microsensors molecular biology techniques and mathematical modelling","Technology"
"How Does Bone Detect Cracks and Repair Them","Others"
"Functional genomics of stress acclimation responses to climate change in Physcomitrella patens","Biology"
"Towards an understanding of cold adaptation in methanogenic consortia: the application of metaproteomic analyses to anaerobic digestion","Biology"
"Development of self-assembling nanocapsules for environmental applications","Technology"
"Capturing Uncertainty in Climate Change Impacts for the Water Sector","Others"
"Genetic network analysis of glutamate signalling genes in bipolar affective disorder","Technology"
"Stationary-phase expression of Fis in Salmonella enterica","Biology"
"Defining the Targets of RX3 an essential gene for eye development.","Technology"
"Molecular mechanism of interaction between human epithelial cells and the gastrointestinal pathogen Vibrio parahaemolyticus","Biology"
"Systems analysis of modulation of calcium-regulated signaling and calcium homeostasis by a bacterial secondary metabolite in the model eukaryote Saccharomyces cerevisiae","Biology"
"Development of signature-tagged mutagenesis for functional genetic analysis of Listeria monocytogenes infection of the GI tract","Biology"
"A numerical investigation of the relationship between rock properties and the angle of internal friction","Technology"
"Testing the models for glacial inception and the timing of interstadials: constraints from highly resolved climate proxy records","Mathematics"
"Metals in the Marine Environment","Others"
"Towards improved imaging of magma chambers","Physics"
"INDEPTH4: InterNational DEep Profiling of Tibet and the Himalaya Phase IV","Policy"
"Dynamics of continental deformation: insights from seismic structure and anisotropy","Others"
"Costas Arrays","Others"
"Codes Over Rings and Applications to Combinatorics","Technology"
"Higher Genus Vertex Operator Algebras","Mathematics"
"Algorithms for computing with matrix groups over infinite fields","Technology"
"Stability of vortices in fluids","Others"
"Diophantine approximation on manifolds","Others"
"A posteriori error analysis in the numerical solution of singularly perturbed differential equations","Technology"
"On Gauge Theories and Non-Linear Fourier Transform","Others"
"On-line Statistical Inference for Telecommunications using the Variational Bayes Approximation","Technology"
"Computer modelling of oxide ion conductors for fuel cell applications","Technology"
"Bubble and droplet structure: from the micro to the nano scale","Others"
"Mesoporous Metal Oxides for Photovoltaic and Electrochromic Applications","Technology"
"The Protection of Technologically Important Metals and Alloys using Polymer Coatings Doped with Anionic Supramolecular Cages","Chemistry"
"Novel Strategies to Enhance the Field Emission Properties of Zinc Oxide Nanowires","Others"
"Design of novel doped conducting polymers for the controlled release of carbon monoxide","Engineering"
"A new approach to long-wavelength ordered site-controlled semiconductor nanowires","Physics"
"Crystal Engineering - Rational Design of Solid State Structure based on Sulfur Oxidation Level","Engineering"
"Identification and characterisation of an apoptosis-specific serine protease","Chemistry"
"The Role of SATB2 in Colon Cancer Progression","Others"
"Roles of the Cdc7 kinase in cancer cells exposed to S-phase anticancer agents.","Biology"
"The PARKIN-CDC4-PGC1 Axis: A Novel Drug Target for Parkinsons Disease.","Biology"
"The role of the IL-1 type 1 receptor in the life, death and differentiation of adult hippocampal neural precursor cells.","Biology"
"Behavioural and neuropathological characterisation of a novel intracerebral rotenone model of Parkinsons disease","Biology"
"Functional characterisation of the Rab11-FIP4 Protein","Biology"
"Programming Motor Guidance","Others"
"IGF blockade in HER2-overexpressing breast cancer","Others"
"Mitochondrial bioenergetics control by the FoxO3 transcription factor","Others"
"Investigation of radiative energy losses from tungsten plasmas","Physics"
"Coincidence Photoelectron Spectroscopy (of alkaline-earth atoms).","Physics"
"Coherent Short Wavelength Radiation - Resonantly enhanced high harmonic generation from colliding laser plasmas","Physics"
"Searching for the Higgs at LHCb","Others"
"Probing the existence of Black Holes in Globular Star Clusters - by identifying and tracking their high-velocity stars","Others"
"Are Helical Magnetic Fields Inherent to the Relativistic Jets of AGN","Physics"
"Magnetic ordering and frustration phenomena in 2D nanodot arrays - how small can MRAMs be","Physics"
"Isovalent impurity band doping of semiconductors - a new tool for device design","Engineering"
"PIC simulations of near and mildly relativistic shocks","Others"
"Mechanobiology of mesenchymal stem cells for articular cartilage repair","Biology"
"Proteomic identification of the receptor for TLQPP21 a VGF-derived neuropeptide which increases energy expenditure and prevents development of diet-induced obesity","Biology"
"Assessing the Haemodynamic performance of NMES-assisted Venous Return","Others"
"Enhancing the Moland Model of the Greater Dublin Region: From strengthening theoretical foundations to improving end-user functionality","Mathematics"
"The generation of enhanced forms of the lantibiotic nisin for use in the food industry (NisEnhance)","Biology"
"Applied Neurotherapeutic Research Group Phase II","Biology"
"Jennifer McManus","Others"
"Andreas Heise","Others"
"Nick Campbell","Others"
"Philippe Moser","Others"
"Magnetic nanostructured detection strategies for microfluidic multiplexed protein biomarker arrays","Physics"
"Characterisation and device applications of liquid crystals exhibiting Biaxial nematic phase at room temperature","Engineering"
"International Conference on Trends in Bioanalytical Sciences and Biosensors 2009(ICTBSB 2009)","Technology"
"Surface proteins of Staphylococcus aureus involved in nasal colonization biofilm formation and immune evasion. Potential for vaccine development","Biology"
"Mechanisms of SRC-1 mediated endocrine resistant breast cancer: uncovering prognostic markers and therapeutic targets","Biology"
"SFI Scholarship - Young Women in Engineering","Engineering"
"SFI Scholarship - Young Women in Engineering","Engineering"
"SFI Scholarship - Young Women in Engineering","Engineering"
"SFI Scholarship - Young Women in Engineering","Engineering"
"SFI Scholarship - Young Women in Engineering","Engineering"
"SFI Scholarship - Young Women in Engineering","Engineering"
"SFI Scholarship - Young Women in Engineering","Engineering"
"SFI Scholarship - Young Women in Engineering","Engineering"
"SFI Scholarship - Young Women in Engineering","Engineering"
"SFI Scholarship - Young Women in Engineering","Engineering"
"Genome-Wide Association Studies of Diabetic Nephropathy","Biology"
"Visible light active nanocrystalline titania (TiO2) materials for cleaning polluted water","Others"
"CSET Biomedical Diagnostics Institute (BDI) Supplement","Biology"
"Testing for the action of natural selection on novel human protein coding genes","Biology"
"CSET APC: Alimentary Pharmabiotic Centre - Second Term Funding","Policy"
"Biofunctional polymer architectures and responsive surfaces for advanced sensing and biomedical applications","Biology"
"James Murphy","Others"
"Martyn Pemble","Others"
"Quantitative Mathematical Modelling of Visual Hallucinations","Mathematics"
"Transcriptional profiling in human lymphocytes in pre-eclampsia","Others"
"Cell wall metabolism and signal transduction: the linked roles of the YycFG PhoPR and VanRS two component systems in controlling cell wall metabolism and vancomycin resistance","Biology"
"Harnessing the immunostimluatory activity of chitosan to produce potent vaccine adjuvants","Biology"
"CSET Biomedical Diagnostics Institute (BDI) Supplement","Biology"
"CSET APC: Alimentary Pharmabiotic Centre","Biology"
"CSET ISERC: Irish Software Engineering Research Centre (ISERC)","Engineering"
"Tyndall National Institute: National Access Programme (Year 5)","Policy"
"Intestinal epithelial damage repair and carcinogenesis","Biology"
"Data Mining Between Unsupervised and Supervised Techniques","Technology"
"Quantum Engineering for Quantum Information Technologies","Engineering"
"PICA - Principal Investigator Career Advancement GUILD: Generating Urban Infrastructures from LiDAR Data","Technology"
"Control of endogenous analgesia by the brain endocannabinoid system: sites and mechanisms of action","Biology"
"Testing for the action of natural selection on novel human protein coding genes","Biology"
"Peptide engineering of the two-component lantibiotic lacticin 3147: generating a blueprint for improved lantibiotic design","Engineering"
"Claude Shannon Institute for Mathematics and Communications","Mathematics"
"Novel Agents for Photodynamic Therapy-Based Treatment of Cancer: Pre-Clinical and Mechanistic Studies","Biology"
"Identification and Characterisation of Molecular Regulators of Circadian Rhythms","Chemistry"
"Using mass spectrometry for identifying components involved in cellular glycosylation regulation","Policy"
"Tailored Adsorption of Proteins onto Mesoporous Silicates","Biology"
"New approaches to detecting trace halogen-containing compounds in the atmosphere","Chemistry"
"Conducting Polymers Modified with Cyclodextrins: Novel Materials in Environmental Remediation","Chemistry"
"Using Electromagnetic Fields to Probe and Influence Protein Behaviour","Physics"
"Scale effects in nano-indentation fracture toughness measurements of brittle ceramics arising from crack-microstructure interactions","Others"
"Structural characterisation of a bacterial metabolic organelle","Biology"
"Aggregation segregation and collective motion of swimming organisms and cells in flows","Biology"
"Development of a nuclear magnetic resonance imaging technique for the accurate detection and quantification of tissue sodium concentration in animal models of disease","Physics"
"Understanding the Origins of the Common Elements: Mass-Loss from Red Giant Stars","Technology"
"A comparative genomic investigation in to the molecular mechanism and evolution of sensory perception in mammals","Biology"
"Utilising vaccinia virus proteins to explore innate immune signalling mechanisms","Biology"
"Novel therapeutic targets in Toll-like receptor signalling","Biology"
"Role of inflammation in age-related neurodegeneration","Biology"
"The HD-GYP domain and cyclic di-GMP signalling in the virulence of bacterial pathogens of humans and plants","Biology"
"Materials and charge Transport in Meso-scale Semiconductor Devices","Engineering"
"Fundamental Studies of Optically Active Materials based on Advanced Growth Techniques and Colloidal Crystallisation","Physics"
"The contribution of NR4A2-dependet gene expression for the development of chronic inflammatory joint disease","Biology"
"Functional and structural analysis of respiratory chain complexes from Thermus thermophilus","Technology"
"Synthesis and Biological Evaluation of alpha-S-Linked Galactosylceramides","Chemistry"
"A Multimedia-based Adaptive Hypermedia System for E-Learning","Education"
"Devising a NAno-BioSensor Platform to Detect and Monitor Food-borne Pathogens (DNA-Sens)","Technology"
"Using 802.11 medium access control layer measurements to understand and improve network performance","Technology"
"Tissue Engineered Nucleus Pulposus","Engineering"
"Does genetic variation at dysbindin and other candidate schizophrenia genes within the glutamate system contribute to abnormal perceptual processing measured using visual and auditory evoked potentials","Engineering"
"Constraining global Carboniferous climatic fluctuations using high resolution geochronology","Education"
"Chiral quantum dots","Physics"
"Light Activiated Molecular Switches for Control of Molecular Docking at Liquid-Solid Interfaces","Chemistry"
"Soliton Solutions to Higher Dimensional Gravitating Gauged Scalar Field Systems(comma) with applications to AdS/CFT and Branes","Technology"
"Manipulation Schemes for Cold Atoms","Others"
"Novel element-selective(comma) symmetry(comma) polarisation and state-resolved investigations of chemical bonding","Chemistry"
"Computationally Guided Glycoscience: Force field development and application in the design of novel glycosensors","Technology"
"Siegfried Handschuh","Others"
"Johan Ericcson","Others"
"Alexei Pozdnoukhov","Others"
"David Malone","Others"
"Mark Flanagan","Others"
"SRC NFB: Network of Excellence for Functional Biomaterials (NFB)","Technology"
"SRC FORME: Functional Oxides and Related Materials for Electronics","Others"
"British Mathematical Colloquium and Irish Mathematical Society Meeting","Mathematics"
"Bacterial Lipoprotein Tolerance Protects Against Microbial Sepsis Via Acceleration of Phagosome Maturation","Biology"
"Functionalised Nanofibres for Neuronal Regeneration","Biology"
"Development of an active biomechanical model to analyse experimentally observed cell behaviour in response to mechanical stimuli","Biology"
"Testing arthropod evolution and the Cambrian animal radiation using new data and methods: MicroRNAs molecular sequences and relaxed molecular clocks","Technology"
"Defining the Targets of RX3 an essential gene for eye development","Technology"
"Aerosol mass spectrometry studies in the marine and polluted atmosphere","Others"
"Stability of vortices in fluids","Others"
"Bubble and droplet structure: from the micro to the nano scale","Others"
"Investigation of radiative energy losses from tungsten plasmas","Physics"
"Mechanobiology of mesenchymal stem cells for articular cartilage repair","Biology"
"Protein adsorption to medical devices and decontamination","Biology"
"CSET Biomedical Diagnostics Institute (BDI) Supplement","Biology"
"Molecular determinants of seizure-induced neuronal death and epileptogenesis","Chemistry"
"Comprehensive Analysis of Nucleosome Stability and Dynamics","Technology"
"Diversity of Salmonella in Ireland","Biology"
"Topological Phases and Topological Quantum Computation","Technology"
"Micro-RNA regulation of gene expression in diabetic nephropathy","Policy"
"Laoise McNamara","Others"
"Source Optimisation for EUV Lithography (EUVL) in High-Volume Manufacturing (HVM)","Engineering"
"Dynamics and Control of Networked Systems","Technology"
"Boris Kholodenko","Others"
"Chris Creevey","Others"
"Lampros Nikolopoulos","Others"
"Joao Marques-Silva","Others"
"Cathal Seoighe","Others"
"Soft computing in optics","Technology"
"Query Processing Algorithms for Spatio-Textual Document Extraction on the Web","Technology"
"CSET REMEDI: REMEDI Supplement","Others"
"CSET CRANN: 2nd Term funding","Policy"
"29th Conference on Applied Statistics in Ireland","Education"
"ERC Starter Grant - Top Up","Policy"
"ERC Starter Grant - Top Up","Policy"
"Establishment of ICHEC as a National Facility for High-End Computing","Technology"
"Investigation of the Transcriptional Regulation of Toll-like Receptor Signalling","Policy"
"Fractionating reward-based decision making into its component neural processes using functional resonance imaging","Engineering"
"Understanding Memory Deficits: A Combined fMRI-DTI Approach for Assessing Neuronal Network Changes","Technology"
"Cyclic Nucleotide mediated inhibition of platelet function: mechanisms and new targets for diagnosis and therapy of vascular disease","Biology"
"Towards the druggable interactome: bioinformatic analysis of protein interactions and oligopeptide modulation of signalling networks","Biology"
"Comparative genome analysis of Candida species: Biofilm development and virulence","Biology"
"The Retinol Binding Protein Receptor and Human Disease: Structure and Function","Biology"
"Host recognition and penetration by a lactococcal phage: a structure-function analysis","Technology"
"Genes to Biology: A Translational Pipeline for Schizophrenia","Biology"
"Epigenomics of genome dosage effects and genomic imprinting","Biology"
"On-Line Monitoring and Control of High Cell Density Cultures","Biology"
"BH3- Only Proteins and Cellular Bioenergetic in the Control of Neuronal Survival and Cell Death: Role in Ischaemic Injury and Neurodegeneration","Biology"
"Physics of Photonic Microresonators","Physics"
"Evolution in dynamic environments with Grammatical Evolution (EDGE)","Mathematics"
"One dimensional Nano-spintronics with Non-magnetic nanowires","Physics"
"Statistical Methodology in ICT Applications (STATICA)","Technology"
"The Development of Artificial intelligence Approaches for Preferences in Combinational Problems","Policy"
"Nanostructure Forming Mechanics","Others"
"Public-Key Cryptography Based in Finite Simple Semirings","Policy"
"SRC AGRC: Glycoscience Research Cluster","Technology"
"SRC ISSC: Irish Separation Science Cluster-Comprehensive multi-dimensional and multi-modal separation science for complex biological systems","Biology"
"SRC FAME: Federated Autonomic Management of End-To-End Communications Services (FAME)","Technology"
"SRC Clique: Graph & Network Analysis Cluster","Technology"
"SRC PRECISION: Plasma Technology for Nano Manufacturing","Technology"
"RFP Supplement","Others"
"Emmanuel Reynaud","Others"
"David Coker","Others"
"Damian Flynn","Others"
"Paul Leahy","Others"
"Wenxin Wang","Others"
"Efficient parameters and algorithms for cryptosystems based on bilinear pairings","Technology"
"Topological Order Quantum Computation and the Fractional Quantum Hall Effect","Technology"
"Microbe Host Interactions (MHI)","Others"
"DiaMonD (Diagnostics for Monitoring Disease) UREKA Training Site","Education"
"DiaMonD (Diagnostics for Monitoring Disease) UREKA Training Site","Education"
"Molecular Recognition: Translating Design into Application (MolRec)","Engineering"
"SPUR-ON: Summer Programme in Undergraduate Research On Neuroscience","Biology"
"Summer Internship on Autonomous Robotics (SIAR)","Others"
"FASTNET - From Atoms to Systems - Tyndall undergraduate research NETwork","Technology"
"FASTNET - From Atoms to Systems - Tyndall undergraduate research NETwork","Technology"
"The use of pyrrolo-15-benzoxapines as powerful probes to dissect components of apoptotic cell death signalling and their development as anti-cancer therapeutics","Biology"
"Molecular mechanisms of platelet activation & adhesion","Chemistry"
"Hongzhou Zhang","Others"
"Photoresponsive RNAs constructed by metal free azide free click chemistry-probes for visualisation of mRNA trafficking","Chemistry"
"Jay Hinton","Others"
"Thomas Jansen","Others"
"Domenico Zito","Others"
"Milovan Krnjajic","Others"
"Improving retinal imaging","Physics"
"Cancer proteomics 2009: Mechanistic Insights Technological Advances and Molecular Medicine","Biology"
"2009 Ph. D. Research in Microelectronics and Electronics (PRIME)","Technology"
"China-Ireland ICT Conference (CIICT 2009)","Technology"
"Altered Genetic Code Readout","Biology"
"4th IEEE International Conference on Global Software Engineering","Engineering"
"Peter Parbrook","Others"
"Molecular basis of the perception of the diffusible signal factor DSF in the regulation of virulence in Xanthomonas campestris","Policy"
"Challenges and opportunities with emergent (mis)behavior in VANET-based distributed systems","Technology"
"European Society for Animal Cell Technology International Conference-The 21st Meeting in the 21st Century","Education"
"International Society for Environmental Epidemiology 21st Annual Meeting","Policy"
"WWVII 2009 International Conference on Biomechanics in Sport","Education"
"Workshop on Codes and Systems","Education"
"International Symposium on Functional Nanomaterials","Policy"
"Atlantic Centre for Atomistic Modelling Workshop Series: Bridging Simulation Experiment and Industrial Application in Biology and Advanced Materials.","Education"
"Computer simulation of biodegradation scaffolds: Validation against experiments and implementation for tissue engineering","Engineering"
"Luiz DaSilva","Others"
"ACM SIGPLAN 2009 Conference on Programming Language Design and Implementation","Engineering"
"Clinical surface disinfection employing the effect of photosensitization","Biology"
"Development of Environmentally-Friendly Paper-Based Technology Platforms for Green RFIDs and Sensors with Enhanced Wireless Intelligence and renewable energy scavenging capabilities","Technology"
"Quantum Design of FUnctional Nanodevices: QDFUN","Engineering"
"Adaptive Optics in Hybrid Wireless-Wired Sensors for Power Plants","Physics"
"Utilising vaccinia virus proteins to explore innate immune signalling mechanisms","Biology"
"SFI Scholarship - Young Women in Engineering","Engineering"
"SFI Scholarship - Young Women in Engineering","Engineering"
"CSET Systems Biology Ireland (SBI) Supplement","Biology"
"SFI Scholarship - Young Women in Engineering","Engineering"
"Paolo Guasoni","Others"
"Nutritional Interactions in the Establishment and Maintenance of Pregnancy","Others"
"Continuum mechanics modelling of soft tissues & biomaterials","Biology"
"Topological Phases and Topological Quantum Computation","Technology"
"Development of a Greenhouse Gas Ocean-Atmosphere Flux Sensor with MEMS-based Photoacoustic Technology","Technology"
"Novel delivery methods for preventing progressive neuronal cell death in the human central nervous system","Biology"
"Irish Society of Immunology Meeting 2009: Regulation of the Immune System in Health & Disease","Biology"
"2009 Technical Group Meeting of the WHO Household Water Treatment and Storage Network (HWTS09)","Technology"
"International Ion Chromatography Symposium 2009","Policy"
"Identification of the modules in the phylogenetic network of life","Technology"
"Supplement","Others"
"Computational & experimental analysis of deformation damage & cellular function in biological microarchietectures for the study of the effects of disease and for tissue regeneration applications.","Biology"
"SFI Scholarship - Young Women in Engineering","Engineering"
"SFI Scholarship - Young Women in Engineering","Engineering"
"SFI Scholarship - Young Women in Engineering","Engineering"
"SFI Scholarship - Young Women in Engineering","Engineering"
"Integration of an existing rule-based open-source machine translation platform with efficient corpus-based machine translation modules and tools","Technology"
"SFI Scholarship - Young Women in Engineering","Engineering"
"Ravindranathan Thampi","Others"
"Stephen Kirkland","Others"
"Chemical Biology on Carbohydrates - Approaches Towards Potential Drugs and Vaccines against Infectious Diseases and Cancer","Biology"
"Single Molecule Instrument Research Program: Force Measurements in Live Cells and Multiplexed Pathogen Detection","Biology"
"Investigation into Ro52/TRIM21 as a critical regulator of type I IFN and autoantibody production in Lupus","Technology"
"Barrier-Free Access to Mathematics for Visually Impaired People","Mathematics"
"Development of techniques and instruments for invasive fetal surgery","Technology"
"Regional Scar Wars: preclinical studies of local and controlled release of antifibrotic substances to advance implantology and tissue repair","Biology"
"High-Speed Stellar Magnetic Field Measurements using the Galway Astronomical Stokes Polarimeter (GASP)","Physics"
"Photochemistry on model carbon surfaces: understanding the role of photoinduced charge transfer in heterogeneous reactions of combustion carbon aerosols","Chemistry"
"A functional analysis of desiccation tolerance in the anhydrobiotic nematode Panagrolaimus superbus using RNA interference assays.","Technology"
"Spin and charge polarons and their impact on magnetism and charge transport in oxides","Physics"
"Separate Electron Orbital Effects in STM Imaging","Physics"
"Geovisual Analytics for Spatial Decision Support","Others"
"Heterogeneous materials integration for III-V optoelectronics and solar cell applications","Biology"
"WWVII 2009 International Conference on Biomechanics in Sport","Education"
"International Society for Cell and Gene Therapy of Cancer: Annual Conference 2009","Education"
"International Society for Cell and Gene Therapy of Cancer: Annual Conference 2009","Education"
"Neuroscience Ireland Annual Conference 2009","Education"
"Irish Society of Immunology Meeting 2009: Regulation of the Immune System in Health & Disease","Biology"
"International Ion Chromatography Symposium 2009","Policy"
"Irish Symposium on Biostatistics and Bioinformatics (ISBB)","Others"
"Photonics Ireland 2009","Physics"
"Exploring antiretroviral-induced adipose tissue toxicity through translational research.","Biology"
"Elucidating the role of y-aminobutyric acid metabolism in stress resistance and virulence of Listeria monocytogenes","Biology"
"Malini Olivo","Others"
"Microfluidic Platform for Enrichment of Cancer Biomarkers","Technology"
"Interfacing single molecules via nanoparticle networks (INTERNET)","Technology"
"Nanofibre Optical Interfaces for Ions Atoms and Molecules (NOIs)","Physics"
"Immunomodulation by cell-death-related proteases","Biology"
"Therapeutic targeting of amyloid beta-protein oligomers","Biology"
"Macrophage Migration Inhibitory Factor (MIF) enzymatic activity & pulmonary disease","Biology"
"Characterisation of neuronal cell death signalling by in vivo imaging","Biology"
"Functional genomics and proteomics studies of bovine tuberculosis","Biology"
"Adaptive Photonics for Nanoscale Bioimaging","Physics"
"Understanding and exploiting molecular mechanisms of DNA replication in cancer cells","Chemistry"
"Virtual Glycan Array Development and Carbohydrate Receptor Engineering","Engineering"
"The development of a metabolic biomarker based screening test to identify uteroplacental insufficiency in pregnancy","Biology"
"Environmental adaptation gene regulation and virulence of Salmonella","Policy"
"Advanced Molecular Simulation: Applications and Methodological advances across Biology ICT and Nano-Materials and Energy and the Environment","Technology"
"Vulnerability Assessment and Mitigation of Information and Communication Systems for Critical Infrastructures","Technology"
"Developing a Global Software Development Framework for the Medical Device Industry","Technology"
"Supramolecular Coordination Networks for Gas Storage Gas Separation & Catalysis","Chemistry"
"Growth and Characterisation of self-forming diffusion barrier layers for interconnect technologies","Others"
"High-performance heterogeneous computing","Technology"
"Combustion Chemistry for Sustainable energy and Energy Efficient Technologies","Chemistry"
"Adaptive and adaptable media and services for dynamic personalisation and contextualisation (AMAS)","Technology"
"Content Aware visual Media processing","Engineering"
"SRC FMC2: Financial Mathematics and Computation Cluster (FMC2)","Mathematics"
"Genome-Wide Association Studies of Diabetic Nephropathy","Biology"
"BEACONS: Biosafety for Environmental Contaminants using Novel Sensors","Technology"
"9th International Symposium on Web and Wireless Geographical Information Systems (W2GIS 2009)","Technology"
"Connecting leading researchers and academia to support the commercialisation of new and existing technologies","Technology"
"Functional characterisation of a novel TIR domain-containing protein in immunity and disease","Biology"
"Nanoelectrode arrays exhibiting enhanced electrochemical and electrogenerated chemiluminescence functionality","Chemistry"
"As quick as quicksilver: Ultrasensitive detection of atmospheric mercury and its application to mercury speciation and atmosphere-surface exchange","Technology"
"New light-induced reactions of acyloximes for the rapid synthesis of biologically important azasugars and glycosconjugates","Chemistry"
"The asymmetric synthesis of 13-hydroxyketones using hydrazones with (-)-sparteine as chiral ligand and 13-aminoalcohols using an aldol-Tishchenko type reaction with sulfinylimines.","Chemistry"
"Combining Spatial Statistical Modelling and Geovisual Analytics: the example of Geographically Weighted Local Statistical Methods","Mathematics"
"Enhancing Stroke Rehabilitation with the Application of Brain Computer Interfaces","Technology"
"Determination and Optimisation of the Impact of Distributed Energy Resources on the Low Voltage Distribution Network and Wider System Impacts","Technology"
"Sliding Bubbles and the Mechanisms of Enhanced Heat Transfer","Others"
"Loading a self-assembled nano-textured matrix for functional tissue engineering","Engineering"
"Biodiversity and species interaction - theory and application to multifunctional ecosystems","Mathematics"
"Expanding the therapeutic potential of amphotericin B by engineered biosynthesis","Engineering"
"Understanding the inhibition of enteric methanogenesis: A metagenomic approach.","Biology"
"Integrable systems in the theory of nonlinear waves in fluids","Mathematics"
"Universality approximation and potential theory","Mathematics"
"Probabilistic inference for statistical models with intractable normalising constants","Mathematics"
"An Advanced Forecasting System for Efficient Use of Wind Energy","Technology"
"Model-based Statistical Methods for Mixed-Mode Metabolomic Data.","Technology"
"Nonlinear Equations in Quantum Chemistry","Chemistry"
"Differential effects of sleep loss on overnight driving and cognitive performance as a function of age and polymorphisms of the PERIOD3 gene","Biology"
"Registration of Diffusion Tensor Magnetic Resonance Imaging Cardiac Data with Cardiac CINE MRI Data","Technology"
"What role does long-term synaptic plasticity play in the mechanisms of neurocognitive function","Biology"
"Variation of the Oxidation Efficiency and Particle Precursor Gases in the Coastal Atmosphere","Others"
"CSET Biomedical Diagnostics Institute (BDI) Supplement: Development of igG Assay Biochips for Bioprocess Samples - Addition of Industry Partner","Biology"
"Structural Basis for Vesicle Trafficking by Small GTPases","Others"
"CSET CTVR: Centre for Telecommunications Value-Chain Research (CTVR)","Technology"
"Nanowire based Microwave Emitters for use in Monolithic Microwave Integrated Circuits","Technology"
"SRC MTC: Molecular Therapeutics for Cancer: Translational Research to Individualise Therapy with Target Agents","Chemistry"
"Future Oxides and Channel Materials for Ultimate Scaling (FOCUS)","Others"
"Mechanics of biological soft tissues and biomaterials: Growth residual stress and acousto-elastic diagnostics","Biology"
"National Strategic Forum for Clinical Research","Policy"
"SFI Scholarship - Young Women in Engineering","Engineering"
"SFI Scholarship - Young Women in Engineering","Engineering"
"SFI Scholarship - Young Women in Engineering","Engineering"
"SFI Scholarship - Young Women in Engineering","Engineering"
"SFI Scholarship - Young Women in Engineering","Engineering"
"SFI Scholarship - Young Women in Engineering","Engineering"
"SFI Scholarship - Young Women in Engineering","Engineering"
"SFI Scholarship - Young Women in Engineering","Engineering"
"SFI Scholarship - Young Women in Engineering","Engineering"
"SFI Scholarship - Young Women in Engineering","Engineering"
"Towards a B-Mode Polarisation Measurement of The Cosmic Microwave Background","Others"
"Gamma-ray bursts with Fermi and INTEGRAL: New processes and new populations","Engineering"
"Investigating the role of the human DEAD box protein DDX3 in IKK-alpha mediated innate immune signalling pathways.","Biology"
"A role for surface layer proteins as virulence factors in infection associated with Clostridium difficile","Biology"
"Regulation of IRE1 signalling by BCL-2 during the unfolded protein response","Policy"
"Intracellular caspase activation profiles in response to chemotherapeutic drugs: role of caspase-2","Biology"
"Modulation of immunophilinprotein interactions in Plasmodium falciparum as a novel approach to antimalarial therapy","Biology"
"Understanding quiescent HSV-1 infection in a new model system.","Biology"
"Novel neurotrophin variants with altered receptor binding","Biology"
"INVESTIGATION OF THE ANTIATHEROGENIC ACTIONS OF INSULIN LIKE GROWTH FACTOR BINDING PROTEIN -1 IN VIVO","Biology"
"An investigation of the molecular interactions between statins and microbial pathogens and their combined impact on the human immune response.","Biology"
"Mechanisms of aromatase resistance in breast cancer patients.","Others"
"Exploring the use of lanthanide luminescent gold nanoparticles for biological applications","Biology"
"Information Embedding in DNA (IE-DNA)","Technology"
"Investigation of Next Generation End-to-end Protocols for Mobile Ad hoc Networks","Technology"
"Context-Aware Real-time Assistant for Falls Assessment in the Elderly","Technology"
"EmoVerE: Emotion Verification Experiments - An Investigation into using Machine Learning for the Automatic Recognition of Emotion in Speech","Education"
"Dynamic Visual Features and Improved Audio-Visual Fusion for Automatic Speech Recognition","Others"
"Modelling and identification of turbulent source mechanisms for subsonic jet noise","Mathematics"
"Understanding Microsatellite Mutation and Evolution  - A Bioinformatics Analysis of 1000 Complete Human Genomes","Biology"
"Characterization of a novel transcriptional and translational regulator of bacterial flagellum production","Biology"
"Molecular mechanisms controlling compensatory growth in muscle of cattle","Chemistry"
"Towards improved understanding of seismic source mechanism at active volcanoes","Technology"
"Testing simulations of relative sea-level change: a marine geophysical perspective","Others"
"Regional seismic imaging of lithospheric deformation","Physics"
"Vertex Operator Algebras and Delignes Exceptional Lie Groups","Mathematics"
"Computer modelling of doped ceria catalysts","Chemistry"
"Exfoliation of graphite to give grapheme in aqueous surfactant solutions: The critical step toward functional nanostructured materials","Others"
"BINDING-Barnacle INspired Design IN Glueing technology","Technology"
"When Chemistry Stacks-Up: A Bottom-Up Approach to Graphene-based Functional Materials","Chemistry"
"Kinetic models for nanoparticle uptake and transport pathways in cells and for analysis of functional impacts of nanoparticles in cells","Biology"
"Multisensory Integration: A high-density EEG approach using ecologically valid stimuli.","Technology"
"Using fluorophore-assisted light inactivation to probe dynamic regulation and function of presynaptic actin","Policy"
"A potential role for hydroxylases in mild hypoxic perturbation of synaptic transmission","Biology"
"Gauge Theory from Quantum String Sigma Model","Mathematics"
"Magnetic gradient electrodes for energy-related applications.","Physics"
"Nanoscale chemical mapping","Chemistry"
"Spatially confined laser produced plasmas","Physics"
"Raman scattering from single walled carbon nanotubes (SWNT) as a probe of nanoscale biophysical interactions","Physics"
"Novel ratiometric approach to identify decisive molecular interactions of the TRAIL apoptotic machinery","Chemistry"
"Modulating activated protein C function for therapeutic gain","Biology"
"Role of CD39+ regulatory T cells in controlling pathogenic Th17 cells in human autoimmune diseases","Biology"
"Transcriptional Regulation by the Ubiquitin System in the Model Plant Arabidopsis thaliana","Policy"
"The role of interspecies communication in influencing virulence biofilm formation and antibiotic resistance of bacterial pathogens associated with cystic fibrosis","Biology"
"Strong interactions and collective effects in semiconductor optoelectronics","Physics"
"Complex networks based on discrete mode lasers","Physics"
"EMOIN: Engineering Metal Oxide Interfaces For Renewable Energy Photocatalysis","Engineering"
"Tuning surface and dopant properties of silicon and germanium nanowires for high performance nanowire-based field-effect transistors","Others"
"N-type doping in germanium for sub-20nm technology CMOS devices","Technology"
"A Biologically inspired framework supporting network management and the Future Internet","Technology"
"Compact and High-performance Circularly Polarized Antennas for the Integration of Wireless Positioning Communications and Asset Tracking Systems","Technology"
"Establishing a profile of HFD protein inheritance and replicative assembly of centromeric loci.","Biology"
"2-dimensional gels: investigating abberant DNA intermediates in mutagenesis","Biology"
"A new approach to predicting dynamics on real-world networks","Technology"
"Atom Probing of Non-Seeded Semiconductor Nanowires","Physics"
"Identification of A-to-I RNA editing in the ribosomal RNA of higher eukaryotes","Biology"
"MicroRNA mediated therapeutics in an orthatopic mouse model of neuroblastoma","Biology"
"Design and Analysis of Completely Decentralised Scheduling in Wireless Mesh Networks","Technology"
"A programmable Built In Self Test for 3D Computer Architecture","Technology"
"Functional polypeptides for biomedical polymers","Biology"
"Biochemical analysis of Hsp70 mutants that suppress prion propagation","Chemistry"
"Experimental and modelling studies of C3 alcohols in a flow reactor with and without NO chemistry","Chemistry"
"Research into real-world digitial forensic practices for the development of highly automated tools to increase speed and efficiency of forensic investigations.","Technology"
"Investigation of a tissue engineered nucleus pulposus scaffold in a organo-culture system","Engineering"
"The invariants of abelian varieties with complex multiplication and the CM lifting","Others"
"Transport and imaging of single atoms","Physics"
"Testing the standard model and measuring the parton distribution functions using W and Z decays to muons at the LHCb experiment","Mathematics"
"Characterising the Magnetic Fields of M Dwarf Stars","Physics"
"Analysis of Intra-Articular Delivery of Salmon Calcitonin-Hyaluronic Polymeric Particulates in the KBxN Murine Model of Arthritis","Chemistry"
"Citizen Sensing via Ubiquitous Computing Enviroments and Social Semantic Platforms","Technology"
"Design and implementation of scientific software on multicore architectures","Engineering"
"Investigation of the feasibility of enzymatic refining of the products of asymmetric oxidation of phosphoramidites for pro tide drug synthesis","Chemistry"
"Non-Linear Optics: An Evaluation of New Push-Pull Thienyl and Ferrocenyl Complexes using EFISH and HR Techniques","Physics"
"Understanding the causes of lithospheric anisotropy in seismic velocity and electrical conductivity","Engineering"
"Phosphoproteomic profiling of lapatinib resistant breast cancer cells","Biology"
"PRET-based detection for point-of-care dignostics","Policy"
"Irish Future Internet Forum","Technology"
"Fusion Expo","Others"
"National Nano Week","Policy"
"UK Nitrides Consortium Winter Conference 2010","Education"
"Modelling and analysis of a large-scale peer-to-peer streaming system to provision cost-effective Video on Demand services in managed networks","Technology"
"Towards new therapies for chronic hepatitis B virus infections: Using high-resolution protein engineering and biophysical methodologies to dissect the molecular interactions critical for viral replication and help discover novel antivirals","Biology"
"Molecular determinants of seizure-induced neuronal death and epileptogenesis","Chemistry"
"BH3- Only Proteins and Cellular Bioenergetic in the Control of Neuronal Survival and Cell Death: Role in Ischaemic Injury and Neurodegeneration","Biology"
"Tyndall National Institute: National Access Programme (Year 6)","Policy"
"Novel approaches to use magnetic tunnel junctions for sensors and logic devices","Engineering"
"Costraint Baset Energy Cost Efficient Scheduling","Others"
"Towards Structure-Based Drug Development.  A Collaboration with Pfizer Global Research and Development","Technology"
"Advanced Simulation of a Novel Radar-Based Biomedical Sensor","Biology"
"Cross Border Programme for Collaborative R & D in Functional Biomaterials","Policy"
"CRANN supplement to promote industry engagement","Others"
"Content Based Multiview Media Editing for eLearning Environments - CBM2 E3","Education"
"Bioresources Research Centre (BRC)","Technology"
"Network Control and Demand Management Techniques to Support Sustainable Electricity Supply Electrical Power and Energy Systems","Technology"
"Ocean Energy Hydraulics & Maritime Research Centre","Technology"
"Charles Parsons Energy Research Award/Centre for Sustainable Technologies (CST)","Technology"
"Electricity Research Centre (ERC)","Technology"
"BioGen: Biologically Mediated Sustainable Energy GenerationThe Microbial Bioenergy (MB) Group","Biology"
"Charles Parsons Research Initiative & Graduate School","Education"
"13th International Conference on the Crystallization of Biological Macromolecules","Education"
"Tissue Engineering Regenerative Medicine International Society-EU Meeting","Engineering"
"Innovation Development in Optics","Physics"
"Powder diffraction of pharmaceutical co-crystals","Others"
"Quantitative in situ assessment of adhesion of polymer/drug dots and coatings on metal wire drug-eluting stents","Chemistry"
"Determination of electrical load composition to enable reduced network investment & energy savings","Technology"
"The Role of Anaerobic Bacterial Infection in Cystic Fibrosis","Biology"
"The origins of bacterial species: A population genomics approach in Salmonella","Biology"
"Theory of Non-Linear Dynamics of Semiconductor Lasers","Physics"
"Engineering Mineralised Tooth Tissue Using Glass Ionomer Nanomaterials","Engineering"
"2nd International Symposium on Chloroplast Genomics and Genetic Engineering","Biology"
"37th European Physical Society Conference on Plasma Physics","Physics"
"17th Annual Meeting of the PsychoNeuroImmunology Research Society","Biology"
"USA/Ireland Functional Foods Conference 2010: Dietary Optimization of Gut Function & the Microbiota","Education"
"STEREO Science Workshop","Education"
"Here Comes The Sun - Sensing Our Nearest Star","Others"
"3rd International Workshop on Systems Biology (IWSB) and Systems Approaches to Parkinsons Disease Symposium (SAPD)","Biology"
"Dissecting plasma membrane to endoplasmic reticulum trafficking pathways in mammalian cells - potential new avenues for improved drug delivery","Physics"
"Molecular Tuning of Porphyrins for Biomedical Applications","Biology"
"8th Annual Western Vascular Institute Symposium","Others"
"Biochemistry and Analytical Chemistry of Toxic Cyanobacterial Blooms","Chemistry"
"IEEE Information Theory Workshop ITW 2010 Dublin","Technology"
"A novel pathway initiating adhesion-dependent platelet thrombosis","Others"
"Importance of bacterial factors and signalling cascades in host cell invasion of the food-borne pathogen Campylobacter jejuni","Biology"
"Functional analysis of NR4A receptor activity during distinct phases of acute and chronic inflammation","Biology"
"Molecular Genetic Analyses of Thalamocortical Connectivity","Chemistry"
"Nanomechanics of Molecular Motors and Cantilever Array Bio-Diagnostic Devices","Engineering"
"Functional characterization of presenilin-dependent regulated intramembrane proteolysis of cytokine receptors: relevance to presenilin biology and immune systems","Biology"
"Helminth co-infection as a modulator of the bovine immune response","Biology"
"Construction of P-Stereogenic Components of ProTide Drug Candidates","Others"
"Novel therapeutic approaches to normalise the exocytosis of transmitters from nerve endings in disease states via voltage-activated K+ channel and SNARE proteins","Biology"
"Post-genomic investigation of celiac disease susceptibility genes","Biology"
"Bovine Genetic Variation and Disease Susceptibility","Biology"
"Novel Nanowire Structures for Devices","Engineering"
"Enhancement of short-term power system flexibility at high wind penetration levels","Technology"
"BEACON:  BoolEAn-based deCision and OptimizatioN procedures","Mathematics"
"ALDesign - Process design for atomic layer deposition","Engineering"
"FASTNET - Focus on Actions in Social Talk: Network-Enabling Technology","Technology"
"Investigating Emerging Non-Silicon Transistors (INVENT)","Others"
"Formation characterisation and exploitation of covalently bonded porphyrin nanostructures","Others"
"Higher-Level Efficient Numerics and Machine Learning","Education"
"Quantum-Dot Semiconductor Optical Amplifier based All-Optical Signal Processing for Ultra High-Speed Photonic Systems","Physics"
"Mathematical modelling of bacterial growth and water quality in natural and commercial environments","Mathematics"
"Footwear Telemetry Antennas for the Next Generation of Body-Centric Sensor Networks","Technology"
"Applications of Wavelength Tuneable Lasers in Access and Metro Networks","Physics"
"Biophotonics and Imaging Conference (BioPIC) 2010","Physics"
"60th Scientific & Standardization Committee Meeting of the International Society on Thrombosis & Haemostasis","Policy"
"Ireland-Taiwan Workshop on ICT & Energy","Technology"
"Integrable models in Statistical Mechanics and Quantum Field Theory","Mathematics"
"6th International Natural Language Generation Conference","Policy"
"Irish Peptide Workshop 2010","Education"
"Atlantic Centre for Atomistic Modelling (ACAM) Workshop Series","Education"
"Irish IPv6 Summit 2010: Broadband for the Future Internet","Technology"
"Quantum-ESPRESSO - Workshop","Education"
"Nanoscale Engineering of Photo-catalysts for CO2 Reduction and Renewable Hydrogen Generation","Engineering"
"SFI Scholarship - Young Women in Engineering","Engineering"
"SFI Scholarship - Young Women in Engineering","Engineering"
"SFI Scholarship - Young Women in Engineering","Engineering"
"SFI Scholarship - Young Women in Engineering","Engineering"
"SFI Scholarship - Young Women in Engineering","Engineering"
"Better Collaboration for engineering Better Health","Engineering"
"MOG 2010: 3rd Workshop on Multimodal Output Generation (MOG)","Education"
"European Study Group with Industry (ESG175)","Technology"
"CREB activation as a mechanism of acidotic pH mediated protection against ischemic injury","Others"
"Understanding the Role of Heat-Shock Proteins in Evolutionary Innovation","Biology"
"Micromechanical Characterisation of Delamination Initiation and Growth in Composite Materials","Engineering"
"Hybrid Substrate Technology: Application to Ge and III-V Compounds","Chemistry"
"SFI Scholarship - Young Women in Engineering","Engineering"
"SFI Scholarship - Young Women in Engineering","Engineering"
"SRC REMEDI:  REMEDI-2: From Research to Human Therapy","Technology"
"Development of a Micro-Rosette Sensor for Total Dissolved Inorganic Carbon Measurement from Autonomous Lagrangian Ocean Profilers","Technology"
"Ireland-China Bilateral Symposia on Frontiers in Synthetic Chemistry","Chemistry"
"AUTOPAR: Automatic Parallelization of Programs","Others"
"Colonisation by sulphate reducing bacteria (SRB) subspecies in normal and inflamed colon and colonocyte responses to the SRB metabolite hydrogen sulphide","Biology"
"SFI Scholarship - Young Women in Engineering","Engineering"
"Apoptosis Symposium","Others"
"6th William Rowan Hamilton Geometry and Topology Workshop","Mathematics"
"Maths Week Ireland","Others"
"Towards understanding the mechanisms involved in the negative regulation of Toll-like Receptor 3 signalling","Policy"
"Multi-sensing nano-structured sensor arrays for toxicity monitoring of cells relevant to human health.","Biology"
"The development of offshore foundation systems for wind energy platforms","Technology"
"Defining the potential of the transmembrane GITR receptor as a novel therapeutic for PNS neuropathies.","Biology"
"Second Light Sheet Based Fluorescence Microscopy Workshop","Education"
"Neuroscience Ireland 2010","Biology"
"Wiring the Brain: Making Connections","Biology"
"International Conference on Pervasive Computing Technologies for Healthcare 2011","Policy"
"The Transient Universe: from Exoplanets to Hypernovae","Others"
"Ultimate Integration on Silicon (ULIS)","Others"
"Probing the Extragalactic Background Light with TeV Blazars","Others"
"Young Brown Dwarfs and Their Environments: Probing the Transition from Star to Planet Formation","Others"
"The importance of nutrient and endocrine regulation of NADPH oxidase(s) in pancreatic beta cell function and integrity: Implications for type-2 diabetes","Policy"
"Protein Probes: From Self-Assembly to In Vivo Trafficking","Biology"
"Investigating the interaction of host cells with biofilms of the Cystic Fibrosis pathogen Burkholderia cepacia complex (Bcc)","Biology"
"Identification and characterisation of lung selective microRNAs that contribute to the unique response of the pulmonary vasculature to hypoxia.","Biology"
"Deciphering the factors that govern the binding interactions of nucleic acids to cell permeable carbon nano materials","Biology"
"Metal-Mediated Homogeneously Catalyzed Procedures for the Activation of Unreactive Bonds","Biology"
"Mechanisms of Action of Deep Brain Stimulation","Biology"
"An experimental and computational investigation of the effect of strain rate on stress fibre remodelling nuclear deformation and gene expression in cells","Technology"
"Immunoinformatics: deciphering the evolution of the mammalian innate immune network using comparative- and paleo- genomics.","Biology"
"Toxic nectar and pollen: impacts on flower-visiting mutualists and antagonists and role in invasion success","Others"
"Predicting protein functions by machine learning","Technology"
"Characterisation of the role played by DNA supercoiling in the regulation of virulence genes of Campylobacter jejuni.","Policy"
"The role of chromatin remodelling in cellular quiescence and apoptosis","Biology"
"The long-term multidecadal variance of the North Atlantic Oscillation (NAO); a critical assessment of recent variability","Technology"
"SUPRSET: Studying the Uncertainty in Palaeoclimate Reconstruction: Stretching and Extending the Theory","Mathematics"
"Geometry of Real Submanifolds in Complex Spaces","Mathematics"
"Electromechanical coupling in collagen and the biological significance of piezoelectricity; from the molecular level to connective tissues","Biology"
"Studies of electron-hole recombination in doped titania for photovoltaic materials design","Engineering"
"Degradation Mechanism of Cyanotoxins Using Novel Visible Light Activated Titania (TiO2) Photocatalysts","Chemistry"
"SKIMMER: Structural Knowledge enablIng suMMarisation and BiomEdical Retrieval","Biology"
"Smart Targeting Strategies for Matrix Metalloproteinases Inhibition in Intestinal Inflammation and Cancer","Biology"
"A novel biomedically compatible optical fibre pressure sensor for clinical diagnostics","Physics"
"Functional analysis of the Rab11 and Rab14 GTPases and their associated proteins in eukaryotic membrane trafficking with potential identification of targets for therapeutic intervention in the treatment of human disease","Biology"
"CSET BDI: Biomedical Diagnostics Institute","Biology"
"The 3rd Annual Meeting of the Irish Epithelial Physiology Group","Biology"
"Molecular mechanisms regulating Toll-Like Receptor signalling in Intestinal Epithelial Cells","Chemistry"
"High throughput analysis of epithelial cell invasion by enterobacterial PATH proteins","Biology"
"Fas (CD95) signaling and cancer-associated inflammation","Biology"
"Efficient catalytic asymmetric crossed acyloin condensations -  a 177 year old problem","Others"
"Stopping within Online Stochastic Optimisation (SO-SO)","Mathematics"
"Media Streaming Optimisation in Next-Generation Heterogeneous Wireless Systems","Biology"
"Study of Dielectric Charging in Capacitive MEMS Switches","Technology"
"Deformation and Fracture of Small Nitinol Structures","Others"
"Novel approaches to the development of key geometrical parameters and aneurysm rupture propensity utilizing 2D ultrasound data","Technology"
"Investigation of de novo origins and evolution of protein-coding genes in vertebrate genomes","Biology"
"Bayesian Nonparametrics in Signal Processing","Engineering"
"Myelin Pathology and its Relationship to Iron Homeostasis in Schizophrenia","Others"
"Is there a role for NF-kB in the circadian clock","Others"
"Precision tests of the Standard Model with LHCb","Mathematics"
"Space-time Approach to Gravitational Radiation Reaction","Chemistry"
"Metallo--lactamases: major culprits in the emergence of antibiotics resistance","Others"
"Tyndall National Institute: National Access Programme (Year 7)","Policy"
"18th International HIV Dynamics and Evolution Meeting","Policy"
"International Statistical Institute Meeting of Young Statisticians","Policy"
"33rd Annual European Conference on Information Retrieval","Technology"
"Advanced Study Course on Optical Chemical Sensors - ACSOS-2011","Physics"
"12th IFIP/IEEE International Symposium on Integrated Network Management","Technology"
"21st International Workshop on Computational Mechanics of Materials","Technology"
"SRC SEES: Sustainable Electrical Energy Systems (SEES)","Engineering"
"Centre for Future Diagnostics & Health (CFDH) renamed Biodmedical Diagnostics Institute","Biology"
"Commercial Opportunity Mapping Exercise for Tyndalls Quantum Dot Technology","Technology"
"Timetabling for the Health Service Executive","Technology"
"Magnetically-modified cathodes for improved energy efficiency in electrowinning","Physics"
"Farnesoid X-Receptor Agonists for treatment of Diarrhoeal Diseases","Biology"
"Biaxial nematic liquid crystal devices","Engineering"
"Mechanisms of triplet repeat DNA mutagenesis","Biology"
"Porous Polymer Material Technology Platform for Medical Device and Biodiagnostic Applications","Technology"
"Assemblies of Nanocrystal Encrusted Carbon Spheres for Low-cost and Wear-resistant Superhydrophobic Coatings","Others"
"Nano enabled transparent conductors","Others"
"Paragen - A source to source parallel compiler","Others"
"Machine Code Grammatical Evolution","Mathematics"
"Feasibility study of a display using non-tilted biaxial smectic liquid crystals","Technology"
"Next Generation Communication Networks","Technology"
"Molecular analysis and engineering of CHO cells for more efficient production of biopharmaceuticals","Engineering"
"Targeted oral delivery of hydroxylase inhibitors as a new therapy for Inflammatory Bowel Disease; a translational feasibility study.","Biology"
"A Systems approach to elucidate the mechanisms of RsmA mediated regulation of virulence-associated traits in Pseudomonas aeruginosa in response to environmental and host interactions","Policy"
"Lead optimisation evaluation and validation of novel small molecule TLR4/MD2 antagonists as anti-inflammatory therapeutic candidates","Chemistry"
"Adding mespores to EMM: building bimodal templates for fabricating hierarchical macroporous-mespoous conducting polymer monoliths for chromotographic applications","Chemistry"
"Nanosphere - Mediated Delivery of Extracellular SOF to the pulmonary ephitelium in the acutely injured lung","Biology"
"Diffusion Tensor Magnetic Resonance Imaging as a non-evasive predictor of cartoid arterial disease and plaque vulnerability","Technology"
"Feasability of automated whole blood screening to evaluate novel immunomodulators extracted from natural bye-products","Biology"
"Solid State Pharmaceuticals Cluster (SSPC)","Others"
"Strategic Research Cluster In Advanced Geotechnologies","Technology"
"Development of new methods for the scalable fabrication of Tip-Enhanced Raman Spectroscopy (TERS) probes","Physics"
"A New Generation Sensor Platform","Technology"
"Epigenomics of genome dosage effects and genomic imprinting","Biology"
"Systematic administration of amiloride for the treatment of motorneuron disorders","Biology"
"Non-linear Magnetophoretic Biosensor for Respiratory Infections (NLM-RI)","Biology"
"Implementation of high-performance building blocks for nano-scale CMOS system-on-chip transceivers 4G wireless communication","Engineering"
"Towards the druggable interactome: bioinformatic analysis of protein interactions and oligopeptide modulation of signalling networks","Biology"
"TNF-? and inflammatory bowel disease: a role for Escherichia coli","Biology"
"A novel enzyme for the decontamination of the prion","Biology"
"Soluble CD1d: a novel regulator of iNKT cells and potential immunotherapeutic agent","Biology"
"Novel therapeutic peptides against Hepatitis C Virus (HCV) that restore responsiveness to Interferon-alpha (IFN- ) therapy","Biology"
"Platelet Function screening for Personalized Medicine","Biology"
"A combined novel micro-fluidic heating/cooling device with on-capillary detection based on a thermoelectric Peltier module array and on-capillary multi-point contactless conductivity","Engineering"
"Return to Feasibility","Others"
"Dynamically Tuneable Plasmonic Sensor for Enhanced Biomedical Detection and Discrimination","Biology"
"CollAqua: Development of cell and growth factor free naturally-derived osteoinductive bone graft substitute","Biology"
"Drug development of IL-2 receptor modulator for therapy of autoimmune diseases","Biology"
"In vivo testing of a novel JAM-A peptide for anti-tumour efficacy in a mouse mammary cancer model","Biology"
"Molecular Therapeutics for Cancer: Translational Research to Individualise Therapy with Target Agents","Chemistry"
"Irish Separation Science Cluster-Comprehensive multi-dimensional and multi-modal separation science for complex biological systems","Biology"
"BEACONS: Biosafety for Environmental Contaminants using Novel Sensors","Technology"
"Optimising technologies for cGMP generation purification and characterisation of a new generation of biotherapeutics for chronic pain","Biology"
"Evaluation of selective gamma-secretase inhibitors as novel modulators of IL-1b-and TNFa - mediated inflammatory disease","Biology"
"Signal Streaming Technology for Real-time Web-based Sensor Applications","Technology"
"SplitStream: Design and Development of Mobile Multihoming Platform for Future Mobile Access Networks Offload Solutions","Technology"
"Nanoweek 2011","Others"
"Nanoweek Outreach propgramme Nano is my life","Others"
"Wnt pathway in vascular biology: a novel target in atherothrombosis","Biology"
"Lantibiotics: the next generation","Biology"
"Smooth muscle Stem/Progenitor Cells - Mechanisms of Differentiation and Function","Biology"
"Semiconductor Nanowire Transistors (SENATOR)","Physics"
"Nanoscale Interfaces and Spin Electronics","Physics"
"Excitation Energy Transfer in Light Harvesting Nanostructures: Quantum Coherent Dynamics and Correlated Environmental Fluctuations","Physics"
"An investigation into the role of TIR8 in regulating autoimmune T cell responses.","Biology"
"In situ formed Stem Cell Biological Dressing for Wound Healing","Biology"
"Identification of novel mechanisms that regulate the SREBP family of transcription factors key regulators of lipid metabolism","Chemistry"
"CHD5 interplay with Polycomb group proteins during lineage specification.","Biology"
"Tumour Specific Nanosensitizers for Multi-modality Optical Diagnostic Imaging and Therapy of Oral Cancer","Physics"
"Quantum Technologies for Quantum Information","Technology"
"High-end computational modelling for wave energy systems","Technology"
"Multi-core Attribute Grammatical Evolution","Mathematics"
"SFI Supplement","Others"
"ROS Signalling in the Lung - Control Mechanisms and Functional Consequences","Others"
"Understanding Embryonic Mortality: Discovery of Mechanisms Regulating Conceptus Growth and Development in Cattle","Technology"
"Physical & genetic interaction map of a critical cell fate determination machine","Biology"
"Ultrasensitive mulimodal biomarker detection.","Others"
"Microcavity supported lipid bilayers: blood platelet models for integrin behaviour","Mathematics"
"Characterisation of novel stress tolerance mechanisms in plants and determining their potential for improving plant productivity","Others"
"Pattern RecognitIon Systems for continuous neurological Monitoring in NEOnates [NEOPRISM].","Biology"
"Crystal Nucleation of Pharmaceutical Compounds","Chemistry"
"Redox and catalytic properties of hydrated metal oxide electrodesfor use in energy conversion and storage devices","Engineering"
"Compound Interest: Multiple Outputs from Light-emitting Materials","Chemistry"
"Plasmonic enhanced nanophotonic devices","Physics"
"Self-organising Architectures for Autonomic Management of Smart Cities","Others"
"Advanced Ultraviolet Emitters from InAlN Based Alloy Structures","Physics"
"The Self-Architecting Wireless Network: Transient Ownership Information Sharing and Learning","Technology"
"Naturally fault-tolerant quantum information processing: from concepts to media devices and algorithms","Engineering"
"Towards ocean wave energy-potential quantification from a terrestrially-based seismic observation system (Wave-Obs)","Technology"
"Materials for Energy: Multiscale Thermomechanical Characterisation of Advanced high temperature Materials for Power generation (METCAMP)","Engineering"
"IRETHERM: Developing a strategic and holistic understanding of Irelands geothermal energy potential through integrated modelling of new and existing geophysical and geological data","Technology"
"Graphene Engineering for Electronics and Sensing (GREES)","Engineering"
"Ninth Annual RECOMB Satellite Workshop on Comparative Genomics","Biology"
"Lanthanide self-assembly structures as novel luminescent materials","Others"
"New Paradigms in Constraint Programming: Applications in Data Centres","Mathematics"
"CSET LERO: The Irish Software Engineering Research Centre - 2nd Term funding","Engineering"
"Cancer Proteomics 2011: Systems Biology Developmental Models and Data Integration","Biology"
"NanoBioEurope 2011","Others"
"Progress on Difference Equations 2011","Others"
"11th International Conference on Software Process Improvement and Capability dEtermination (SPICE 2011)","Policy"
"Mechanisms to prevent disruption of synaptic plasticity in vivo","Biology"
"Biannual UK & Ireland NF-kappaB Workshop","Education"
"Block MS Ireland 1st Annual Meeting: Recent advances in Multiple Sclerosis","Others"
"Atlantic Centre for Atomistic Modelling (ACAM) Workshop Series","Education"
"SRC SSPC: Solid State Pharmaceuticals Cluster (SSPC) - Platform project in Contiuous Crystallisation","Technology"
"SFI Scholarship - Young Women in Engineering","Engineering"
"SFI Scholarship - Young Women in Engineering","Engineering"
"SFI Scholarship - Young Women in Engineering","Engineering"
"SFI Scholarship - Young Women in Engineering","Engineering"
"SFI Scholarship - Young Women in Engineering","Engineering"
"SFI Scholarship - Young Women in Engineering","Engineering"
"SFI Scholarship - Young Women in Engineering","Engineering"
"SFI Scholarship - Young Women in Engineering","Engineering"
"SFI Scholarship - Young Women in Engineering","Engineering"
"SFI Scholarship - Young Women in Engineering","Engineering"
"CSET CTVR: Centre for Communications Value-chain Research 2nd term funding","Technology"
"7th International Conference on Predictive Modelling of Food Quality and Safety (ICPMF7)","Technology"
"24th European Conference on Biomaterials - The Annual Conference of the European Society for Biomaterials","Education"
"Mathematical frontiers in the life sciences","Mathematics"
"The 8th International Cancer Conference State of the Art Cancer Care - Celebrating 300 years of Medicine at Trinity College Dublin","Policy"
"Neuroscience Ireland 2011","Biology"
"The 8th Cheese Symposium 2011","Others"
"Sensors & Their Applications XVI","Technology"
"IEEE Sensors 2011","Technology"
"ACM Genetic and Evolutionary Computation Conference (GECCO 2011)","Technology"
"Research at CERN using radioactive isotopes in the physical and biomedical sciences","Biology"
"Photonics Ireland Conference 2011","Physics"
"EUROCVD18 - 18th International Conference on Chemical Vapour Deposition","Policy"
"A lower crustal xenolith perspective on the composition tectonic history and economic significance of a major continental suture zone","Others"
"Strain-induced enhancement of the magnetic response in low-dimensional carbon-based materials","Physics"
"Heavy quark physics in finite temperature lattice QCD","Physics"
"A strongly interacting electroweak symmetry breaking sector","Others"
"Controlling deterministically engineered III-V nanostructures: towards quantum information devices","Engineering"
"MACSI - Mathematical Applications Consortium for Science & Industry","Mathematics"
"DNA triplet repeat expansions and neurological disease","Biology"
"Molecular Mechanisms of Epithelial Transport","Chemistry"
"Socialising Agents: using principles of human multisensory perception to endow virtual agents with maximum social appeal","Technology"
"International Conference on Organic Photonics and Electronics 2011","Physics"
"29th EUCARPIA Fodder Crops and Amenity Grasses Section Meeting","Others"
"7th Clinical Course 2nd Joint meeting & 11th ESCCA Euroconference on Clinical Cell Analysis","Biology"
"Forum Bauinformatik 2011","Others"
"7th European Conference on Constitutive Models for Rubber (ECCMR)","Education"
"Intense Field Short Wavelength Atomic & Molecular Processes (I-SWAMP)","Engineering"
"Improved methods to detect and decontaminate environmental sources of healthcare associated infection","Biology"
"Validating a panel of serum bio markers to inform surgical intervention for prostate cancer","Policy"
"Mechanism of benefit and clinical efficacy of low insulin-like growth factor 1 in acute myocardial infarct repair","Biology"
"A Systems approach to elucidate the mechanisms of RsmA mediated regulation of virulence-associated traits in Pseudomonas aeruginosa in response to environmental and host interactions","Policy"
"Reverse STTF","Others"
"Molecular Therapeutics for Cancer: Translational Research to Individualise Therapy with Target Agents","Chemistry"
"Exploiting helminths to induce novel regulatory mechanisms for therapies for inflammatory diseases.","Biology"
"The 4th Annual Meeting of the Irish Epithelial Group","Others"
"4th International Symposium on Animal Functional Genomics (ISAFG)","Biology"
"Irish Transport Research Network-Academic Industrial Workshop-energy and Transport","Technology"
"7th William Rowan Hamilton Geometry and Topology Workshop","Mathematics"
"12th International Conference on Parsing Technologies","Policy"
"3rd International ICST Conference on Digital Forensics and Computer Crime (ICDF2C 2011)","Technology"
"Radio Frequency Discharge Workshop","Education"
"Nonlinear Dynamics Conference in Memory of Alexei Pokrovskii","Education"
"2nd Maynooth Workshop on Quantum information and Condensed Matter Physics","Physics"
"Development of a gene-activated smart scaffold for bone repair","Technology"
"Investigating the in vivo potential of pre-vascularised collagen based scaffolds for bone tissue regeneration","Biology"
"Soin Dynamics in carbon based nanostructures","Others"
"Synthesis of novel molecules for specific recognition of DNA G-quadruplex structure: Rapid analysis of the binding phenomenon based on quenching of labeled telomeric DNA on Au surface.","Chemistry"
"Novel Ionogels Matrixes for Bio-analytical Applications Photo-polymerised in Microfluidic Devices","Engineering"
"Fabrication of aligned ternary and quaternary copper chalcogenides nanorods solar cell","Biology"
"Data-driven feature extraction from airborne LiDAR for simultaneous segregation of land use land cover and vegetation canopy features","Technology"
"Evaluation of cyclic nucleotide function in zebrafish thrombocytes","Others"
"SRC REMEDI: Supplement to support Chair in Stem Cell Biology","Biology"
"The role of the endocannabinoid system in anxiety-induced modulation of pain: sites and mechanisms of action","Technology"
"Developing BWIM Health Monitoring Systems to Extend Bridge Life","Biology"
"RabGTPases and their interacting proteins in health & disease","Biology"
"3rd International Extreme Ultraviolet Source Workshop","Education"
"Workshop on Modelling Control & Optimisation in Wave Energy","Education"
"European Design Science Symposium 2012","Engineering"
"Maths Week Ireland","Others"
"New Windows into Stellar Atmospheres: The New Era of Sub-Millimetre Millimetre and Centimetre Radio Interferometry","Others"
"A Gamma-Ray Concentrator for Applications in Nuclear Astrophysics and Medicine","Physics"
"Towards the development of robust bio-catalysts: halophilic alcohol dehydrogenases from Haloferax volcanii","Chemistry"
"Characterisation of CD4 cells primed with a novel dendritic cell population","Biology"
"The influence of V?9V?2 T cells on antigen presentation and antibody production","Biology"
"Development of a cannabinoid eluting scaffold for orthopaedic tissue engineering strategies","Engineering"
"Increased cholesterol alters lipid raft structure of circulating neutrophils in cystic fibrosis","Others"
"Molecular mechanisms underlying action of novel BK channel activators","Chemistry"
"The role of bacterial outer membrane proteins in the pathogenesis of chronic lung infection: Potential vaccine candidates or novel drug targets","Biology"
"Predicting patient radiosensitivity and radiotherapeutic outcome with Raman microspectroscopy","Technology"
"Importance of random mitochondrial mutations during disease progression in Barretts Oesophgus","Biology"
"The characterisation of cyclophilin A as a novel regulator of cytokinesis","Others"
"The catalytic conversion of levulinic acid derived from biomass to fuel additives","Others"
"Platinum complexes of guanidinium based DNA minor-groove binders: conjugating forces towards better anticancer agents","Biology"
"Exploiting Chromatin as a New Molecular Target for the Development of Novel Metallochemotherapeutics with Enhanced Selectivity and Activity Towards Cancer Cells","Biology"
"Improving the Therapeutic Potential of Lantibiotic Peptides","Biology"
"Functionalized locked nucleic acids that cleave the RNA component of human telomerase","Biology"
"Slice-Oriented Programming for Timely Dynamic Service-Oriented Composition","Technology"
"Learning Human Spatial Dynamics","Education"
"A New Automated Logic Theory with Attack Detection Capability for the Formal Analysis of Security Protocols","Mathematics"
"Ultrasecure short-range wireless communication using ultrasound","Others"
"Performance Characterization of Low-Density Code Ensembles","Others"
"Mechanisms of biofilm mediated fouling on nanofiltration membranes applied to micropollutant removal","Others"
"Optimal production of renewable gas","Others"
"Evolutionary innovation by rewiring of gene networks - Origin of sense organs in the vertebrate New Head","Technology"
"Pathogen detection survival and sheltering in a model water distribution system","Biology"
"The role of a novel telomere-associated (TLO) gene family in fungal pathogenesis","Biology"
"Distinct Interleukin-8 Promoter Haplotypes - Functional Implications for Expression Neurtrophil Recruitment and S.Aureus Survival in Cattle","Biology"
"Control of TOR kinase: the key to host-pathogen interactions in Candida albicans","Biology"
"Developing a novel technology platform for the genetic transformation of plant and fungal cells","Technology"
"Stress perception in the human pathogen Listeria monocytogenes: seeing the light","Biology"
"(INFORM) Integrated volcanic ash forecasting system","Technology"
"Combined glacial-isostatic adjustment and thermomechanical ice-sheet modelling to reconcile ice-mass variations inferred from sea-level and satellite observations (GIANICE)","Engineering"
"Descriptive set theory and infinite-dimensional geometry","Mathematics"
"Positivity in Matrix Theory","Mathematics"
"Essentially Nonnegative Matrices in Control and Engineering","Engineering"
"Problems associated with bounded symmetric domains","Others"
"Tough healable polymer-graphene hydrogels","Chemistry"
"Investigation and Development of Methods to Identify and Assess Potential Risks associated with the use of Metal Nanoparticle Additives in Food and Food Contact Materials.","Technology"
"The development of a polymeric site specific delivery device to aid in the treatment of irritable bowel syndrome using alternative therapeutic agents","Engineering"
"Development of new cerebral perfusion biomarkers","Technology"
"The effect of sacral neuromodulation on inputs to the somatosensory cortex","Biology"
"Endocannabinoid regulation of neuroinflammatory responses following bacterial and viral infection","Biology"
"Harnessing Adult Stem Cells for Neurotrophin Delivery to the Degenerating Brain","Biology"
"Brain Substrates Supporting Working Memory: Impact of APOE e4 allele and Normal Ageing","Biology"
"A Chemical and Biophysical Approach to Understanding Protein Condensation","Chemistry"
"Phase structure of strongly interacting matter at high density","Others"
"Algorithms for arithmetic groups with the congruence subgroup property","Technology"
"Inhibition of PARP in woman with sporadic ovarian cancer","Others"
"Synchrotron based photoelectron emission spectroscopy and magnetic charge logic in densely packed arrays of nanoscale islands","Physics"
"ADAM10 and ADAM17 as new therapeutic targets for Triple Negative Breast Cancer","Biology"
"Advancing Capabilities in Eddy Correlation Air-Sea Flux Technique","Others"
"Carbon nanofibre-based biosensor platform for advanced diagnostic devices","Technology"
"Decoding the gene regulatory network controlling flower development in the model plant Arabidopsis thaliana","Technology"
"Centrosomal control of the cell cycle","Biology"
"Young Life Scientists Ireland (YLSI) Symposium 2011","Others"
"Young Microbiologists Symposium on Microbe Signalling Organisation and Pathogenesis","Biology"
"Ignite Dublin","Others"
"Thesis in Three","Others"
"The mass distribution of Galactic neutron stars and black holes","Others"
"Tracing the Origin of Jets from Young Stars","Others"
"Urea transporters in the human colon","Others"
"Unravelling the interzone: a biomimicry solution for difficulties in cartilage tissue engineering","Engineering"
"Angiotensin 1-7 and its impact on renal function in hypertension","Others"
"Enantioselective synthesis of Montelukast and 6-Gingesulfonic acid","Chemistry"
"Consistency of Software Artefacts in a Model Oriented Environment","Technology"
"Memory Mesh: Applying WWW search and Cognitive Psychology to e-memories","Others"
"Pervasive Decision Support Systems within a Remote Patient Monitoring Environment (pDSS)","Technology"
"Building-blocks Enabling CMOS High-speed Wireless","Others"
"Security Enabled Pervasive Biometric Sensors","Technology"
"Towards a non-thrombogenic prosthetic mechanical heart valve: measurement of hinge flow fields at microscale resolution","Engineering"
"Molecular Palaeobiology of early arthropod terrestrialisation: understanding how animals first colonised the lands by combining genomics and palaeontological data","Biology"
"Novel antifungal agents derived from lactic acid bacteria for the biological control of potato blight","Biology"
"UV-B radiation: a specific regulator of plan growth and development","Physics"
"Characterisation of algal cell wall components for future biotechnological applications","Biology"
"A steeply rising tail: Quantifying the absorption of organic aerosols in the near-ultraviolet","Physics"
"Quantum Integrability Gauge Theories and Topological Strings","Physics"
"An investigation into the distribution of the roots of integer polynomials","Technology"
"A new foundation for computing with linear groups over infinite domains","Technology"
"The pull-up problem for viscous capillary liquids","Others"
"Sensitized Solar Cells: Plasmonic Enhancement and Nanoscale Architectures","Biology"
"The flow of dense emulsions - from droplet rearrangements to the bulk response","Others"
"Imaging using nano-void array materials","Physics"
"Band structure engineering of atomic wires on semiconductor surfaces","Engineering"
"Anti-Stokes fluorescence of organic dyes: potential new materials for laser cooling in solids","Physics"
"Nanoscale Physics and Engineering of Optoelectronic Materials and Devices","Engineering"
"Early synaptic plasticity and network dysfunction in transgenic (tg) rat models of Alzheimers disease","Biology"
"CSET Systems Biology Ireland (SBI) Supplement","Biology"
"Molecular basis of the perception of the diffusible signal factor BDSF in the regulation of virulence in Burkholderia cenocepacia","Policy"
"Investigation of COL7A1 and integrase genes co-transfection efficacy with optimized dendritic polymeric vectors for stable nonviral genetic correction of RDEB Disease","Biology"
"Microneedles 2012 - 2nd International Conference on Microneedles","Policy"
"International Cardiovascular Infection Symposium 2012","Policy"
"EUROMAR 2012","Others"
"Translational Research in Myeloma - a workshop hosted by NUIG on behalf of the Myeloma Ireland Consortium","Education"
"Smart Surfaces 2012","Others"
"Second International conference on biodiversity in forest ecosystems and landscapes","Policy"
"SFI @ Sciencegallery Speaker Series 2012","Others"
"Biofilm catalyst for improved drug metabolite production","Chemistry"
"Development of a Mathematical Model to Predict the Heating in Irish Indigenous Biomass Crop Piles","Mathematics"
"Simulation tools to assess the impact of integrating variable renewable energy sources into electricity grids","Technology"
"Studies of planar nanowire arrays as basis for new generation of ICT devices (NanoGenICT)","Technology"
"Strain Effect on the Energy Band Gap in Bent ZnO Wires","Others"
"Claude Shannon Institute for Mathematics and Communications","Mathematics"
"Alimentary Pharmabiotic Centre - Second Term Funding","Policy"
"CSET CLARITY: Bringing Information to Life","Technology"
"Incoming STTF","Others"
"The Effect of Asymmetric Deployment on Leaflet Fatigue Durability in Transcatheter Aortic Heart Valves","Others"
"An alternative role for osteoblasts in multiple myeloma","Biology"
"Novel nanogel polymers for dual-mode cargo (drug) delivery","Chemistry"
"Investigation into the effects of Carbon Dioxide (CO2) on NFkappaB signaling: Understanding the role of CO2 in inflammation/immunity.","Biology"
"Wnt signaling and stem cell fate in a basal model organism","Biology"
"Histone O-GlcNAcylation and regulation of gene expression by Polycomb group (PcG) proteins.","Policy"
"Source Optimisation for EUV Lithography (EUVL) in High-Volume Manufacturing (HVM)","Engineering"
"Colloidal Photonic Crystals: An application of complex networks to the analysis of state-of-the-art and assembly of new nature inspired opal based complex structures by the LB technique","Physics"
"Andrea Erxleben","Others"
"Novel compact and high-sensitivity Surface Plasmon based bio-chemical sensor","Chemistry"
"An investigation of the solution mediated polymorphic transformation of FI carbamazepine by in situ microscopy","Technology"
"Specialist training on Cryogenic Transmission Electron Microscopy","Education"
"A proteomics analysis of conduit mediated nerve repair: elucidating the molecular mechanisms for sUniversity College Corkessful peripheral nerve repair","Biology"
"More than just Scaffolds: Towards Identifying a Biomaterial-Specific Regenerative Proteome in Spinal Cord Injury","Biology"
"Investigation of Multi-Hypothesis Tracking and Semantic Mapping in Visual SLAM","Technology"
"Investigation of the Performance of a WDM-OFDM-PON employing Optical Comb Generation","Physics"
"Collaborative partnership between Ireland and Canada research institutes to understand the psychology of sharing fitness information with an online social network","Technology"
"Towards Computer Aided Scientific Discoveries in the Spinal Muscular Atrophy Research","Technology"
"Argumentation on the Social Semantic Web","Technology"
"Real-time personalisation of social web streams based on multi-domain user profiles","Technology"
"Enabling a knowledge continuum for cancer researchers","Technology"
"Global analysis of the transcriptional role of p160 proteins in aromatase inhibitor resistant breast cancer","Biology"
"Altered Genetic Code Readout","Biology"
"Epigenomics of genome dosage effects and genomic imprinting","Biology"
"BH3- Only Proteins and Cellular Bioenergetic in the Control of Neuronal Survival and Cell Death: Role in Ischaemic Injury and Neurodegeneration","Biology"
"BH3 profiling of glioblastoma cell lines and neurospheres","Biology"
"Characterizing the structural interactions between cancer-related carbohydrate antigens and proteins using saturation transfer difference NMR","Biology"
"Evolution in dynamic environments with Grammatical Evolution (EDGE)","Mathematics"
"Combustion Chemistry for Sustainable energy and Energy Efficient Technologies","Chemistry"
"Adaptive and adaptable media and services for dynamic personalisation and contextualisation (AMAS)","Technology"
"Analysis of cost-efficient Optical Burst Switching architectures with partial wavelength conversion and fibre delay lines","Physics"
"Identfication of orphan plant genes conferrring abiotic stress tolerance in yeast and elucidation of underlying mechanisms","Biology"
"In silico analyses of SATB2 in colorectal cancer.","Others"
"SRC MTC: Molecular Therapeutics for Cancer: Translational Research to Individualise Therapy with Target Agents","Chemistry"
"Investigation of exosomes and extracellular miRNAs as potential biomarkers for prostate cancer","Biology"
"Characterisaation of the mutational status of a large panel of genes in newly diagnosed patients with solid tumours","Biology"
"Submersible Total Ion Analysis Platforms for Rapid Large Scale River System Chemico-nutrient Modelling","Technology"
"Characterisation of mixed mode stationary phases for biochromatography with embedded ion-exchange groups","Others"
"Irish Separation Science Cluster-Comprehensive multi-dimensional and multi-modal separation science for complex biological systems","Biology"
"Configurable Distributed Networking Monitoring Techniques","Technology"
"SRC FAME: Federated Autonomic Management of End-To-End Communications Services","Technology"
"Analysis of spatio-temporal dynamics in online communities leading to the development of interaction and behaviour narratives for summarising user experience","Technology"
"Functional analysis of NR4A receptor activity during distinct phases of acute and chronic inflammation","Biology"
"Fabrication and characterisation of Schottky contacts and capacitor structures on chalcogenide passivated germanium.","Others"
"Applications of Wavelength Tuneable Lasers in Access and Metro Networks","Physics"
"Using biochemical techniques to unravel dynamic signalling complexes","Chemistry"
"Investigation into nerve growth factor pro-survival signalling through the p75 neurotrophin receptor","Biology"
"Development of Flexible Smart Grid Solutions","Technology"
"Identification of the modules in the phylogenetic network of life","Technology"
"Ecological influences on genome evolution: the impact of horizontal gene transfer","Biology"
"Methodology analysis and synthesis for ecosystem multifunctionality.","Chemistry"
"OH Model Simulations with the Juelich Regional Atmospheric Chemistry Model and Comparison with Diurnal and Seasonal Measurements at Mace Head","Chemistry"
"Time Resolved Spectroscopy in the Study of Cyclization Reaction Dynamics: Characterising energy transfer between excited state processes","Engineering"
"What role does long-term synaptic plasticity play in the mechanisms of neurocognitive function","Biology"
"Using fluorophore-assisted light inactivation to probe dynamic regulation and function of presynaptic actin","Policy"
"Novel ratiometric approach to identify decisive molecular interactions of the TRAIL apoptotic machinery","Chemistry"
"Development of Protocols for Multi-behaviour Routing for the Future Internet","Technology"
"Regenerative Medicine Clinical Trials","Biology"
"Development of a Micro-Rosette Sensor for Total Dissolved Inorganic Carbon Measurement from Autonomous Lagrangian Ocean Profilers","Technology"
"Determining the molecular structure of ultra-sensitive high-affinity avian antibody fragments for use in novel human diagnostic platforms","Chemistry"
"Biomedical Diagnostics Institute","Biology"
"Requirements Engineering for Global Strength Software Development","Engineering"
"Investigation of phase noise limitations in orthogonal frequency division multiplexed (OFDM) optical transmission systems","Physics"
"Decoding the gene regulatory network controlling flower development in the model plant Arabidopsis thaliana","Technology"
"Lantibiotics: the next generation","Biology"
"Quantum Technologies for Quantum Information","Technology"
"Modelling Transport in Open Quantum Systems","Physics"
"Nanoscale Interfaces and Spin Electronics","Physics"
"The Self-Architecting Wireless Network: Transient Ownership Information Sharing and Learning","Technology"
"Towards a petro-physical characterization of lithospheric mantle using geophysical observations with application to Ireland as part of the IRETHERM project","Technology"
"The role of the EP1 receptor and Fas ligand in promoting tumour growth invasion and metastases in vivo","Biology"
"Towards the clinical application of computational models of closed-loop deep brain stimulation","Technology"
"Simulation of the Cyclic Response of Cells Including Stress Fibre Formation Focal Adhesion Assembly and Rupture and Traction Dependent Cellular Signalling.","Biology"
"Comparative Genomic analyses of the innate immune network in the Amniota","Biology"
"Dietary fatty acids: impact on inflammasome driven adipose inflammation and insulin resistance  novel therapeutic targets","Biology"
"Strain-induced enhancement of the magnetic response in low-dimensional carbon-based materials","Physics"
"Transport co-efficients and heavy quarks in the quark-gluon plasma","Physics"
"Effect of CLA Diet Supplementation on Circulating Monocyte uptake of Fluorescent oxLDL in Atherosclerosis-prone ApoE-/- mice using Multiphoton Intravital Microscopy Imaging.","Physics"
"Elucidation of specific mechanisms underlying bile acid modification of the protein secretory pathway","Biology"
"A Computational and Experimental Investigation of the Mechanical Environment Required for New Bone Formation in the Stem Cell Niche of Trabecular Bone","Technology"
"Ireland and South Korea as case studies: Identification of international trends in digital crime investigation procedures and law and the development of tools and processes to manage these trends.","Technology"
"Development of an in vitro diagnostic multivariate index assay of Cardiovascular Competence based on unique miRNA signatures of both Circulating Endothelial Cells and Endothelial Progenitor Cells","Biology"
"Feasibility of marine derived immunomodulatory bioactives for coccidiosis control in poultry","Biology"
"Injectable Device for the Prolonged Release of Second Generation Antihistamine Drugs","Engineering"
"Health enhancing Milk Peptides","Biology"
"Development of a polymeric device to aid in the repair or replacement of a damaged meniscus","Engineering"
"Bioengineering bespoke yeast strains to convert biomass to biofuel.","Engineering"
"Validation of novel anti-angiogenic drugs using ex vivio and in vivo colorectal cancer models","Mathematics"
"A Common Therapeutic Approach for both Type 1 and Type 2 Diabetes","Biology"
"Cleaning of Biomedical Implants","Biology"
"Metabolically Stable Analogues of Ursodeoxycholic Acid for Treatment of Inflammatory Bowel Disease","Biology"
"In vivo testing of a LGI1 mimetic peptide as a directed therapeutic strategy for endocrine related tumour metastasis","Biology"
"New biocompatible carbon coatings for implants and biodevices","Engineering"
"Antagomirs targeting microRNA-134 for seizure control in epilepsy","Biology"
"Development of a needle integrated with an impedance sensor to determine nerve proximity","Technology"
"Laboratory evaluation of microcompartment-enhanced biological phosphorous removal (MEBPR) as a potential wastewater treatment process","Engineering"
"Development of a Novel collagen based film for corneal repair","Technology"
"Establishment of the KBxN mouse model of rheumatoid arthritis to assess efficacy of anti-inflammatory molecules: comparison with the current industry standard collagen-induced mouse model.","Chemistry"
"Flow-Enhanced Nonlinear Megnetophoretic Biosensor: Validation of Multiplexed Superparamagnetic Bead Assay for Sexually Transmitted Infections and Development of Optical Bead Detector","Physics"
"A novel test for oestrus in cows:- detecting changes in cervical mucin glycosylation for improved reproductive management in diary herds","Others"
"Novel single-cell screening procedure for generating indsutrial biocatalysts","Chemistry"
"Development of Novel Inhibitors of Ocular Neovascularisation","Technology"
"Feasibility study to test the commercial potential of microbial biofertilisers in Irish crops under field trial conditions.","Biology"
"Generation and characterization of a phosphorylation site specific antibody against serine 7 of Rap1GAP2 for application in the diagnosis of platelet reactivity","Chemistry"
"Scale Up Feasibility of a Polymeric Diatom Replica as the Next Generation Drug Delivery System","Chemistry"
"Design of a novel lead molecule with potential to treat sepsis.","Engineering"
"Development of an organocatalytic enantioselective synthesis of secondary alcohols and its application to the synthesis of (S) - Duloxetine","Chemistry"
"Personalised Stem Cell Therapy for Inflammatory Diseases: A Feasibility Study of Whole Blood Testing for Optimising Patient Specific Stem Cell Potency and Efficacy","Biology"
"New Therapies for cystic fibrosis lung infections","Biology"
"An Aid to Purification Crystallisation and Structure Determination of Soluble and Integral Membrane Proteins using Non-Covalent Attachment of the PIM-1 Kinase","Biology"
"Machine Translation and Transation Memory integration in a localisation workflow","Others"
"Development of new anti-metastic gents","Technology"
"Development of anti-adhesion therapeutics for the inhibition of influenza","Biology"
"Host cell engineering approach to increase product titre in a mammalian cell expression system","Engineering"
"Optical Acoustic sensing based on an SMS fibre structure","Physics"
"Functionalised graphene nanoparticles for cancer cell imaging and photothermal therapy","Biology"
"Sensorized Intra-luminal Staplers for laparoscopic Surgical Anastomosis","Technology"
"Controlled Oxidation of Absorbable Magnesium Stents (COAMS)","Others"
"Light trapping in silicon solar cells (LISOLAR)","Biology"
"Pretreatment methods for lignocellulosic biomass for Biofuels and Bio chemicals production","Chemistry"
"UWB Electromagnetic Wave Propagation Prediction for Radiolocation","Technology"
"Development of a Nano-Material doping characterisation tool by a novel combination of Secondary-Ion mass Spectrometry And Resistivity Measurement (SIMSAR)","Technology"
"Integrated wavelength tuneable comb source for future high capacity optical transmission systems","Physics"
"PoliMon4Cloud - User-customisable Policy Monitoring for Multi-tenant Cloud Architectures","Policy"
"Novel quaternary transparent p-type conducting oxides","Biology"
"An integrated sofware suite to provide Next-generation Personalised Multilingual Customer Care","Policy"
"UNITE - Cross-site Web Personalisation as a Service","Technology"
"High power visible superluminescent diodes by improved semiconductor layer growth for medical imaging applications","Physics"
"Feasibility study of non-display applications of novel liquid crystalline materials: C-MOS compatible electro-optical switches","Physics"
"The Junctionless InGaAs MOSFET: the Platform and the Process","Technology"
"Compilation of Good Schedules for Fast Iterative Interaction","Others"
"Developing a prototype apparatus for scalable adaptive distributed and timely performance monitoring and in-network management of large scale femtocell overlays in current telecommunications networks","Technology"
"3D helical nanoantennas for conversion of electromagnetic radiation into electrical voltages and currents","Physics"
"Casper-Cell analysis & screening platform for personalised medicine","Biology"
"Rapid Molecular Detection of Pathogens from Bio-Pharmaceutical Process Water and Sterile Products","Engineering"
"Glycoprotein micelle mediated capture of bacteria","Biology"
"Recombinant Chromatin Substrates for the Epigenetics Market","Biology"
"Innovative mutagenesis breeding approach to produce novel high value horticultural cultivars","Biology"
"Stress Granules and RACK1: interactions and signaling in growth and survival","Others"
"High frequency spin electronics and magnetic sensing","Physics"
"Mechanism of benefit and clinical efficacy of low insulin-like growth factor 1 in acute myocardial infarct repair","Biology"
"Design and Fabrication of Megawatt-Class Wafer Scale IGBT for Smart Grid Applications","Engineering"
"SBI International Systems Medicine Conference","Education"
"Society for Molecular Biology and Evolution Annual Conference","Education"
"International Cytokine society Mid-year Conference: IL-17 and Related Cytokines; Basic Biology and Clinical Applications","Biology"
"International Water Association World Congress on Water, Climate and Energy","Policy"
"Novel TCO materials for energy and optoelectronics applications","Technology"
"Sixth International AAAI Conference on Weblogs and Social Media","Policy"
"Self-protection against redox-active metabolites in the important human pathogen, Aspergillus fumigatus: A mechanistic investigation.","Biology"
"Functional consequences of obesity-induced adipose tissue inflammation on HDL acceptor capacity and reverse cholesterol transpoty (RCT)","Biology"
"25th Annual Conference of the European Diabetic Nephropathy Study Group","Education"
"A celebration of Translational Cellular Biotechnology: Stem cells & Tissue Engineering Cancer Biomarkers and Recombinant Protein Manufacture","Engineering"
"International Mesenchymal Stem Cell Conference","Education"
"Quantitative analytical methods for the solid state","Technology"
"Predicting biome-level vegetation responses to future global change: Implications for future flood risk","Technology"
"Predicting biome-level vegetation responses to future global change: Implications for future flood risk.","Technology"
"Notch signaling and Vascular Remodeling - a Novel target for Therapeutic Intervention","Policy"
"Obesibiotics","Others"
"Growth, Oriented Attachment and Large scale Vertical Assembly of Ternary and Quaternary Semiconductor Nanorods for Low Cost Photovoltaics","Physics"
"Dynamic rewiring of Rho family GTPase signalling fluxes in cancer cell invasion","Biology"
"Investigation of luminescence quenching in complex metal/semiconductor and metal/core-shell semiconductor systems","Physics"
"Optoinformatics 2012","Others"
"13th International Workshop on Image Analysis for Interactive Multimedia Services","Technology"
"A National Centre for High-End Computing","Technology"
"Modelling dynamics on complex networks","Technology"
"Dissecting secretory and endocytic membrane transport pathways in targeting proteins to cilia, a prevalent disease-associated cellular organelle","Biology"
"Physics behind next generation magnetic storage technologies","Physics"
"Defining the molecular mechanisms responsible for clearance of the von Willebrand factor - factor VIII complex","Chemistry"
"BF2-Tetraarylazadipyrromethene Based Stimuli-Responsive Near-Infrared Fluorescent Imaging Platforms","Technology"
"Helium-ion microscopy for graphene-based nanodevices","Engineering"
"Advancing Vibrational Spectroscopy for Cellular and Sub Cellular Analysis","Physics"
"IGF-I Receptor signalling and regulation","Policy"
"Integrated genomics approaches to understanding genetic contributions to system-wide exercise physiology parameters in a large animal model.","Biology"
"Nonlinear effects in circuits and systems   analysis, control and applications","Technology"
"Vibration based wideband electromagnetic micropower generators on silicon: MEMS to NEMS","Physics"
"Asymmetric Synthesis and Biological Evaluation of Lipoxin Analogues and Tetrahydrofuran Derivatives","Chemistry"
"Engineering neuroelectrodes for deep brain stimulation through biomimetic conducting polymers","Engineering"
"Microwave Imaging for the Detection and Classification of Early-Stage Breast Cancer","Physics"
"Development of High-Field, Real-Time Point Contact Andreev Reflection Techniques and Studies of Spin Polarisation and Propagation in Novel Materials","Physics"
"TILLING in Miscanthus: a non-transgenic reverse genetic approach for Micanthus crop improvement for sustanable bioenergy supply","Biology"
"Self-assembling Supramolecular Nanocomposites for Organic Photovoltaics","Chemistry"
"Atom Interferometry as a Tool for Entanglement Detection","Others"
"62nd Scientific & Standardization Committee Meeting of the International Society on Thrombosis and Haemostasis","Policy"
"The International Partnership for Critical Marker of Disease, 10th Annual Cardiovascular Biomarkers Symposium","Policy"
"The 8th International Conference on Urban Climates","Policy"
"From peering at atoms to gazing at the stars - a symposium to celebrate the vision of Edward Hutchinson Synge","Others"
"International Stability and Systems Engineering 2012","Engineering"
"SFI ERC Support - Frederic Dias","Others"
"New Materials and Devices for Optical Applications via the use of Hybrid Technologies: Colloidal Crystallisation and Advanced Thin Film Deposition","Physics"
"Protein Chemistry in Living Cells","Biology"
"Crosstalk between ErbB2 and breast cancer associated receptor tyrosine kinases in resistance to ErbB2 targeted therapies","Others"
"Seismic imaging and monitoring of the upper crust: exploring the potential low-enthalpy geothermal resources of Ireland","Physics"
"Ultrashort pulse generation in InAs quantum dots","Physics"
"Block MS Ireland 2nd Annual Meeting: Neuroprotection at the cellular, in vivo and clinical level","Biology"
"KARIM Open Forum on Environmental Solutions for Water and Agriculture","Others"
"Characterization of free-space optical communication channels with advanced remote sensing techniques","Physics"
"SFI Scholarship - Young Women in Engineering","Engineering"
"SFI Scholarship - Young Women in Engineering","Engineering"
"Wripl cross site personalisation","Others"
"SFI Scholarship - Young Women in Engineering","Engineering"
"DiCAST - Leading the way in drug discovery - Paul Leonard","Others"
"Regulation of inflammatory gene expression during hypoxic inflammation.","Policy"
"Engineering Multivalent Proteins for Regenerative Medicine (EMPoRiuM)","Engineering"
"Systems biology approach to elucidate the genetic architecture of schizophrenia: synthesis of genomics, structural/functional magnetic resonance imaging and cognition.","Biology"
"Thermoelectric properties of complex bulk materials from first principles","Others"
"Excitation energy and charge transfer dynamics in new light harvesting photovoltaic materials from theoretical simulation","Mathematics"
"Printable highly selective chemoresistor gel-based sensor arrays with antibody - diagnostic platform for rapid sensing of illegal steroids in natural waters","Technology"
"Upconversion via Triplet-Triplet Annihilation: International Energy-Pooling","Policy"
"Optically-active chiral nanomaterials","Physics"
"Occupancy and Activity Detection for Smart Building Energy Management","Others"
"Analytical Models Relevant to Evaporation-Induced Shear Stress-Driven Heat Spreaders","Mathematics"
"Theoretical modelling of quantum dot mode-locked and frequency swept Fourier domain mode-locked lasers","Physics"
"EMBPO-6 (6th EOS Topical meeting on Visual and Physiological Optics )","Physics"
"22nd Annual BioInterface Conference","Education"
"16th conference of the European Society of Domestic Animal Reproduction and the Annual Conference of the EU-AI vets","Education"
"The International Research Council on Biomechanics of Injury (IRCOBO) Annual Scientific Conference & IRCOBI Pre-conference Workshop on Pedestrian and Cyclist Impact Mechanisms and Injury Prevention Strategies","Education"
"Crystal Growth of Organic Materials 10","Others"
"ISI 2012: Current and Emerging Themes in Immunology","Biology"
"European Mucosal Immunology Group Meeting (EMIG 2012)","Biology"
"Electrochem 2012","Chemistry"
"Bridge and Concrete Research in Ireland Conference 2012","Education"
"6th ACM Conference on Recommender Systems","Education"
"International Workshop on Packing Problems","Policy"
"2012 World Molecular Imaging Congress","Chemistry"
"China Ireland Symposium on ICT 2012","Technology"
"Problem Solving with Industry (ESGI 87)","Others"
"ACAM Workshop Series: Bridging Simulation, Experiment and Industrial Application in Biology and Advanced Materials (Year IV)","Education"
"8th William Rowan Hamilton Geometry and Topology Workshop","Mathematics"
"The International Workshop on Integrated Nonlinear Microwave and Millimetre-wave Circuits","Policy"
"SFI ERC Support - Dan Bradley - Decoding Domesticated DNA","Biology"
"MACSI-Mathematics Applications Consortium for Science & Industry","Mathematics"
"Plasmonic enhanced nanophotonic devices","Physics"
"Nanoscale Interfaces and Spin Electronics","Physics"
"Graphene Engineering for Electronics and Sensing (GREES)","Engineering"
"Clustal Omega and the future of Multiple Alignments","Others"
"Sensing and signalling in anti-viral innate immunity","Others"
"Towards the Development of 21st Century Synthetic Methods for Glycoscience: Catalyst-Controlled Stereoselective Glycosylation","Chemistry"
"Digital Signal Processing based Optical Communication Systems","Physics"
"Automated Negotiation in Cognitive Radio Networks: A Foundation for Evolvable Sustainable and Submissive Wireless Networks","Technology"
"Dissecting the pathogenesis of PR3-ANCA associated vasculitis using humanised mice","Biology"
"Robert Boyle Summer School","Education"
"3rd Sino-Ireland Bilateral Symposia on Frontiers in Synthetic Chemistry","Chemistry"
"UCD Imagine Science Film Festival","Others"
"European Conference on Optical Communications 2017","Physics"
"Maths Week Ireland","Others"
"Multichannel disposable sensors for animal health disease diagnostics","Biology"
"Molecular engineering of liquid crystalline functional materials for high performance applications in Telecommunications and Sensors","Technology"
"Translation of novel strategies for joint repair from bench to bedside","Others"
"Optical Probing of Phase Changes in Inverse opal Photonic Crystal Li-on Battery Electrodes","Physics"
"On Prevention of Degenerative Retinopathies","Biology"
"Green Transport & Communication Networks","Technology"
"Surface Enhanced Raman Spectroscopy and Optical Tweezers for Diagnosis of Cancer and for Multicomponent Blood Analysis","Physics"
"Development of Nanparticulate Agents and Drug carriers to Enhance Effectiveness of Combination cancer Chemotherapies","Technology"
"Stem cell fate in Hydractinia: a marine cnidarian","Biology"
"Frequency Combs Generated by Semiconductor Lasers for Metrology And Telecommunications","Technology"
"Development of a Novel Stem Cell based Approach for Corneal Tissue Engineering","Engineering"
"A Multi-Omics Investigation to Decipher the Role of Altered Bioprocessing on the Quality of Therapeutic Proteins - Is the Product Really the Process?","Biology"
"Molecular Microbial Ecology of Ammonia Oxidation in Coastal Bay Sediments","Chemistry"
"Molecular diagnostics and metatranscriptomics of colonic bacteria in inflammatory bowel disease","Biology"
"The 7th Annual Meeting of Neuroscience Ireland","Biology"
"BCY1 - Breast Cancer in Young Women Conference 2012","Education"
"Nanoweek Workshop 2012 - ""Nanoscience Excellence with Impact""","Education"
"CERN Accelerating Science Exhibition","Others"
"Thrombosis, from surface to stimulation to Disease","Biology"
"Modulating microglial function and its impact on neuronal function","Biology"
"Statistical Methods for Molecular Imaging of Cancer with PET","Chemistry"
"New immunotherapeutic approaches based on the Th1/Th17 axis and its regulation","Biology"
"2D atomic crystal-nanoconductor hybrids: High conductivity nano-structured materials for energy applications","Physics"
"Surface Energetics of Low Dimensional Nanostructures","Others"
"WiPhyLoc8: Dynamic WiFi Positioning using Physical Layer Parameters for Location-Based Services and Security","Technology"
"Ireland/Taiwan Workshop on Cancer & Stem Cell Biology","Biology"
"GLEON 14 Meeting (Global Lake Ecological Observatory Network)","Technology"
"Wireless Days 2012 Conference","Education"
"Reaslising the Opportunities of Digital Humanities","Technology"
"Thesis in 3","Others"
"Understanding the Nature of Interfaces in Tunnel FET Electronics (UNITE)","Technology"
"RENEW - Research into Emerging Nano-structured Electrodes for the oxidation of Water","Technology"
"Electical Power & Energy Systems Research Cluster","Technology"
"SFI Internship Award","Policy"
"Detection & intervention of emotional status to improve health & wellbeing in the older population","Policy"
"SFI Internship Award","Policy"
"3rd PhD Symposium in Computational Biology","Technology"
"RP Supplement","Others"
"Synthetic Nanocarbon Materials Symposium","Others"
"Nanoscale Interfaces and Spin Electronics","Physics"
"Characterisation of Hsp90 trafficking pathways in Cystic Fibrosis.","Others"
"Towards Green Photonic Ultra High-Speed Transceivers","Physics"
"Non-invasive cold plasma wound healing (Plasma-Aid)","Physics"
"6th European Workshop on Cannabinoid Research","Education"
"37th Annual International Conference on Information Systems (ICIS), 2016","Technology"
"Science Gallery-Oscillator Exhibition and Event Programme","Policy"
"TEDx Dublin","Others"
"Science Foundation Ireland speaker series at Science Gallery, 2013","Others"
"SFI ERC Support - Prof Aoife McLysaght - Dosage Sensitive Genes in Evolution and Disease","Biology"
"SFI ERC Support - Emma Teeling","Others"
"SFI ERC Support - Stefano Sanvito","Others"
"SFI ERC Support - Debra Laefer","Others"
"Ireland-Brazil ISCA Programme","Policy"
"Ireland-China ISCA Programme","Policy"
"Ireland-China ISCA Programme","Policy"
"Ocean Energy Test Bed","Others"
"Analytical Ultra Centrifuge","Others"
"Ion Torrent DNA Sequencing Platform","Technology"
"BD Accuri® C6 flow cytometer","Others"
"High-Performance Computing infrastructure","Technology"
"ICP-HRMS mass spectrometer","Engineering"
"MALDI-TOF mass spectrometer","Engineering"
"FAME Testbed","Others"
"Glovebox-mounted Scanning Probe Microscope (SPM) system","Technology"
"Multifunctional Supercritical Fluid (SCF) and extrusion and injection moulding system","Technology"
"Next generation X-ray Micro Tomography (XMT) system","Biology"
"High Resolution MicroCT Scanner","Others"
"Lazr Label-free in vivo Microvascular Tomography","Others"
"Bioflux Microfluidics System for Cell Analysis under Shear","Biology"
"Strategic Funds","Others"
"Aberration-corrected TEM","Others"
"MRI Systems upgrade (Avance lll platform with MRI Cryoprobe, etc.)","Technology"
"Diagnostic Ultrasound: novel system with Elastography & Ultrafast Doppler","Technology"
"Flow Cytometry Cell Sorter","Biology"
"Strategic Funds","Others"
"Advanced materials/surface characterization system including XPS/AES/SIMS","Technology"
"500 MHz Nuclear Magnetic Resonance Spectrometer","Physics"
"Real Time Digital Simulator System","Technology"
"Laser Welding System","Physics"
"High Speed Photonic Device and System Testbed  (Real-time oscilloscope)","Physics"
"Magnetron Sputtering System with Mult-Metal targets","Technology"
"Advanced Fibre-Waveguide Packaging","Others"
"Solder Ink-Jet Dispenser","Others"
"Materials Deposition, Characterisation and Process Development System","Engineering"
"National Ocean Energy Test Facility Enhancement","Policy"
"Cross Flow Filtration Unit - GMP","Others"
"National Transgenic and Germ Free Facility","Policy"
"Environmental SEM with in-situ Raman Microscopy","Others"
"3D Multi Material Printing System","Technology"
"Pharmaceutical Powder Extrusion Suite","Others"
"2D ESI LC-MS/MS incorporating automated table top peptide synthesis","Chemistry"
"Polymer Composites Processing Suite","Engineering"
"Imaging X-Ray Photoelecton Spectrometer (iXPS)","Physics"
"Strategic Funds","Others"
"CryoViz whole small animal cryo-imaging system","Technology"
"Thermo Scientific Q Exactive benchtop LC-MS/MS mass spectrometer","Engineering"
"Long-term In-Vivo Electrochemical (LIVE) Neurochemical Behaviour Equipment","Chemistry"
"Strategic Funds","Others"
"Capture affinity technology to isolate messenger RNA-specific microRNAs (miR-CATCH)","Technology"
"A smart phone/ laptop application to screen for and detect central and obstructive sleep apnea events: The APn-App","Technology"
"Development of an alternative processing technology, using thermoacidophlic enzymes, for the production of second generation bioethanol","Technology"
"Regulating immunogenicity and tolerogenicity through cell surface glycosylation (Acronym: GlycoShield)","Biology"
"New macrocyclic peptidomimetics with potential in cancer therapy","Others"
"Application of unique lineage-specific orphan gene cassettes to confer drought stress tolerance in crop plants of commercial importance.","Biology"
"Development of low-cost bioanalytical platform for therapeutic glycoproteins for the biopharmaceutical industry","Biology"
"Phosphorous porphyrins as simple and efficient imaging and treatment dyes for photodynamic cancer therapy","Physics"
"Peptide directed metal complex probes for intra-cell sensing","Biology"
"Collagen-based scaffolds as a platform for the controlled release of bioactive molecules","Chemistry"
"An In Vivo study of novel multi-functional metallodrug candidates as anti-cancer agents: a crucial step in their commercialisation","Technology"
"Circulating microRNAs in HNF1A-MODY carriers: Evaluation as novel biomarkers and therapeutic targets","Biology"
"Development of Ex Vivo Diagnostic Multivariate Index Assay for PredICETion of Treatment Efficacy in Acute Leukemias","Technology"
"Novel direct detection of early bacterial infection for bovine mastitis","Biology"
"Development of a blood-based marker for early detection of cognitive dysfunction","Technology"
"GeneSys: A high sensitivity and selectivity DNA detection platform","Technology"
"Development of low cost green technology for BIOFOULING control in the process industry","Technology"
"High speed lensless holographic microscope for imaging particles in large volumes of fluid flow with applications in pharmaceutical manufacturing; specifically for purity testing and protein aggregation.","Engineering"
"Optimised detection of key biomarkers of Pseudomonas aeruginosa towards a clinical application","Biology"
"PredICETion of Patient Response to Neo-Adjuvant Chemoradiotherapy using label free spectroscopic imaging (PANACEA)","Physics"
"Development of small molecule therapeutics for medical intervention: anti-biofilm inhibitors for the medical device sector.","Biology"
"Novel High Performance phosphoresent probes for imaging cellular oxygen","Biology"
"A New Cost Effective Methodology for the Synthesis of Anti-Diabetes Therapeutics","Chemistry"
"Formulation development and deposition of novel anti-bacterial coatings using atomic layer deposition to prevent infections associated with orthopaedic trauma (long bone femoral) implants.","Biology"
"Development of a novel antibody for the cocaine and amphetamine-regulated transcript","Technology"
"Development of Novel Bacterial Imaging Probes","Biology"
"Lab-On-a-CHip port for NanomEchanical diagnostic aSSays (LOCHNESS)","Engineering"
"Natural antifouling coatings via photochemical reactions","Chemistry"
"Development novel anti-inflammatory compounds targeting Macrophage Migration Inhibitory Factor's (MIF) tautomerase enzymatic activity.","Chemistry"
"Characterisation of a novel biomarker panel for clinical and preclinical neurotherapeutics","Biology"
"Novel Applications of a Gamma-Ray Concentrator for Nuclear Medicine","Physics"
"Advanced Carbon Capture Technologies: Reversible Adsorption and Desorption of CO2 using Coordination Complexes","Others"
"Nanostructured next-generation silicon based thermoelectric power reclamation (nextstep)","Biology"
"Developing  on optimum substructure health monitoring system for offshore wind turbines (OPTI-WIND)","Biology"
"Development of a biological oxygen demand monitoring system for wastewaters","Biology"
"Magnetically enhanced electro-coagulation system for heavy metal removal from wastewater","Physics"
"Underground high voltage AC power cable technology as a substitute for overhead power lines","Technology"
"A robust and low cost Continuous Emissions Monitor for real-time measurements of mercury emissions","Others"
"Understanding Cognition in terms of Electrophysiology and Neurochemistry: Novel Animal Models and Analytics.","Chemistry"
"Novel satellite tag for sharks","Others"
"Electrochemically-responsive monolithic chromatography","Chemistry"
"Dermal Drug Delivery for Lymphatic Targeting","Others"
"Probing the limits of ultrathin solution based meral and alloy deposition","Others"
"Development of novel anti-tumour peptides for the treatment of malignant pleural mesothelioma","Biology"
"High throughput production of nanostructures for non-conventional surfaces and materials.","Others"
"Enhancing the bandwidth of optical frequency combs through use of multi-wavelength discrete mode lasers","Physics"
"Development of next generation highly sensitive nanowire sensors for electrochemical-based-immuno-sensing-NASCENCE","Chemistry"
"Deep ultraviolet photon source for nano-metrology - the development of the world's brightest tabletop light source for current and future nanoindustries","Physics"
"Feasibility study into the social semantic journalism","Technology"
"Ultrasensitive Fibre Optic Nose for Environmental, Food & Medical Devices","Engineering"
"Research, Design, and development of a demonstrator integrating private commercial data, Public Sector data and geographic mapping data with a simple visual user interface to support retail business planning","Technology"
"LoFi: A Precise and Social Indoor-Localization WiFi System","Technology"
"Evaluating the Commercial Feasability of an all optical Fibre Non-Invasive Total Haemoglobin Concentration and Cardiac Output Sensor","Physics"
"iOmegaT - An Instrumented Replayable Computer-Aided-Translation Tool","Technology"
"A novel technique for the manufacture of nanoparticle films for application in SERS and catalysis","Engineering"
"Innovative Electrochemical Non enzymatic Glucose Sensors for Biomedical Diagnostics.","Chemistry"
"Monolithic wavelength tunable slotted single mode laser array","Physics"
"A Photon-Electron Correlation System for 3D Nanoscale Metrology","Physics"
"Iterative Retraining of Machine Translation with Post-edits to Increase Post-Editing Productivity in Localisation Workflows","Education"
"Linguabox:Automated open Content Repurposing Service to support Personalized elearning","Technology"
"Smart Networked Sensing Systems in Agriculture: A Poultry Industry Focus","Technology"
"Coordination clusters as building blocks for novel materials","Others"
"International BioPhotonics & Imaging Conference BioPic 2013","Physics"
"Future Internet Assembly (FIA-Dublin)","Technology"
"9th William Rowan Hamilton Geometry & Topology Workshop","Mathematics"
"Inter-regional synaptic integration of sensorimotot signals within episodic memory networks","Technology"
"Science Zone at the Festival Big Day Out","Others"
"SFI Internship Award","Policy"
"Exploration of the role of microRNA(miR)-21 in gut homeostasis and disease.","Biology"
"Ultrafast x-ray scattering: A novel integrated experimental and theoretical approach for studying fundamental atomic-scale processes in solids","Mathematics"
"Centre for Next Generation Localisation (CNGL) II","Biology"
"Electromechanical Coupling and Electrostatics in Biological Systems","Engineering"
"The 27th Automorphic Forms Workshop","Education"
"Systematic Bottom-Up Assembly of Nanocarbon Based Photonic Materials","Physics"
"Structure and assembly of vertebrate kinetochore-associated chromatin","Others"
"Novel regulators of the Nlrp3 inflammasome and IL-1beta: prospects for novel therpeutics and diagnostics for inflammatory diseases","Biology"
"Cartoon Motion: Stylised facial animation from motion capture","Others"
"Pulsed semiconductor lasers for metrology and remote sensing: synchronisation and stabilisation dynamics","Physics"
"Nano-Assembly of Functional Magnetic and Magneto-Optical Materials","Physics"
"SFI ERC Development - Mike Coey","Technology"
"SFI Internship Award","Policy"
"SFI Internship Award","Policy"
"Third Symposium on Games and Decisions in Reliability and Risk","Others"
"The Festival of Curiosity  an annual Dublin Science Festival building on the legacy of Dublin City of Science 2012","Others"
"Science of p-type transparent conducting oxides: materials towards transparent electronics","Others"
"Green Power Amplifier Technologies for Future Wideband Reconfigurable Wireless Communication Systems (GrePATech)","Technology"
"Development of computational resources for the analysis of Genome Wide Information on Protein Synthesis (GWIPS).","Biology"
"Data-centric ultra-low power embedded computing","Technology"
"Glycoside & glycoconjugate synthesis through development and application of chelation induced anomerization","Chemistry"
"Understanding the role of interfaces in solid oxide fuel cell efficiency: Optimising materials through predictive computer simulation","Technology"
"Modulation of innate and adaptive immunity by particulate adjuvants for improved parenteral and mucosal vaccination","Others"
"Biological Identity of Nanoparticles Dispersed in Biological Media","Biology"
"The role of the bone morphogenetic antagonist gremlin in the pathogenesis of chronic hypoxic lung disease","Biology"
"Atom Level Engineering of Material-on-Insulator Devices and Sensors","Engineering"
"The nuclear receptor TLX as a cell intrinsic regulator underlying inflammation and stress-induced changes in hippocampal neurogenesis: relevance to cognitive disorders","Biology"
"Translational control of neuronal mRNAs: its mechanisms, and roles in memory and neurodegeneration.","Biology"
"Laser processing for fabrication of advanced liquid chromatographic systems","Physics"
"Novel therapeutic approaches to improve corneal allograft survival by cell and gene therapy and insights into the mechanism of action","Biology"
"Anhydrides as nucleophiles in new catalytic asymmetric processes: development, scope expansion and application in drug development","Engineering"
"Is Natural Resistance to Hepatitis C in an Irish Cohort Associated with JAK/STAT Resistance to HCV Targeting?  Towards New Anti-Viral Strategies","Others"
"Quantitative analysis of immune cell fate: stochastic competition and censorship","Biology"
"Understanding lipid/carbon interactions for the rational design of biomaterials","Engineering"
"Implementation of Gold Quantitation Immuno-Electrochemistry (AURO-QUANT)","Chemistry"
"Characterising the role of mammalian Target Of Rapamcyin Complex 1 (mTORC1)/Srebp1c signaling in directing the differentiation and function of T cell subsets.","Biology"
"Novel Strategy for Overcoming Chemoresistance and Toxicity Associated with Platinum Anti-cancer Compounds","Policy"
"Taxonomy and connectivity of animal species at the Moytirra hydrothermal vent field: developing methods for assessing ecological impacts of mineral extraction in the deep-sea","Technology"
"IRECCSEM: Evaluating Ireland's potential for onshore carbon sequestration and storage using electromagnetics","Physics"
"The Direct Arylation of Pyrones, Coumarins, Pyridones and Quinolones","Others"
"The Strategic Construction of Magnetic Coolant Materials","Physics"
"Characterising the neural basis of social cognition deficits in schizophrenia using imaging genetics","Biology"
"Automated assessment of brain maturation in the preterm infant using EEG","Biology"
"Novel Dual SOD/CAT mimics: New Therapeutic Strategy for Oxidative Stress Related Diseases?","Biology"
"Co-processing of active pharmaceutical ingredients with functional excipients to prevent unintentional generation of amorphous phase","Engineering"
"Clickable Azobenzenes, New Molecular Glues for Generation of Photoresponsive Biomolecular Scaffolds capable of Answering Biological Questions","Chemistry"
"Advances for the probabilistic analysis of network data","Technology"
"DENTAL glass-ionomer restoratives: Development of an Enhanced Novel Tailored Aesthetic Ligand based glass-ionomer restorative","Technology"
"Genesis and Development of Extreme Events in Fluids","Technology"
"Using ribosome profiling to study translation initiation/elongation and facilitate optimization of protein synthesis","Mathematics"
"Characterizaton of choA, a gene encoding a novel cholesterol-degrading activity in the human gut microbiome","Biology"
"Identification of clinically important, high risk oral lesions using Raman spectroscopy","Physics"
"Physiology and molecular biology of microalgae for the biorefining of valuable metabolites","Chemistry"
"Iodine in commercially valuable Irish seaweeds: variability, pathways, and implications for industrial applications","Technology"
"Cdc7 regulation of Claspin stability and its effect on cell cycle checkpoint function","Physics"
"Green Farm: Development of On-Farm Co-Digestion of the Organic Fraction of Municipal Solid Waste and Animal Manure for Bioenergy Production and Resource Recycling","Technology"
"Breast Cancer detection and classification using Ultra Wideband Radar Tomography","Others"
"Understanding cellular immunity to Staphylococcus aureus is required for novel anti-S. aureus vaccine design","Biology"
"Patterned nanomaterials using ferroelectric lithography for enhanced optical imaging","Physics"
"High-Efficiency Conjugated Polymer-Inorganic Hybrids as Luminescent Solar Concentrators for Photovoltaics","Chemistry"
"Novel affinity matrices for purification of biotherapeutics","Biology"
"Pulsed laser deposition of thin films at atmospheric pressure","Physics"
"Microanalysis of detrital apatite: a new provenance proxy in sedimentary systems","Technology"
"Gene discovery in schizophrenia using family-based sequencing methods","Biology"
"Molecular mechanisms of cilia loss in mammalian epithelial cells","Chemistry"
"Development and Delivery of Nonviral S/MAR Minicircles for Long-term Type VII Collagen Gene expression for the Treatment of Recessive Dystrophic Epidermolysis Bullosa","Technology"
"Nanostructured alloy for high-energy-efficient fuel cells","Biology"
"A Vaccination Strategy Against Aspergillus fumigatus Infection.","Policy"
"Nanomaterials design and fabrication for Energy Storage","Engineering"
"Active changes in artery structure and contractility in response to stenting","Others"
"The identification and characterisation of genomic signatures of hypoxia induced natural selection","Biology"
"Long-circulating Magnetic Nanoparticles for Biomedical Applications through Mimetic Surface Chemistry","Biology"
"Characterising Mechanical Properties of Brain Tissue using Novel Micro Indentation Tests","Biology"
"Design of ID Nanoporous PtNi nanotubular catalysts for Oxygen reduction reaction in Fuel Cells","Chemistry"
"ECOF 13 (Thirteenth European Conference on Organised Films)","Education"
"SFI Internship Award","Policy"
"Elucidating the the potential therapuetic role of Erythropoietin in the treatment of Emphysema","Others"
"Performance of novel carbon-based nanoelectromechanical (NEMS) switches studied by AFM and in-situ TEM and environmental SEM microscopy","Engineering"
"A promotional film illustrating world-class science in horse genomics and the impact on the global bloodstock industry","Biology"
"Impact basin volcanism: A comprehensive test of a possible analogue to early Earth rock forming processes","Engineering"
"Membrane Structural and Functional Biology: Tackling communicable and non-communicable diseases at the membrane level.","Biology"
"Next Generation Photonic Access and Data Communication Systems","Physics"
"SRC-1 mediation of cancer cell reprogramming in endocrine resistant breast cancer","Biology"
"Nanoscale aqueous-substrate interfaces","Physics"
"Cell wall metabolism in Gram positive bacteria: investigating its regulation and exploiting its therapeutic potential.","Biology"
"Applied mathematical modelling applied to enterprise, science and technology  (MACSI)","Mathematics"
"Understanding the role of molecular chaperones in robustness and functional innovation","Chemistry"
"Ireland-India ISCA Programme","Policy"
"10th International Symposium on Bordetella","Policy"
"40th Annual Meeting of the European Radiation Research Society (ERR 2013)","Physics"
"The 8th Neuroscience Ireland Conference in conjunction with the Biochemical Society Irish Area Section Annual Meeting","Chemistry"
"Dublin Talks.ie","Others"
"SRI ERC Support - Valeria Nicolosi","Others"
"Targeting gremlin in the diagnosis and treatment of fibrotic lung diseases","Biology"
"RP Supplement","Others"
"Irish Centre for Fetal and Neonatal Translational Research (INFANT)","Technology"
"Alimentary Pharmabiotic Centre (APC) - Interfacing Food & Medicine","Biology"
"Synthesis and Solid State Pharmaceutical Centre (SSPC)","Chemistry"
"I-PIC Irish Photonic Integration Research Centre","Physics"
"Advanced Materials and BioEngineering Research Centre (AMBER)","Engineering"
"Marine Renewable Energy Ireland (MaREI) - The SFI Centre for Marine Renewable Energy Research","Technology"
"Femtojoule-per-bit Communications with Nanopillar Lasers on Si","Physics"
"Assembly and function of Drosophila melanogaster centromeric chromatin during meiosis and development","Technology"
"Universitas 21 Graduate Research Conference in Energy (Systems, Policy & Solutions)","Policy"
"The Dublin Mini Maker Faire 2013","Others"
"The European Space Expo  Highlighting the Benefits of Space Science and Technology to Ireland","Technology"
"Problem Solving with Industry (ESGI 93)","Others"
"Establishing best practice in Software Architecture Consistency Processes","Technology"
"Multimodal Deep Phenotyping of ALS","Others"
"Future Vision of Bridge Health","Biology"
"A PATHway through Digital Connectivity (PATH = Physical Activity Towards Health)","Technology"
"Fast Computation and Accounting for Differential Activity in Latent Position Cluster Models for Networks","Technology"
"Molecular Aspects of Immune Evasion and Subversion of Membrane Trafficking by Pathogens","Biology"
"Chiral inorganic nanomaterials","Others"
"Post-genomic analysis of biofilm and virulence characteristics of the pathogenic yeast, Candida parapsilosis.","Biology"
"Stagnation Layers in Laser Ablation Based Analytical Techniques","Physics"
"Advances in gamma-ray Space Science using Silicon Photomultipliers","Others"
"INSIGHT - Irelands Big Data and Analytics Research Centre","Technology"
"Gastric bypass and the regression of kidney disease in Type 2 diabetes: Identification of potential mechanisms.","Biology"
"BF2-Tetraarylazadipyrromethene Based Stimuli-Responsive Near-Infrared Fluorescent Imaging Platforms","Technology"
"Ultrafast energy dissipation in semimetals and semiconductors: Simulation based on first-principles electronic structure theory","Mathematics"
"Staph-GBI 2013","Others"
"18th Annual Internationalisation and Localisation Conference","Policy"
"MMM2014: The 20th International Conference on Multimedia Modelling","Policy"
"Motion in Games 2013","Others"
"Enabling early market entry for dye sensitised solar cells","Biology"
"Cool Jobs","Others"
"Maths week Ireland 2013","Others"
"The Cell EXPLORERS Roadshow","Biology"
"The Robert Boyle Science Week","Others"
"The Mallow Festival of Science/ North Munster & Region Maths Week","Others"
"STEM in Society Challenge","Others"
"UCD Science Expression","Biology"
"Robert Boyle Summer School","Education"
"Thesis in 3","Others"
"UL Science Week","Others"
"Researcher for a Night","Technology"
"Motiavating and Advancing Regional Science","Others"
"A tissue engineered biological joint replacement prosthesis for the treatment of degenerative joint disease","Biology"
"Topological Order and Fault Tolerant Quantum Computation","Technology"
"Development of a blood-based marker for early detection of cognitive dysfunction","Technology"
"GeneSys: A high sensitivity and selectivity DNA detection platform","Technology"
"Novel Foundation for Green Energy - An Innovative Foundation for Offshore Wind Developments","Technology"
"Barriers of the CNS, tight junctions and novel therapeutic targets in neural disease.","Biology"
"ANIMAL HEALTH: A Cornerstone of Sustainable and profitable farming.","Biology"
"mHealthED 2013 - New Digital Media Content and Delivery: Revolutionising Global Health Education and Training","Education"
"Micro-Nano-Bio Convergence Systems Workshop and European Platform on Smart Systems Integration General Assembly and Annual Forum 2013 Joint Event","Technology"
"ENTER 2014","Others"
"Design optimisation of Wavelength Division Multiplexing Devices Based on Multi-Channel Grating Filters","Engineering"
"TELERETI - Enabling Technology for Tele-Operated Retinal Surgery.","Technology"
"Irish Schools Mini Sumo Robots Challenge","Education"
"Identification & Functional Characterisation of Novel Inflammatory Mediators.","Biology"
"Engineering Multivalent Proteins for Regenerative Medicine (EMPoRiuM)","Engineering"
"SFI ERC Support - Pete Humphries","Others"
"Defining the roles and mechanisms of action of Pellino proteins in immunity and inflammatory diseases","Biology"
"Multichannel disposable sensors for animal health disease diagnostics","Biology"
"Development of a Novel Bioinspired Fiber Reinforced Hydrogel that Recapitulates Developmental Processes to Regenerate the Bone-Ligament Interface","Engineering"
"Gathering Around Cancer","Others"
"4th Annual PhD Symposium in Computational Biology & Innovation","Technology"
"Gathering Global Perspectives on Opportunitites for Industrial Innovation through Separation Science","Others"
"Irish Association for Cancer Research annual conference 2014","Education"
"Earth Gathering","Others"
"PLASMAS AS A PLATFORM - Advanced laser and plasma processing in - ICT, Healthcare, Agriculture and Energy sectors","Physics"
"Recent progress in the computational modelling of Chinese reading","Technology"
"Lean Enterprises Software and Systems (LESS 2013)","Technology"
"SFI ERC Support - Rob Kitchin","Others"
"SFI Internship Award","Policy"
"In situ formed Stem Cell Biological Dressing for Wound Healing","Biology"
"Degradation Mechanism of Cyanotoxins Using Novel Visible Light Activated Titania (TiO2) Photocatalysts","Chemistry"
"microRNA as novel therapeutic targets and disease biomarkers in Alzheimer's Disease, Frontotemporal dementia and Amyotrophic lateral sclerosis (NEURO-MIR)","Biology"
"Development and Delivery of Nonviral S/MAR Minicircles for Long-term Type VII Collagen Gene expression for the Treatment of Recessive Dystrophic Epidermolysis Bullosay","Technology"
"Specialization program on enabling high-tech innovations for resource and energy-efficiency during production, recycling and substitution of raw materials","Others"
"Crystal Engineering of Task-Specific Materials","Engineering"
"Risk factors for seated buttock deformation in pressure ulceration","Others"
"Formulation development and deposition of novel anti-bacterial coatings using atomic layer deposition to prevent infections associated with orthopaedic trauma (long bone femoral) implants.","Biology"
"Dermal Drug Delivery for Lymphatic Targeting","Others"
"The 20th International Conference on Miniaturized Systems for Chemistry and Life Sciences (MicroTAS 2016)","Policy"
"Research Data Alliance - Third Plenary Conference","Technology"
"Flatlands beyond Graphene 2014","Others"
"Frontier research in arterial fibre remodelling for vascular disease diagnosis and tissue engineering","Engineering"
"SFI ERC Support - John Boland","Others"
"SFI ERC Support - Dr. David Hoey","Others"
"Eye-Aware - Real-time contextual understanding for wearable computing","Technology"
"Research into Emerging Nano-structured Electrodes for the splitting of Water (RENEW)","Technology"
"17th International Symposium on Signalling at the Blood-Brain and Blood-Retina Barriers","Policy"
"Recoding: Reprogrammed Genetic Coding","Biology"
"Plant Biology Europe FESPB-EPSO 2014 Congress","Biology"
"25th International Liquid Crystals Conference (ILCC2014)","Policy"
"7th International Conference on Speech Prosody","Policy"
"Integrating genomic variation data into dynamic","Biology"
"modelling to investigate cell-type specific pharmacological sensitivity in signalling pathways","Biology"
"involving the PTEN tumour suppressor","Biology"
"Biomarker analysis in SLE","Technology"
"Formulations and delivery systems for prevention and treatment of bovine Johne's Disease","Biology"
"Technical and Commercial Development of Rapid Discharge Sintering Technology","Technology"
"Development of a Regulatory Compliant Cell Product for Acute Respiratory Distress Syndrome","Biology"
"Novel LiDAR Web services for mapping & monitoring Road Network Infrastructure","Technology"
"Delivering innovative geospatial information services for foresty applications based on unmanned aerial vehicle (UAV) sensor data fusion","Technology"
"SFI Internship Award","Policy"
"SFI Internship Award","Policy"
"Biocompatible biopolymer as a neural cell regeneration scaffold (smart material for tissue regeneration)","Biology"
"A paper-based microfluidic analytical device (uPAD) for quantitative catecholamine analysis in urine","Engineering"
"Randomized Trial of Superficial Nosocomial Infections in Radica TM Compared to Routinely Cleaned Isolation Rooms","Biology"
"Small molecule inhibitors of HIF-1: a new class of anti-cancer therapeutics.","Chemistry"
"A predictive test for endometritis in cows for improved reproductive management in dairy herds","Technology"
"Incorporation of a novel permeation enhancer with hyaluronic acid-based insulin nanoconjugates to deliver oral insulin","Others"
"Characterization of Novel Thromboxane Receptor Antagonists: Efficacy Studies to Prioritize the Target Market.","Others"
"Development of new nanoparticle based antibacterial coatings","Biology"
"Process Modelling : Kinetics to Optimisation of productivity and product attributes.","Engineering"
"A Novel Way to Capture Extracellular Vesicles for Diagnostic Applications","Biology"
"Divergent synthesis of proprietary macrocyclic scaffolds and libraries for screening","Chemistry"
"Farnesoid X-Receptor Agonists in Diarrhoeal Diseases - Novel Agents to Underpin and add Value to an Enabling Patent","Biology"
"The Development of a Novel Construct for Peripheral Nerve Repair","Technology"
"Antimicrobial Peptide Mimetics-coated catheters.","Biology"
"Use of PSG1 protein as a therapeutic agent in wound healing","Biology"
"Development of a novel phosphorylation site-specific antibody for Protein Tyrosine Phosphatase 1B","Biology"
"Prognostic and Diagnostic exploitation of a cohort of Bone Morphogenetic Protein Superfamily targeting miRNAs in Diabetic Nephropathy","Biology"
"Validation of a novel serum-free medium for production of human mesenchymal stem cells and establishment of in vivo efficacy in a bone model of repair","Biology"
"Development of proof-of-concept animal model for novel FcyRIIa antagonists","Mathematics"
"A preclinical evaluation of a novel combination immunotherapy for Cancer","Biology"
"Development and Validation of Novel Circulating microRNA Biomarkers for Bovine Tuberculosis.","Technology"
"Novel Biomarkers for Early Diagnosis of Diabetic Nephropathy","Others"
"A new platform for surface modification involving specific attachment and slow release capacity","Technology"
"Developing Intravitreal Microparticles as a Delivery","Others"
"Mechanism for Small Molecule Inhibitors of Ocular","Chemistry"
"Neovascularisation and Inflammation","Biology"
"A novel protein display technology to expand and enhance biosensor measurement of therapeutic molecule kinetics","Biology"
"Evaluating the commercial feasability of a pressure sensing technology which is based on biocompatible optical fibres for applications in urology and cardiology","Physics"
"Protein engineering using novel artificial metallonucleases","Engineering"
"The development of Novel Nitric Oxide releasing Biomaterials to Promote Stable Endothelialisation in Shear Environements","Technology"
"Novel method for multiple myeloma monitoring and prognostics","Others"
"Mobile Laser diagnostics of skin conditions","Physics"
"BPVacc: Development of a vaccine against meliodosis with Burkholderia pseudomallei antigens","Biology"
"LoaD3 - High Performance, Multi-layer Lab-on-a-Disc System for a Cost-Efficient, Point-Of-Care Diagnostics","Policy"
"The generation of an enzymatic tool-kit for the release of intact O-glycan structures","Biology"
"Nanostructured Surface Areas for Filtration and Epidermal applications (nanoSAFE)","Technology"
"Microcavity Array Supported Lipid Bilayers; Biometric Test Beds for Drug-Membrane Interactions","Others"
"Ploidy Barrier BridgerTM: An Enabling Technology for Accelerating Plant Breeding and Crop Improvement","Technology"
"The Soft BioPrinter: a low-cost, rapid prototyping desktop solution for producing organotypic microtissues","Biology"
"Novel inorganic monoliths for chromatographic applications.","Technology"
"Magnetorheological Smart Composite With Embedded Optical Fiber Sensors For Medical Applications","Physics"
"High sensitivity optical chemical sensor for water quality monitoring","Physics"
"The develop of a prototype contact lens for the treatment of a side range of acute and chronic oculat inflammatory conditions","Biology"
"PCR Generated Domain Antibodies: New Tools for Bovine Interferon ? Diagnostic Kits","Biology"
"Feasability study to test the efficiency, reliability and commercial potential of Microbial Enhanced BioSwale (MEBS) systems for the treatment of Farmyard Dirty Water","Biology"
"Upscaling the exfoliation of inorganic layered compounds","Chemistry"
"Using solar energy stored in cement batteries to power cathodic protection of reinforced concrete structures.","Others"
"Development and Commercialisation of a novel Plasmonically assisted high efficiency Solar Cell Technology","Technology"
"LiONSKIN - Moldable Li-ion battery outer skin for electronic devices","Engineering"
"The Creation of Smart Electrodes by Novel Immobilisation Strategies for Use in CO2 Conversion Technologies","Others"
"Solid State Thermal Interface Material","Others"
"Development of low cost, near infrared (NIR) reflective and very low thermal conductivity advanced materials for energy efficient thermal insulations.","Technology"
"Development of Hybrid Catalytic Magnetic Nanoparticles for Efficient and Safe Hydrogen Storage","Physics"
"High Speed Diamond Atomic Force Microscopy Probes","Physics"
"Wide bandwidth cantilever structures for MEMS vibrational energy saving","Others"
"Assessment of marine derived linear tetrapyrroles for use in the functional/nutraceutical food industry","Technology"
"Flexible Pressure Sensor-Electrode Assemblies for Medical Device Applications.","Engineering"
"Advanced substrate engineering for high efficiency III-V solar cells (ASICS)","Engineering"
"Development of a microbial multiparametric nucleic acid diagnostics technology with potential application in the clinical, food and pharmaceutical industry sectors.","Biology"
"Non-destructive chemical imaging for 10 nm node transistors","Chemistry"
"Scalable core network for user-deployed small cells","Technology"
"Pixel Demonstrator for Actively Tuned Reflective Plasmonic Display","Others"
"Low cost spectrally-efficient optical transceivers for smart and high-performance optical transmission systems","Physics"
"Multi-source personalisation for E-commerce using customer reviews and linked open data","Technology"
"PLoT - Personalised Linked Open Tours","Others"
"Towards a social media repository of Ireland; An archive of Irish social media content, with applications in Business research and Event/ Trend Analysis","Technology"
"Narrow linewidth tunable lasers for coherent telecommunications","Technology"
"Extended wavelength photodiodes using Si-Ge wafer bonding","Others"
"Measurement Technology: A non invasive tool for assessing patients  in critical care.","Technology"
"New memory cell test structure devices based on single phase multiferroics","Engineering"
"Monolithic optical coherent receiver","Physics"
"Non-contact measurement of high voltage from power lines.","Others"
"Copper diffusion barrier layer formation on high carbon content dielectric materials for future interconnect applications","Technology"
"Pilot tone assisted QAM for Metropolitan optical transmission systems","Physics"
"CMAS: A portable platform for water quality monitoring at Point of Need","Technology"
"Monolingual and Bilingual Text Quality Judgements with Translation Performance Prediction","Technology"
"3D Printing from remote sensing","Others"
"Monitoring the health and welfare of broiler chickens using smart vocalisation analysis techniques - ChirpMetrics","Biology"
"VeritaWire:Towards a trusted social media newswire service","Technology"
"Bandwidth Enhancement of Omni-directional Circularly Polarized Antennas","Others"
"Real-Time Communications Quality Assessment Tool (RTC-QAT)","Technology"
"A dimensioning Tool for Access Control Systems (ATLAS)","Technology"
"ASIC Implementation of a dielectric charge control circuit of RF MEMS Switches","Engineering"
"In-situ aberration-corrected transmission electron microscopy: real-time investigation of materials at atomic level","Physics"
"Grant Scheme Strand 6","Policy"
"Galway Science & Technology Festival","Technology"
"Cell Explorers","Biology"
"Explorers Education Programme","Education"
"Famelab Ireland 2014","Others"
"Tech Week 2014","Others"
"The Festival of Curiosity 2014 and 2015","Others"
"Maths week Ireland 2014 and 2015","Others"
"New Strategic Partnership - Science Gallery and SFI Discover","Others"
"Efficient energy conversion electronic systems for small-scale vibration energy harvesters","Technology"
"VEX IQ Junior Robotics Programme","Policy"
"Project TARA","Others"
"The Maths Circles Initiative","Others"
"SFI Internship Award","Policy"
"Cloud based Electronic integrAtion of Patient Records (CLEAR)","Others"
"Maker Ireland - The Irish Maker Festival","Others"
"International Workshop on Large-Scale Testing (LT2014)","Policy"
"Development of automated coastal bathymetric methodology using applied Remote Sensing techniques","Technology"
"Rateless Coding in the Cloud","Others"
"Simulating Human Mobility in Dublin","Others"
"Helminth-derived immunomodulatory molecules as therapeutics for immune-mediated disease","Biology"
"Munster Regional Festival of Science and Mathematics","Mathematics"
"My Gut Feeling","Others"
"Thesis in 3 (Tin3) 2014","Others"
"BEAST! (Baboro: Environment, Arts, Science and Technology)","Technology"
"SFI Discover Science Zone at the Festival Big Day Out","Others"
"SFI Internship Award","Policy"
"Irish Centre for Fetal and Neonatal Translational Research (INFANT) - EU Grant Manager","Technology"
"Alimentary Pharmabiotic Centre (APC) - Interfacing Food & Medicine - EU Grant Manager","Biology"
"Synthesis and Solid State Pharmaceutical Centre (SSPC) - EU Grant Manager","Chemistry"
"I-PIC Irish Photonic Integration Research Centre - EU Grant Manager","Physics"
"Advanced Materials and BioEngineering Research Centre (AMBER) - EU Grant Manager","Engineering"
"INSIGHT - Irelands Big Data and Analytics Research Centre - EU Grant Manager","Technology"
"Marine Renewable Energy Ireland (MaREI) - EU Grant Manager","Policy"
"Ejection Accretion Structures in YSOs (EASY)","Others"
"Development of Irish Smart Grid Test Bed: Demonstration Projects","Technology"
"Risk Information Visualisation","Technology"
"Ireland-Japan ISCA Progamme","Others"
"Debating Science Issues - National Semi-Finals and Finals","Policy"
"SFI Internship Award","Policy"
"Thermo-fluidic characterisation and modelling of a dry cooled condenser in a conentrated solar power plant","Mathematics"
"Ireland-Brazil ISCA Programme","Policy"
"Ireland-China ISCA Programme","Policy"
"Protein Biomarker Arrays for Personalized Treatment of Prostate Cancer","Biology"
"Keystone Symposium: Hypoxia; from basic mechanisms to therapeutics","Biology"
"Dooge Nash International Symposium/Workshop and Hydrology Master-classes 2014","Policy"
"Earth Festival - Science through Art: A collaborative learning experience","Education"
"Exploring Nature's Power","Others"
"Youth Academy STEM","Others"
"Citizen Solar Scientest","Others"
"I'm a Scientist / Engineer - Get me out of here","Engineering"
"A scalable portable humanoid robot soccer exhibition platform","Technology"
"SFI Internship Award","Policy"
"Speed and Sensitivity; Expanding Astronomical Horizons with ELTs","Others"
"The 13th International Technology & Telecommunications Conference (IT&T 2014)","Technology"
"Collaborative Predictive Biomarker/Companion Diagnostic Programme in Oncology: Integration of Bayer Healthcare Pharmaceuticals/ Royal College of Surgeons in Ireland Translational Research Agenda through application of a Global Medical Affairs Strategy","Policy"
"Commercialisation of Bacterial Imaging Technology","Technology"
"MOB-SIM@ A mobility simulation platform for enabling smarter intermodal transportation","Technology"
"The 9th International Cancer Conference - Living with Cancer in the 21st Century","Policy"
"18th Workshop on Dielectrics in Microelectronics","Education"
"Mayo Science & Technology Festival","Technology"
"Limb salvage using mesenchymal stem cell induced vascular regeneration","Biology"
"Centre for Academic Advancement","Others"
"Workshop on Quantitative Pharmacology and Systems Biology in Pharmaceutical Development","Education"
"Eurotherm Seminar 102: Thermal Management of Electronic Systems","Education"
"102nd European Study Group with Industry","Technology"
"10th William Rowan Hamilton Geometry and Topology Workshop","Mathematics"
"Workshop on Sustainable Phosphorous","Education"
"Bealtaine Festival","Others"
"ACAM/CECAM Ireland Workshop Series: Bridging Simulation, Experiment & Industrial application in Biology and Advanced Materials (Year V)","Education"
"Ireland-China ISCA Programme","Policy"
"From cells to tissues: Stem cells, Tissue repair and Tissue Engineering for Diabetes, Eye Diseases and Neuro-degenerative Diseases","Biology"
"4th Annual Meeting, Frontiers in Neurology (FIN)","Biology"
"24th Annual Meeting of the Network for CNS Transplation & Repair (NECTAR)","Technology"
"North Munster and Region Maths Week 2014","Others"
"Busking Physics","Physics"
"Sunspotters - Bringing the Sun to Secondary School Students","Education"
"Supramolecular Approaches to Protein Surface Recognition and Assembly (SupraSurf)","Chemistry"
"Functional polymers for (nano)medical devices","Engineering"
"Phenotype Engineering using MicroRNAs in Chinese Hamster Ovary (CHO)  Cells to Achieve Faster Growth Rate and Extended Culture Lifespan for more Efficient Biopharmaceutical Production","Engineering"
"App'ED","Others"
"Dynamic redefinition of codons: From antivirals to an essential micronutrient","Others"
"BCL-2 family proteins and cellular bioenergetics in the control of cell survival: Towards novel predictive and prognostic markers for disease progression and therapy responses in colorectal cancer patients","Biology"
"Functional analysis of the host adsorption and DNA injection processes of a lactococcal bacteriophage","Engineering"
"The ATR and ATM kinases: new roles in maintaining genome stability.","Biology"
"Design, Synthesis, and Development of CarbohydrateBased Vaccines, Therapeutics, Diagnostics, and Medical Devices.","Biology"
"Novel treatments and diagnostics for epilepsy via the ATP-gated P2X7 receptor","Others"
"microRNA in the pathogenesis and prognosis of neonatal brain injury","Biology"
"The Impact of Genetic Heterogeneity on Synthetic Lethality in Cancer","Biology"
"5th Charles Warren Workshop 2014","Education"
"37th International Symposium on Combustion, Dublin, Ireland Travel Award","Policy"
"The 8th Irish Human Computer Interaction Conference (Ihic 2014)","Technology"
"Fourth Workshop on Controlled Natural Language (CNL2014)","Education"
"SFI ERC Support - Aoife Gowen","Others"
"The cognitive thalamus: more than a relay","Others"
"Ecology and Evolution In Action: Lessons from Bats","Others"
"Rational design of amorphous carbon materials for the control of interfacial charge transfer and catalytic properties","Engineering"
"The epigenetic basis of stem cell maintenance and cellular differentiation in the cnidarian Hydractinia","Biology"
"International Conference on Stem Cell of Technology and Therapy","Education"
"Young Neuroscientists Symposium","Biology"
"Irish Society for Immunology Workshop on the Microbiota and Clinical Immunology","Biology"
"Marie Sklodowska-Curie Actions (MSCA) Programme Officer","Policy"
"STEM Awards","Policy"
"Employment Awards","Policy"
"Repetitive Loading of Marine Renewable Structures","Others"
"Genetic biomarkers for epilepsy predisposition and treatment","Biology"
"Irish Centre for Fetal and Neonatal Translational Research (INFANT) Supplement","Technology"
"Novel long-acting biotherapeutics targeted to sensory neurons and/or inflammatory cells for treating chronic neuropathic and inflammatory pain","Biology"
"Software Defined Control of Superchannel Transponders for super-Tb/s Elastic Optical Networks","Physics"
"Nonlinear wave-current interactions in the nearshore: addressing the role of vorticity and nonlinearity in the modelling of ocean energy","Mathematics"
"Bio-availing of Antimicrobial Resources","Biology"
"Roles of histone demethylase complexes in the control of fungal development and secondary metabolite production","Technology"
"Fundamental Insights into Load Induced Fibre Remodelling in Arterial Tissue; Applications in Vascular Tissue Engineering and Medical Device Development","Engineering"
"Investigating Natural Killer (NK) cell metabolism as a determinant of NK cell anti-tumour activity","Biology"
"Supramolecular Approaches to Protein Surface Recognition and Self Assembly","Chemistry"
"Identification of the Molecular Pathways that Mediate Cytokine Induced Immunopathology of the Gut Epithelium","Chemistry"
"Structure and Seismicity of Ireland's Crust","Others"
"An Analytical Platform for Early Stage Developability Assessment of Monoclonal Antibodies  How Manufacturable is a mAb Candidate?","Technology"
"Signal-Space Cooperative Relaying Techniques for Future Wireless Networks (CooperaNET)","Technology"
"Achieving nearly zero energy buildings - A life cycle assessment approach to retrofitting existing buildings (acronym: nZEB-RETROFIT)","Technology"
"Nonlinear optical micro-spectroscopy for multiplex suspension immunoassay","Physics"
"Three-dimensional microbiological imaging, automated analysis, and display using digital holography","Biology"
"Targeting RACK1 as a dynamic cog downstream of growth factor and adhesion signalling.","Others"
"Cell survival signalling mechanisms and drug delivery strategies for retinal neuroprotection","Biology"
"Role of NRXN1 in neurodevelopmental disorders: from stem cells to clinical phenotypes","Biology"
"Fastener-less Joining Technologies for High Performance Hybrid Composites-Metal Structures","Others"
"Supramolecular approach to novel nano-materials for biological and material applications","Chemistry"
"Regulation of Plant Immunity through Protein Degradation by the N-end Rule Pathway","Policy"
"SURF: Service-centric networking for urban-scale feedback systems","Technology"
"Development of the next generation of controllers for wave energy devices","Engineering"
"MicroRNA biofluid profiles as molecular diagnostics for epilepsy","Chemistry"
"An Internet Infrastructure for Video Streaming Optimisation (iVID)","Technology"
"aRTIVVIS: Real-time Time-variant Volume Visualisation","Others"
"Spatial audio over virtual and irregular arrays","Others"
"Sexual cycles, genomics, and mating-type switching in non-conventional yeast species","Biology"
"Theory and Application for the Discrete Logarithm Problem in Finite Fields: setting a Cryptographic World Record","Mathematics"
"Usage of peat biomass in novel products obtained with fibre-foam dispersions","Others"
"Copper diffusion barrier layers for advanced interconnect integration","Others"
"SMALL: Semi-Metal ALL-in-One Technologies","Others"
"Injection locking within Photonic Integrated Circuits supporting high spectral density optical communications","Physics"
"In situ formed Skin Substitute in Combination with Gene Therapy for Wound Healing","Biology"
"Improving Biopharmaceutical productivity from industrial CHO cell lines by microRNA knockdown","Biology"
"Using precision technologies, technology platforms and computational biology to increase the economic and environmental sustainability of pasture based production systems","Technology"
"Using precision technologies, technology platforms and computational biology to increase the economic and environmental sustainability of pasture based production systems","Technology"
"Model Predictive Control of Continuous Pharmaceutical Processes","Technology"
"Reducing embryo mortality through improved understanding of embryo maternal communication","Technology"
"The development of early non-invasive and reliable molecular biomarkers of pregnancy in dairy cattle.","Chemistry"
"The development of early non-invasive and reliable molecular biomarkers of pregnancy in dairy cattle.","Chemistry"
"Ireland-India ISCA Programme","Policy"
"Genome-scale analysis of mammalian cell factories: Parallel multi-omic characterisation of CHO cells to enhance biopharmaceutical production.","Biology"
"Confined Time-Resolved Vacuum Ultraviolet (VUV) Laser Induced Breakdown Spectroscopy for Pharmaceutical Applications","Physics"
"A New Dimension to the Immune Response: Biological Molecular Clocks Controlling Inflammation.","Biology"
"Targeting microRNA to drive a successful host response to Mycobacterium tuberculosis  engineering a better vaccine","Engineering"
"Designing Reactive Functionalised Soft Interfaces  Self-healing soft materials for solar energy conversion, energy storage, and sustainable low cost hydrogen production","Engineering"
"Development of Bionic Sensor Materials for Metabolic Imaging in Regenerative Medicine","Biology"
"New weapons to fight old enemies  biocontrol of spoilage and pathogenic bacteria in the dairy industry with novel inhibitors of quorum sensing and biofilm formation","Biology"
"Investigating the impact of high intensity exercise and/or protein intake levels on gut microbial diversity.","Biology"
"Knocking the Wnt out of Colon Cancer: Role of prolyl/asparaginyl-hydroxylases in colon cancer initiation","Others"
"Realistic Reaction Kinetics Models for the Production of Platform Chemicals and Designer Fuels from Biomass","Chemistry"
"Decoding the regulatory landscape of the intrinsically disordered proteome.","Biology"
"Shaping the electronic and optical properties of non- and semi-polar nitride-based semiconductor nanostructures","Physics"
"Ferroelectric and Electroclinic Effects in Nano-particle Doped de Vries Smectic Liquid Crystals: Molecular Organisation and Order","Chemistry"
"Software Defined Optical Networks","Physics"
"Graphene Engineering for Electronics and Sensing (GREES)","Engineering"
"I-PIC Irish Photonic Integration Research Centre ","Physics"
"Marine Renewable Energy Ireland (MaREI) - The SFI Centre for Marine Renewable Energy Research","Technology"
"The Ninth Cheese Symposium 2014 (part of the UCC/Teagasc Alliance in Food Research in collaboration with INRA)","Technology"
"The 5th IEEE International 3D System Integration Conference (3DIC)","Policy"
"Seventh de Brún Workshop on Homological Perturbation Theory","Mathematics"
"Mixed-Signal Integrated Circuit Electronics to Enable the Internet-of-Things","Technology"
"SusChEM: Using theory-driven design to tailor novel nanocomposite oxides for solar fuel production","Engineering"
"SFI Internship Award","Policy"
"Irish Centre for Fetal and Neonatal Translational Research (INFANT) - EPE and Admin Support","Technology"
"Molecular Scaffolds and Functional Design - Porphyrins as Platforms for Biomedical Applications","Biology"
"Mathematical modelling of soil biomass","Mathematics"
"Advanced Frequency Synthesis Informed by Nonlinear Dynamics","Chemistry"
"Epigentic Regulation of Glycosylation and the Impact on Chemo-resistance in Cancer","Policy"
"Personalise Nutrition for the Preterm Infant (PiNPoiNT)","Others"
"Advanced Biopharmaceutical Technologies","Others"
"Next Generation Imaging for Smartphone and Embedded Platforms","Technology"
"Characterization of complex primary and secondary mineral resources using high-resolution microscopy and surface science for design and evaluation of novel alternative geomicrometallurgical processing technologies","Engineering"
"Delivery of protein therapeutics for the treatment of motorneuron diseases","Biology"
"5th Annual PhD Symposium in Computational Biology & Innovation","Technology"
"Dublin Area Workshop on Nano-Science and Low Dimensional Quantum-Matter","Education"
"8th Irish Earth Observation Symposium 2014","Others"
"SFI ERC Support - Martin Elbrecht","Others"
"Unbreakable Tour","Others"
"16th International Conference on Atomic Layer Deposition (ALD2016)","Education"
"High Performance Polymeric Nano-composites Reinforced with Fibrillated Cellulose for Additive Manufacturing","Engineering"
"Half-life extended therapeutic strategies for Patients with Haemophilia A","Biology"
"Novel biotherapeutics for treatment of fibrosis","Biology"
"A new strategy for targeting a key inflammatory pathway","Policy"
"Novel therapeutics for the treatment of dermatologic skin diseases","Biology"
"Applications of novel scintillators for research and industry","Technology"
"27th Annual Meeting of the European Renal Cell Study Group","Biology"
"Careers in Neuroscience Symposium Galway 2014","Policy"
"37th International Symposium on Combustion","Policy"
"Towards Nonlinear Modelling and Control of Wave Energy Devices","Engineering"
"Workshop on Automatic Understanding of Creativity in Language (Creative-Lingo)","Education"
"IPPOSI & Insight Connected Health-Hack & Workshop","Education"
"DCU Water Institute Conference (2014) (WI2104) - Water The Greatest Global Challenge","Education"
"Gut Phageomics - Phage as diagnostics and/or therapeutics in IBD","Biology"
"Curiosity Lab @ Science Week","Others"
"Robert Boyle Science Week","Others"
"Discovery Science Festival","Others"
"SFI Internship Award","Policy"
"Midlands Science Festival 2014","Others"
"Green Transport & Communication Networks","Technology"
"SSCIN  Sensing SubCutaneously INvitro  - New paradigms to overcome invasive diagnostics","Others"
"ColoForetell: A Xenopatient Discovery Platform for the integrated Systems based Identification of Predictive Biomarkers for Targeted Therapies in Metastatic Colorectal Cancer","Technology"
"Macrophage migration inhibitory factor (MIF), enzymatic activity & Pseudomonas Aeruginosa infection","Biology"
"Bio-inspired Chemical Transformations in Confined Supramolecular Environments of Nanoscopic  Coordination Cages and Metal-Organic Frameworks","Chemistry"
"US-Ireland Collaborative Research on Nano-GaN Power Electronic Devices","Engineering"
"Understanding the Nature of Interfaces in Two Dimensional Electronic Devises (UNITE)","Technology"
"Transparent p-n junctions: from bipolar doping to interface engineering","Engineering"
"Examination of the cognitive enhancing potential of seaweed-derived mineral-rich nutraceuticals","Others"
"Bioinformatics and predictive analytics for the identification of microRNA biomarkers of neonatal seizures","Technology"
"Connecting with Industry Workshop: A Bioengineering in Ireland XXI Event","Engineering"
"2nd Digital Forensic Research Workshop Conference - Europe (DFRWS EU 2015)","Education"
"FOODBALL (The Food Biomarkers Alliance)","Others"
"FOODBALL (The Food Biomarkers Alliance)","Others"
"CeBioN (Cellular Bioenergetics in Neurodegenerative Diseases)","Biology"
"Mising Link","Others"
"A New Cavity Enhanced Trace Gas Absorption Detector for CARIBIC","Others"
"Irish Centre for Fetal and Neonatal Translational Research (INFANT) Supplement","Technology"
"Alimentary Pharmabiotic Centre (APC) - Interfacing Food & Medicine Supplement","Biology"
"Synthesis and Solid State Pharmaceutical Centre (SSPC) Supplement","Chemistry"
"I-PIC Irish Photonic Integration Research Centre Supplement","Physics"
"Advanced Materials and BioEngineering Research Centre (AMBER) Supplement","Engineering"
"INSIGHT - Irelands Big Data and Analytics Research Centre Supplement","Technology"
"Marine Renewable Energy Ireland (MaREI) - The SFI Centre for Marine Renewable Energy Research Supplement","Technology"
"Harnessing epigenetic and genome dosage effects on hybrid vigour for sustainable crop and food production","Biology"
"CÚRAM - Centre for Research in Medical Devices","Engineering"
"CONNECT: The Centre for Future Networks & Communications","Technology"
"Irish Centre for Research in Applied Geosciences (iCRAG)","Technology"
"Lero - the Irish Software Research Centre","Technology"
"ADAPT: Centre for Digital Content Platform Research","Technology"
"Investigating the capacity for multipotent adult progenitor cells to prolong graft survival through modulation of homeostatic proliferation","Biology"
"Application-aware Video Distribution using Software Defined Networking","Technology"
"Developing Intravitreal Microparticles as a Delivery Mechanism for Small Molecule Inhibitors of Ocular Neovascularisation and Inflammation","Chemistry"
"Irish Association for Cancer Research 2015 annual meeting","Technology"
"Development and validation of molecular diagnostic assays for oncology markers","Chemistry"
"Optical cooling of active semiconductor devices using anti-Stokes emission","Physics"
"Medical Device Software Quality Management Systems: Development and Evaluation through Action Research","Technology"
"Investigation of high throughput short-pulse laser structuring of emerging micro- and nano- scale materials for future roll to roll manufacturing based on thin flexible glass.","Physics"
"Infrared detection of microtubular proteins in plasma and platelets as peripheral biomarkers of disease progression in treatment resistant depression","Biology"
"SFI Internship Award","Policy"
"Employment Awards","Policy"
"Employment Awards","Policy"
"Employment Awards","Policy"
"Modulation of inflammation to treat obesity","Biology"
"Develop enabling stem cell technology with biomaterial","Technology"
"Developing a new Conditioned Medium (CM)-based Growth Supplement for Cloning of Cells used by the Biopharmaceutical Industry","Biology"
"System-level design of centrifugal-microfluidic ""Lab-on-a-Disc"" systems","Engineering"
"Assessment of marine derived linear tetrapyrroles as immunosuppressive agents for organ transplantation","Biology"
"Manganese Oxide Based Protective Layers for Photo-electrochemical Water Splitting Cells","Chemistry"
"Development of a single mode laser technology for passive optical networks","Physics"
"Nis-2-Gen: Developing Second Generation Nisins with Therapeutic Applications.","Biology"
"Next generation diagnostic tools for problematic dairy bacteriophages","Biology"
"Therapeutic and Commercial Viability of Medically Licensed Mesenchymal Stem Cells for Acute Respiratory Distress Syndrome.","Biology"
"Point of Use Detection of Mastitis (POUMA)","Others"
"High Sensitivity Low-cost Portable Plasmonic Photoacoustic Detector (P3-D) System for Biodetection","Technology"
"BIRDEYE - Thermal Imaging system to monitor poultry distribution and movement in poultry houses to form part of an overall process control system","Engineering"
"Scalable Production of Transition Metal Dichalcogenide Catalysts for the Hydrogen Evolution Reaction","Chemistry"
"New Materials for Electrode Fabrication in Fuel Cell Applications","Biology"
"Fluorescent Nanoparticle Dissolution Amplification applied to an immunomagnetic assay for sensitive detection of disease biomarkers (FiNDA)","Biology"
"Nanoparticle production by laser ablation in a gas flow","Physics"
"Hybrid Organic-Inorganic Polymers: Novel Waveguides and Device Architectures for Luminescent Solar Concentrators with Superior Collecting Efficiencies","Engineering"
"Curing Rheumatoid Arthritis with broad acting anti-viral peptide therapeutics","Biology"
"epiCaPture: A non-invasive urine test for early detection of High-Risk Prostate Cancer","Others"
"INFOCARVE: Focus and Context Visualisation for Augmented Reality","Others"
"A Method for Enhancing Plant Immunity to Muliple Stressors","Others"
"Teaching old dogs new tricks. New electrodes for an old technology: Innovative metal oxide based probes for pH detection.","Technology"
"Molecular Engineering of 5,10-donor-acceptor porphyrins for dye-sensitised-solar cells","Engineering"
"Single Element Planar Antenna with High Gain and Beam Steering capabilities - SEPARATE","Others"
"Development of Hyperbranched Poly(?-Amino Ester) as Safe and Efficient Gene Delivery Vector","Technology"
"DynaMat: Dynamic materials for drug delivery and diagnostics","Others"
"Development and validation of an integrated 21-marker molecular test for predicting response to chemoradiation therapy in oesophageal adenocarcinoma patients","Technology"
"Smart Current Sensor for High Power Applications and Grid Monitoring","Technology"
"Biobased polymers as a new generation of surfactants","Chemistry"
"Rapid Sensing of Viral and Baterial Loads via Glycosylated Ofet Technology","Technology"
"OCR2MT: Integrating Optical Character Recognition into Machine Translation in Legal Translation","Physics"
"High Metal Yeast for Improved Pig Nutrition","Others"
"A Multiple Degree-of-Freedom Vibrational Energy Harvester","Others"
"Hybrid Metallopolymer-Polyoxometalate Materials; Nanoporous Thin films for Solar Water Purification.","Chemistry"
"Synthesis and biological evaluation of prodrug derivatives of ?-carboxynucleosidephosphonate NRTIs (? -CNPs)","Chemistry"
"Programmable Frequency Comb for Elastic Optical Networks","Physics"
"Towards the development of a portable/deployable total ion analyser platform for rapid analysis of ground and river water systems","Technology"
"Functionalised Intraluminal Fibrous Conduit for Peripheral Nerve Repair","Others"
"Development of tool compounds for the therapeutic manipulation of human DDX3 protein","Biology"
"Monitoring of pathogenic bacteria using plasmonic enhancement methodology","Biology"
"The enhanced commercial production of stem-cells by the induction of cellular quiescence using DNA aptamers.","Biology"
"Frequency comb sources for cutting-edge trace gas detection","Others"
"Hollow Micro-sphere Conductive Neuroelectrde Coatings for the Management of Chronic Pain","Biology"
"Newswire 2.0","Others"
"Seaweed-based Integrated Biorefinery in Ireland: A new approach for extraction of high-value products and biogas generation.","Biology"
"SENSIDON: A Connected Health System for the Continuous Non-invasive Measurement of Functional Health in the Home and Wider Community","Biology"
"Novel technology solutions for affinity proteomics","Biology"
"Development of a scalable process for production of inhaled anti-tubercular therapies using bioactive carriers","Engineering"
"The development of Novel Polymer Matrices for the Electrocatalytic Generation of Hydrogen","Chemistry"
"Next Generation Antibiotics: anti-biofilm, anti-pathogenic natural bioactives from marine microorganisms.","Biology"
"Mobile optomechanical sensor for blood coagulation monitoring.","Engineering"
"Development of a porous microneedle patch drug delivery platform","Technology"
"Compact High Throughput Optical Spectrometer Platform","Physics"
"SweatSens: Biofouling Mitigated Sweat pH and Glucose Sensing","Others"
"Development of a green cost efficient procedure for the preparation of peptide containing drugs","Biology"
"Printed Multiband Circularly Polarized Rectennas for RF Energy Harvesting","Others"
"Development of a minimally invasive smart impedance probe for detection of malignant and non-malignant breast masses.","Technology"
"Development of foil-based 3-dimensional solid state supercapacitors for energy storage","Technology"
"The Appliance of Science","Others"
"SWIM - Science With Inspirational Mentors","Others"
"DART of Physics","Physics"
"Let's Talk Science Festival!","Others"
"Scouting STEM - exploring and discovering the world about us","Others"
"Bealtaine Living Earth Festival 2015","Others"
"Science LIVE! - virtual tours of Irish science centres","Others"
"SwitchOnSTEM.ie : Resources to support Higher Education Engagement Activities","Education"
"Cell EXPLORERS - national expansion of a sustainable public engagement model","Policy"
"Science on Stage inspiring engagement in science","Others"
"I'm a Scientist/Engineer, Get me out of here!","Engineering"
"Thesis in 3 (Tin3) 2015","Others"
"Chimera - Art and Science Project","Others"
"Brain Freeze 2","Biology"
"EngAGE with Science: An Intergenerational Public Engagement Programme","Policy"
"Science Includes Me - Transition Year Mentoring Programmes that bridge science, the arts and design","Engineering"
"Boolean Expressions: Contemporary art and mathematical data","Mathematics"
"SFI Discover Science Zone at The Festival Big Day Out","Others"
"Cosmos at the Castle: The Space for Science","Others"
"All You Need Is Space - A Festival Of Space Science","Others"
"EXCITED - The DIGITAL Learning Movement","Technology"
"Medicines in my Life","Biology"
"Child Protection; creating the infrastructure to ensure the future sustainability of CoderDojo Ireland","Engineering"
"Debating Science Issues Competition - National Semi- Finals & Final 2015","Policy"
"Student2Scientist: Coding Junior-Cycle Science in Space","Education"
"Smart World / Full Life","Others"
"Letters of 1916: Community Engagement","Others"
"The All-Ireland Apps4Gaps competition","Others"
"MakerDojo","Others"
"The Robert Boyle Summer School 2015","Education"
"INSIDERS, a children's television series about STEM to be broadcast by RTE.","Others"
"Science Hub Limerick","Others"
"FAMELAB IRELAND 2015","Others"
"BEES; A Musical by WillFredd Theatre","Others"
"Limerick's Buzzing: Citizen Science Project","Others"
"Cork Electronics Industry Association - George Boole 200","Others"
"UCD Science Expression","Biology"
"STEAM @ Spraoi and sprOg","Others"
"Continuous Professional Development on STEM for Primary School Teachers; A National Mark of Excellence","Education"
"Tech Week","Others"
"New memory cell test structure devices based on single phase multiferroics","Engineering"
"I-PIC Irish Photonic Integration Research Centre","Physics"
"Endothelial dysfunction in severe blood stream infection","Biology"
"Single Molecule Instrument Research Program: Force Measurements in Live Cells and Multiplexed Pathogen Detection","Biology"
"New immunotherapeutic approaches based on the Th1/Th17 axis and its regulation","Biology"
"micro RNA in the pathogenesis and prognosis of neonatal brain injury","Biology"
"Bacterial nucleoid associated protein expression and stress resistance in pathogens","Biology"
"Understanding the mechanistic role and druggability of JAM-A, an emerging upstream regulator of breast cancer tumourigenic signalling, using in vitro and in vivo methodologies and a novel small molecule inhibitor","Chemistry"
"The role of the claustrum as a mediator between cortical and sub-cortical processing","Engineering"
"Development of Knowledge Base Necessary for Novel Diagnostic and Therapeutic Pipeline for the Early Identification and Treatment of Rheumatoid Arthritis","Biology"
"Epigenetic Mechanisms of Stem Cell Maintenance.","Biology"
"Evolve Biomed 2015","Biology"
"International workshop Mathematical Methods in Systems Biology","Education"
"30th Summer Conference on Topology and its Applications","Mathematics"
"International Conference on Ambulatory Monitoring of Physical Activity and Movement 2015 (ICAMPAM 2015)","Policy"
"Breast Cancer Screening Conference 2015","Education"
"Digital Enlightenment Forum, Kilkenny, 2015 - ""The citizen negotiating the digital world""","Technology"
"Churn modelling in telecommunication systems","Technology"
"ENSNARE Expanding NMR Spectroscopy as a key technique in Pharmaceutical Process Chemistry through New Advancements across Research and Enterprise","Engineering"
"Game Face: Perceptually Optimised Real-Time Facial Animation","Others"
"Validation of a novel serum-free medium for production of human mesenchymal stem cells and establishment of in vivo efficacy in a bone model of repair","Biology"
"A novel protein display technology to expand and enhance biosensor measurement of therapeutic molecule kinetics","Biology"
"Microcavity Array Supported Lipid Bilayers; Biometric Test Beds for Drug-Membrane Interactions","Others"
"Measurement Technology: A non invasive tool for assessing patients  in critical care.","Technology"
"Measurement Technology: A non invasive tool for assessing patients  in critical care.","Technology"
"The application of innovative marine modelling and observation research to help industry exploit wave energy distraction of West Coast Ireland","Technology"
"SFI ERC Support - John Quinn","Others"
"Novel materials and nanocomposites for increased performance and functionality in advanced balloon catheters","Others"
"The Cork Nutrition and Microbiome Maternal-Infant Cohort Study (COMBINE)","Biology"
"The opioid system as the brain's interface between cognition and motivation","Biology"
"TORNADO Theranostic One-step RNA Detector","Biology"
"The genomic architecture of human nucleolar organizer regions and its role in nucleolar biology","Biology"
"Process Analytical Techniques (PAT) in Pharmaceutical Processing Workshop","Engineering"
"Irish Quantum Foundations Meeting 2015","Physics"
"13th International Symposium on Applied Bioinorganic Chemistry (ISABC13)","Policy"
"Microbial Interfaces: Society for General Microbiology Irish Division Meeting 2015","Biology"
"International Design Science Conference (DESRIST)","Policy"
"Workshop on vertex operator algebras and mock modular forms","Mathematics"
"SFI Fellowship","Others"
"CSET BDI: Biomedical Diagnostics Institute","Biology"
"Membrane Structural and Functional Biology. Tackling communicable and non-communicable diseases at the membrane level. GROW Supplement","Biology"
"SFI ERC Support - Thomas Reed","Others"
"ACAM/CECAM Ireland Workshop Series: Bridging Simulation, Experiment and Industrial Application in Biology and Advance Materials (Year VI)","Education"
"Inaugural INFANT Research Workshop hosted by UCC College of Medicine & Health.","Biology"
"SFI Fellowship","Others"
"The Design of Material Systems for Extreme Contact","Engineering"
"Electrophysiological investigations on the molecular mechanisms underlying gut-to-brain signalling evoked by colonic microbiota","Biology"
"Development of Optical and Acoustic Techniques for Ocean Surface Boundary Layer Studies","Physics"
"Irish Blood Cancer Network (IBCN)","Technology"
"Irish Blood Cancer Network (IBCN)","Technology"
"Surface Modification of Stryker Surgical Tools - MOST","Others"
"Design of transmitters for Terabit/s capacity optical networks","Physics"
"Microcontact Printing of Organic Monolayers for the Selective Placement of Carbon Nanotubes","Others"
"Enhancing the potential of metatranscriptomics for elucidating the role of differential gene expression of lesional bacteria in inflammatory bowel disease","Biology"
"Bacteria, Tumours and Imaging","Biology"
"Salmon Aquaculture and the Environment: An exploration by industry and academia of opportunities for collaborative research (primarily farm wild interactions) providing evidence based science to ensure credible methodologies for certification.","Technology"
"Computational and experimental study of drug response variability in a collection of breast cancer cell lines cultured in 3D assays","Technology"
"Shallow crustal exploration using passive seismics: bridging the gap between academic research and industrial-scale applications","Technology"
"Neuroscience Ireland Conference : Frontiers in Neurosciences : Diseases and Treatments","Biology"
"110th European Study Group (Problem Solving Workshop) with Industry","Education"
"User Modelling, Adaptation and Personalization (UMAP) 2015","Mathematics"
"DPASSH2015: 1st Annual Conference on Digital Preservation for the Arts, Social Sciences and Humanities","Technology"
"Venous Thromboembolism: Modern Multidisciplinary Care","Policy"
"9th International Conference on Brain Monitoring and Neuroprotection in the Newborn","Biology"
"11th William Rowan Hamilton Geometry and Topology Workshop","Mathematics"
"2015 George Boole Mathematical Sciences Conference","Mathematics"
"Co-location of the 21st International Conference on Principles and Practice of Constraint Programming (CP 2015) with the 31st International Conference on Logic Programming (ICLP 2015)","Policy"
"Electric field-promoted Photolysis and Energy storage","Others"
"Joint Initiative","Others"
"Midlands Science Festival 2015","Others"
"Motivating and Advancing Science (MARS) 2015","Others"
"Mayo Science & Technology Festival 2015","Technology"
"The Robert Boyle Science Week","Others"
"Curiosity Lab @ Science Week 2015","Others"
"Eureka!","Others"
"Limerick Festival of Science","Others"
"Discovery Science Festival 2015","Others"
"Galway Science & Technology Festival 2015","Technology"
"Synthesis and Solid State Pharmaceutical Centre (SSPC) GROW Supplement","Chemistry"
"AMBER GROW Supplement","Others"
"INSIGHT - Irelands Big Data and Analytics Research Centre","Technology"
"SFI/IUA Partnership - Marie Sklodowska-Curie Actions Programme Officer","Policy"
"Development of a gene-activated smart scaffold for bone repair","Technology"
"SFI Fellowship","Others"
"INSIGHT - Centre for Data Analytics","Technology"
"Application of New and Emerging Technologies to Develop Vaccines against Fasciola hepatica","Biology"
"Microcavity Array Supported Lipid Membranes: Highly Versatile Cell Membrane Models in Sickness and in Health.","Biology"
"Identifying disease resistance breeding targets in order to enhance the sustainability of cereal production and the security of food supply.","Technology"
"Pro-inflammatory Cytokine Fingerprinting For the Stratification of Psoriasis Patients for Cytokine-targeted Biologic Therapy","Biology"
"Evaluating the effect of new poly(vinylidene fluoride) material characteristics on the structural properties of membranes produced via phase inversion","Others"
"Point of Use Detection of Mastitis (POUMA)","Others"
"SFI Fellowship","Others"
"AMASS: Advanced Manufacturing and Assembly of Steel Structures planning grant","Engineering"
"Advanced Analytics for Biological Therapeutic Manufacture (AA-BTM).","Biology"
"European Conference on Optical Communications 2019","Physics"
"Irish Society for Immunology meeting 2015","Biology"
"The 8th Annual ToPCaP (Trans-disciplinary Prostate Cancer Partnership) Workshop","Education"
"1st International Symposium Future in Dermatology: Inflammation","Policy"
"Opportunities in Biopharma Research Workshop","Education"
"Validation of FcgRIIa as a potential drug target in sepsis","Others"
"Business Development/Industry Liaison Manager & Clinical Research Data Manager - INFANT","Technology"
"Fundamental Insights into Load Induced Fibre Remodelling in Arterial Tissue; Applications in Vascular Tissue Engineering and Medical Device Development","Engineering"
"Development of DNA-based biomarkers for compensatory growth in beef cattle","Technology"
"CÚRAM GROW Supplement","Others"
"Mechanobiology based approaches for osteoporosis therapeutics","Biology"
"iPAD: Innovative biological phosphate (bioP) and anaerobic digestion (AD) technology for waste treatment, energy generation and phosphorus recovery.","Technology"
"Overcoming Drug Resistance in Metastatic Malignant Melanoma by Personalizing Treatment","Others"
"Meeting the Future Challenges of Heterogeneous and Extreme-Scale Parallel Computing","Technology"
"Neuro-immune Communication in Skin Diseases: Cytokines and Chemokines","Biology"
"The Macroalgal Fibre Initiative: natural molecules naturally.","Chemistry"
"Creating the knowledge for precision fisheries management: spatially aware nudging to achieve Maximum Sustainable Yield using real-time fisheries incentives.","Others"
"Development of Fixed Dose Combination Products using Advanced Pharmaceutical Processing Technologies","Engineering"
"Precision cattle breeding using precision genomics","Biology"
"Diffractive optics and photonic probes for efficient mouldable 3D printed battery skin materials for portable electronic devices","Physics"
"Development of personalised medicine approaches for the clinical application of IAP antagonists in metastatic and high risk early stage colorectal cancer","Biology"
"Multi-scale, Through-process Chracterisation for Innovative Manufacture of Next-generation Welded Connections (MECHANNICS)","Engineering"
"Atomistic simulators for magnetic memories design: MMDesign","Engineering"
"Cold Plasma decontamination of Cereal Grains (PlasmaGrain)","Physics"
"Metabolomic and array-based biomarker approaches to understand human exposure to potent carcinogenic fresh water toxins","Others"
"Developing Multiplex Substrate Profiling by Mass Spectrometry as a prognostic tool for colorectal cancer","Others"
"Development and validation of data management modules and analysis pipelines for a Biobank Information Management System","Technology"
"Tumor priming sequences combined with novel nanoparticle drug carriers for enhanced therapeutic efficacy in pancreatic cancer","Biology"
"Bridge Health Monitoring Using Cameras and Computer Vision Methods","Technology"
"Frontiers in Ocular Therapeutics","Biology"
"On-site wastewater treatment - the influence of the biomat on contaminant transport and attenuation","Others"
"Halogens in magmatic systems: from mantle to crust","Technology"
"POPSTAR-SFI: Plant population strategy and response to the environment","Policy"
"SFI Fellowship","Others"
"SciCon 2015","Others"
"SFI Fellowship","Others"
"SFI Fellowship","Others"
"Real time pH monitor for continuous foetal monitoring during childbirth.","Others"
"Silicon Compatible, Direct Band-Gap Nanowire Materials For Beyond-CMOS Devices","Engineering"
"Memories are made of this; Multiferroics Research for Future Generation Memories","Technology"
"Gut Inflammation  Discovery and Therapeutic Targeting of the Secretome-Receptome Inflammatory Network in Inflammatory Bowel Disease","Biology"
"Observation and Monitoring of Marine Renewable Energy Infrastructure (OM-MaREI)","Engineering"
"Modelling Of MultiphasE Transport aUtomation in Manufacturing (MOMEnTUM)","Engineering"
"Si-compatible, Strain Engineered Staggered Gap Ge(Sn)/InxGa1-xAs Nanoscale Tunnel Field Effect Transistors","Engineering"
"2015 UK/Ireland Regional Meeting of the International Society for Applied Ethology","Policy"
"STEM Awards x 2","Policy"
"Science Policy & Innovaton Awards x 4","Policy"
"Employment Awards","Policy"
"Biomarkers and drug targets for autoimmune diseases","Biology"
"epiCaPture: A non-invasive urine test for early detection of High-Risk Prostate Cancer","Others"
"Bio-inspired Chemical Transformations in Confined Supramolecular Environments of Nanoscopic Coordination Cages and Metal-Organic Frameworks","Chemistry"
"SFI ERC Support Programme - Rob Kitchin","Policy"
"Functional polymers for (nano)medical devices","Engineering"
"Epigenetic regulation of glycosylation and the impact on chemo-resistance in cancer","Policy"
"OSHARE: An open-access SDN-driven architecture enabling multi-operator and multi-service convergence in shared optical access networks","Physics"
"Neoview - Neonatal intensive care viewer for improved patient  care and enhanced family well being","Policy"
"Understanding Extreme Nearshore Wave Events through Studies of Coastal Boulder Transport","Technology"
"European Workshop on Optical Fibre Sensors (EWOFS) 2016","Physics"
"Energy Systems Integration Partnership Programme (ESIPP)","Technology"
"Synthesis and Solid State Pharmaceutical Centre (SSPC)","Chemistry"
"INSIGHT - Irelands Big Data and Analytics Research Centre","Technology"
"Alzheimers disease patient-derived synaptic plasticity-disrupting soluble protein assemblies","Biology"
"Multiparticulate Technology Development for Enhanced Oral Delivery of Pharmaceuticals","Technology"
"Identification of Leading Indicators for Railway Driver Operations","Others"
"Far-from-Equilibrium Processing of Ferroelectric Thin Films on Glass and Polymeric Substrates","Engineering"
"Irish Association for Cancer Research annual conference 2016","Education"
"2nd Workshop on Applications of Novel Scintillators in Research and Industry, 2016","Education"
"Europe's Opportunity in Digital Agriculture","Technology"
"GUTPHAGE: bacteriophage as agents to manipulate the microbiota for human health","Biology"
"H2020 Catalyst Award: Epigenetic Profiling of histone modifications for the stratification of Cancer patients for Chemotherapy and Targeted Biologic Therapies.","Chemistry"
"H2020 Catalyst Award: From Molecular Aggregation to Crystal Nucleation of Pharmaceutical Compounds","Chemistry"
"H2020 Catalyst Award: Active Distribution System Management Enabled by Distributed Power Electronics","Chemistry"
"H2020 Catalyst Award: Deconvolution and analysis of genetic variation in the human epigenome","Biology"
"H2020 Catalyst Award: Discovery of an integrated risk profile for chronic kidney disease and development of a clinical biomarker panel for personalising medicine","Biology"
"H2020 Catalyst Award: Advanced Integrated Power Magnetics Technology- From Atoms to Systems","Technology"
"H2020 Catalyst Award: Developing geochronology by LA-ICPMS imaging: applications of U-Pb calcite dating in raw materials research","Chemistry"
"H2020 Catalyst Award: Development of Next-Generation Control Tools for Bovine Tuberculosis: A One Health Approach","Chemistry"
"H2020 Catalyst Award: Sensing technologies combined with other cost effective detection methods for accurate assessment of food and feed safety (SPECTRALFOOD)","Chemistry"
"H2020 Catalyst Award: Shining a light on epigenetic mechanisms in cognition to understand schizophrenia pathogenesis.","Biology"
"H2020 Catalyst Award: A versatile platform for research and personalised medicine of GI disorders based on multiplexed metabolic imaging of intestinal organoids","Biology"
"H2020 Catalyst Award: Integrated Gigabit/s Millimetre-Wave Transceivers (INGBIT)","Chemistry"
"H2020 Catalyst Award: Quantum control of nanostructures for quantum networking","Technology"
"H2020 Catalyst Award: Multiscale Simulation and Analysis of emerging Group IV and III-V Semiconductor Materials and Devices","Engineering"
"H2020 Catalyst Award: Advanced Modelling for Power System Analysis and Simulation","Chemistry"
"H2020 Catalyst Award: Establishing an Immune based model of cognitive deficits in schizophrenia","Chemistry"
"H2020 Catalyst Award: Investigating Emerging 2D Semiconductor Technology","Technology"
"H2020 Catalyst Award: Nanotechnology Enabled Biopharmaceutical Downstream Processing (NanoBiopharm)","Engineering"
"H2020 Catalyst Award: Combustion Chemistry for Sustainable Fuel Utilization","Chemistry"
"H2020 Catalyst Award: Targeting the Polycomb Repressor Complex chromatin remodeling machinery for therapeutic benefit in Diabetic Nephropathy","Mathematics"
"H2020 Catalyst Award: Athermal semiconductor lasers for applications in information and communications technologies","Physics"
"H2020 Catalyst Award: The development and characterisation of microelectrochemical sensors and biosensors for real-time neurochemical monitoring of brain energy metabolism","Chemistry"
"H2020 Catalyst Award: Identification of Stratified Medicine Approaches foir Ovarian Cancer","Chemistry"
"H2020 Catalyst Award: Exploiting and conserving deep-sea genetic resources","Chemistry"
"H2020 Catalyst Award: Targeting glial plasticity to alleviate age-related loss of neuronal function in Alzheimers disease","Biology"
"H2020 Catalyst Award: SMART engineered high protein food powders with optimised hydration properties","Engineering"
"H2020 Catalyst Award: Nanomechanical detection of noncoding RNA for diagnosis in biological fluids","Engineering"
"H2020 Catalyst Award: Design, Deposition and Exploitation of Novel Micro and Nano-scale Materials and Devices for Advanced Manufacturing- DEPO-Man","Engineering"
"H2020 Catalyst Award: Adult and induced pluripotent stem cell-based models to interrogate epigenetic mechanisms in the development of osteoarthritis","Biology"
"H2020 Catalyst Award: Antenna Systems for Minimally Invasive Implanted Medical Sensors","Chemistry"
"H2020 Catalyst Award: Magnetic electronics and microfluidics","Chemistry"
"H2020 Catalyst Award: Development of high performance low cost hydrogen generators and fuel cells: materials development, underpinning science and engineering solutions","Engineering"
"H2020 Catalyst Award: Elucidation and Exploitation of Marine Hydrates","Chemistry"
"H2020 Catalyst Award: Delineating the exocytotic proteins (SNAREs) underlying sensitisation of nociceptor sub-sets in chronic pain : engineering botulinum neurotoxins as improved versatile analgesics","Engineering"
"H2020 Catalyst Award: Defining mechanisms that initiate fibrosis to identify new therapeutic strategies","Chemistry"
"H2020 Catalyst Award: Passively mode locked lasers for next generation short reach communication systems","Physics"
"H2020 Catalyst Award: Nanoscale quantum heat pumps enabled by strong light-matter interactions: new routes to optical cooling of semiconductors","Physics"
"H2020 Catalyst Award: Regulating the expression of phosphorylated proteins from Chinese hamster ovary cells to improve the efficiency of biopharmaceutical production","Biology"
"H2020 Catalyst Award: Riboseq.ORG - a platform for gene expression analysis at the transcription and translation levels","Chemistry"
"H2020 Catalyst Award: Ultradense Nanostructured Arrays for Nitride Devices","Engineering"
"H2020 Catalyst Award: Profiling immune signatures predictive of outcome in Staphylococcus aureus infection: Advancing next generation vaccine design","Biology"
"H2020 Catalyst Award: CAPTIVATE : Capture and Activate Drug Delivery Systems","Chemistry"
"H2020 Catalyst Award: AMSET: Investigation of Advanced Novel Materials for increased Solar Electrical and Thermal efficiencies in an integrated building component tuneable to different climatic regions","Engineering"
"H2020 Catalyst Award: Large Angle Space Surveys for Optical Event Discovery (LASSOED): automated transient and debris detection in large data sets","Physics"
"H2020 Catalyst Award: Thermoelectric efficiency of IV-VI and V2-VI3 materials driven near phase transitions","Chemistry"
"H2020 Catalyst Award: Pharmaceutical and nutraceutical targeting of the farnesoid X receptor for treatment of diarrhoeal diseases and obesity","Chemistry"
"H2020 Catalyst Award: Targeting Synthetic and Material Advances in the Activity and Function of Light-emitting Molecular Complexes: New Platform Technologies Based on Polyaromatic Ligands","Chemistry"
"H2020 Catalyst Award: Combinatoral Cell Therapy for Diabetes-related Critial Limb Iscaemia","Chemistry"
"H2020 Catalyst Award: Building the Next Generation MKID Camera","Chemistry"
"H2020 Catalyst Award: EndoGrass: manipulating the microbiome to improve forage crops","Chemistry"
"H2020 Catalyst Award: Optimal Management of Gender-­Specific Cancers via Efficient Use of Protein Profiling, Digital Pathology and Systems Medicine Tools (OPTi-­PREDICT)","Technology"
"Agile Cloud Service Delivery Using Integrated Photonics Networking","Physics"
"Investigating process material interaction during abrasive machining of orthopedic medical devices","Engineering"
"SFI Fellowship","Others"
"Obesibiotics","Others"
"SFI Fellowship","Others"
"Long-circulating Magnetic Nanoparticles for Biomedical Applications through Mimetic Surface Chemistry","Biology"
"Functional polymers for (nano)medical devices","Engineering"
"Bacteria-bacteriophage antagonistic coevolution in the gut","Biology"
"Massive Stars in the Interstellar Medium","Others"
"A novel antibody approach to enhance T-cell activation for cancer therapy","Biology"
"Development of a novel biotherapeutic for the treatment of ER-positive primary and metastatic breast cancer","Biology"
"Development of an antibody therapeutic for the treatment of neuropathic pain and chronic pruritus (itch)","Biology"
"MB2016 (Measuring Behaviour)","Others"
"International Conference on Recent Advances in Pollution Control and Resource Recovery for the Livestock Sector (LivestockWaste2016)","Policy"
"18th IUFoST World Congress of Food Science and Technology","Technology"
"SFI ERC Support Programme  Lorraine Brennan (University College Dublin)","Policy"
"SFI ERC Support Programme   Madeleine Lowery (University College Dublin)","Policy"
"SFI ERC Support Programme   Redmond O'Connell (Trinity)","Policy"
"SFI ERC Support Programme   Sarah McCormack (Trinity)","Policy"
"SFI ERC Support Programme   Mark Ahearne (Trinity)","Policy"
"SFI ERC Support Programme   Daniel Kelly (Trinity)","Policy"
"SFI ERC Support Programme   Wolfgang Schmitt (Trinity)","Policy"
"SFI ERC Support Programme   Triona Lally (Trinity)","Policy"
"BIOELECPRO: Frontier Research on the Dielectric Properties of Biological Tissue","Biology"
"Assessment of a nebulised cell based therapy product for Acute Respiratory Distress Syndrome","Biology"
"Patient derived immunotherapies for cancer","Biology"
"Grid Connection Solutions for Renewable Energy Farms","Technology"
"Development of Syndecan-2 based therapeutics for the treatment of breast cancer.","Biology"
"Specialised Medical Devices for Biomaterial Based Therapeutic Delivery to the Abdomen","Biology"
"Impact of Glycans at the BioNano Interface","Others"
"Towards ESFRI - Open Ocean Emulator for Grid Integrated next generation Marine Renewable Energy systems @ LIR National Ocean Test Facility","Policy"
"Connecting Ireland to the International Low Frequency Array (LOFAR)","Policy"
"Integrated Plant Phenomics & Future Experimental Climate Platform","Technology"
"Irish Atmospheric Simulation Chamber (IASC) Facility","Others"
"High throughput transcriptomics for animal disease and zoonoses","Biology"
"Additive Manufacturing Nano-Materials Facility (3DAMN)","Engineering"
"Trifolium Dubium  A Flexible Deposition Tool for Complex Thin-film Stacks of Metallic and Dielectric Materials","Others"
"Pervasive Nation  a unique, extensible, National scale, Open IoT (internet of Things) highly distributed Testbed platform for IoT Research, Research integration, Experimentation and Technology Readiness Level improvement .","Technology"
"Crystallisation Isolation and Drying Technology Test Bed (CIDT2)","Technology"
"Process Flow Spectroscopy (ProSpect); Advanced Reaction Understanding using Flow Nuclear Magnetic Resonance (NMR) and Infrared (IR) Spectroscopies, with On-Line Ultra-Performance Liquid Chromatography (UPLC) and Mass Spectrometry (MS)","Physics"
"400 Gigabit-per-second and Beyond Advanced Modulation Coherent Communications Testbed","Technology"
"RadioSpace: An experimental Radio Testbed for 5G and the Internet of Things","Technology"
"High Accuracy Photonic Device Flipchip Packaging and Assembly System","Physics"
"Geosciences Electron Beam Mineral Analyser - GeoRise","Others"
"NextSeq DNA sequencing platform","Technology"
"Indoors and Outdoors Motion Analysis System","Technology"
"Human Performance Monitoring Suite","Others"
"MRE ROV for Challenging (Wave, Tidal, Wind) Conditions","Others"
"Insitu Marine Laboratory for Geosystems Research (iMARL).","Technology"
"INFANT Biobank","Others"
"INFANT Discovery Platform","Technology"
"Project MinE Ireland: sequencing and analysis of 1,050 Irish genomes to identify the causes of amyotrophic lateral sclerosis","Biology"
"Processes development for atomic layer deposited (ALD) barrier layers for interconnect technologies.","Engineering"
"Determining the field potential of endophyte formulations to improve barley productivity","Others"
"A novel neuroprotective agent for enhanced treatment of ischemic stroke","Biology"
"Bringing Condition-Based Monitoring to the Mass Market using Low-Cost Sensors and Intelligent Analytics","Technology"
"Optimisation of Novel Farnesoid X Receptor Agonists  A New Class of Anti-diarrhoeal Drug to Underpin and Add Value to an Enabling Patent","Others"
"Optimization of low molecular weight heparin (LMWH) endothelial protective properties: towards novel prevention strategies in cancer metastasis","Chemistry"
"Early detection of lung cancer through novel endoscopic technology","Technology"
"Enhanced boiling heat transfer technology using Cold Spray additive manufacturing","Technology"
"Evaluating the potential of EMT, a novel gene transfer technology, to overcome the industrial challenge of genotype dependency, which limits the engineering of multiple varieties of important crop species","Engineering"
"Multi-Section Swept Source Lasers for OCT Applications","Physics"
"Development of Inkjet Printed Microbatteries Based on 2D Nanomaterials","Technology"
"RAD-TOX: An assay to predict risk of radiation toxicity in cancer patients before selection of treatment modality","Technology"
"Development of a Novel Self-Contained Glucose Monitoring Sensor Using Pulsed Power","Technology"
"Advanced Battery Materials for High Volumetric Energy Density Li-ion Batteries for Remote Off-Grid Power","Technology"
"Organelle targeted sensing of metal ions and reactive oxygen species.","Others"
"Additive Manufactured Internally Porous Struts (IP-STRUTS)","Engineering"
"Validation of lipoproteins/lipopeptides as adjuvants and antigens for a new pertussis vaccine","Biology"
"Targeting IL-18 Binding Protein as a novel therapy for the treatment of Age-related Macular Degeneration.","Biology"
"CityQuest: a serious game to enhance cognition and improve balance control","Others"
"Rapid Sialic Acid test for improved in-process monitoring and quality control of recombinant biopharmaceuticals","Engineering"
"Novel anti-inflammatory therapies","Biology"
"3D Bio-Printing for Bio-Batteries","Others"
"Upscaled production of engineered bio molecular  coronas for targeted delivery","Engineering"
"NANO-PREDICT:  MRI trackable predictors of liposome biodistribution for preclinical research and cancer staging","Technology"
"Discovery of small molecule inhibitors of IL-17RA as therapeutics for autoimmune diseases","Biology"
"Novel treatment of staphylococcal device related infections","Engineering"
"New materials as Photosensitisers in Adhesive Technologies","Others"
"Development of Supercapacitors with High Surface Area Porous Self-assembled Electrodes for Marine Renewable Energy Extraction","Technology"
"Polypeptide Nanoparticles as Carriers for Active Ingredients (PepCap)","Biology"
"Bio-Gel Scaffolds for 3D Cell Culture","Biology"
"Improving the Efficacy of Bevacizumab (Avastin) in Glioblastoma through the Development of a Novel Anti-Invasion Nanotherapeutic","Biology"
"BLC: automatic group learning recommender system","Education"
"ConfirMED: A Multifunctional Anti-Counterfeiting and Package Integrity Label","Others"
"Targeted Drug Delivery of Disulfiram Polymer Micelles to Cancer Cells","Chemistry"
"The world's first high-k Radiation Sensing Field Effect Transistor","Physics"
"Pre-clinical testing of novel fungal biofilm blockers for the medical device sector.","Biology"
"Biomimetic electrically conducting polymer scaffolds as novel neuromodulatory neuroelectrodes for the treatment of chronic pain","Engineering"
"Nanorod Assembly for Photonic Integrated Circuit Applications: Development of a Semiconductor Processing Tool for Low Cost Wafer Integrated Plasmonic Lasers","Physics"
"Partnership in continuous manufacturing for nano-based drug products","Engineering"
"Step into Science:  Engaging Students, Teachers and Parents in Debates","Education"
"Apps4Gaps","Others"
"Steering Youth to STEM (SYSTEM)","Technology"
"Music and Science: Quadratics to Quavers","Others"
"Science LIVE! - virtual tours of Irish science centres","Others"
"The Problem-Solving Initiative (PSI)","Others"
"Maths Sparks: Problem Solving Workshops","Education"
"Physics Busking","Physics"
"VEX IQ Junior Robotics Programme","Policy"
"Science on Screen - Galway","Others"
"Engaging the public and students with Ireland's Renewable Ocean Energy.","Policy"
"Bright Club","Others"
"RDS Primary Science Fair Regionalisation","Others"
"Gut Instinct: Art, food and feeling","Others"
"Science Hub at Learning Hub Limerick","Education"
"SciFest","Others"
"Famelab Ireland 2016","Others"
"Dublin Maker 2016","Others"
"Thesis in 3","Others"
"Letters of 1916: Community Engagement","Others"
"Nature's Power 2: Energy and Environment Education for STEM","Education"
"I Wish (Inspiring Women in Stem)","Others"
"Engineers Ireland STEPS programme 2016 & 2017: Engineering Futures","Engineering"
"The Dissection of Instrumentation- Interactions between Art and Science","Technology"
"I'm a Scientist/Engineer, Get me out of here!","Engineering"
"Driving STEM Learning and Awareness using Space as the Theme","Education"
"Exploristica' Adventures in Statistics","Others"
"The Scientist's Apprentice - Irish Independent Book Series November 2016","Others"
"Futurewize","Others"
"The Microbiome and Me","Biology"
"Campus Engage Participate Programme - Building STEM capacity in Community-based Learning","Education"
"Going Deeper' at Science Gallery Dublin","Others"
"Expansion of Spectroscopy in a Suitcase(SIAS) and CPD in Ireland","Physics"
"SFI Discover Zone at The Festival Big Day Out","Others"
"The Curiosity Studio","Others"
"The Algebra Project in Ireland","Mathematics"
"The Festival of Curiosity 2016 and 2017","Others"
"Girl Hack Ireland","Others"
"Maths Week Ireland","Others"
"CALMAST STEM Outreach Hub for Southeast of Ireland","Others"
"Peak Performance","Others"
"INSIGHT - Irelands Big Data and Analytics Research Centre","Technology"
"INSIGHT - Irelands Big Data and Analytics Research Centre","Technology"
"INSIGHT - Irelands Big Data and Analytics Research Centre","Technology"
"Bio-reducible highly branched poly(?-amino ester)-cell penetrating peptide (CPP) conjugate as a new generation of non-viral gene transfection reagent","Biology"
"INSIGHT - Irelands Big Data and Analytics Research Centre","Technology"
"Cystinosis Research Workshop","Education"
"Cell Death and its Translational Ramifications","Biology"
"Synaesthesia and Cross-modal Perception. An international conference in conjunction with the UK Synaesthesia Association","Policy"
"Keystone Symposia Conference on Myeloid Cells","Education"
"SFI Fellowship","Others"
"Integrating Heterogeneous Cell Profile Data to Improve Predictive Models of Drug Target Deconvolution in Phenotypic Screening","Technology"
"Evaluating The Use Of Smart Sensors In Clinical Research","Biology"
"Development of an Aspergillus niger strain for industrial heterologous protein expression.","Biology"
"ENRICH: Baby Enrichment Research Programme","Technology"
"Microbiome-based Foods for Health and Sustainability","Biology"
"Advanced Materials and BioEngineering Research Centre (AMBER)","Engineering"
"Enabling Cellular Network to Exploit Millimeter-wave Opportunities (NEMOs)","Technology"
"36th Conference on Applied Statistics in Ireland","Education"
"Metabolic reprogramming in innate immunity","Biology"
"Groups in Galway 2016","Others"
"SRC SEES: Sustainable Electrical Energy Systems","Engineering"
"Irish Centre for Fetal and Neonatal Translational Research (INFANT)","Technology"
"BCL-2 family proteins and cellular bioenergetics in the control of cell survival: Towards novel predictive and prognostic markers for disease progression and therapy responses in colorectal cancer patients?","Biology"
"SFI ERC Support Programme  Martin O Donnell (NUIG)","Policy"
"COMP.Ang1: Vascular Normalization and Neuroprotection for Diabetic Retinopathy","Biology"
"64th SSC meeting of International Society on Thrombosis & Haemostats","Policy"
"30th World Congress of the International Association of Logopedics and Phoniatrics (IALP)","Policy"
"118th European Study Group with Industry","Technology"
"A Menu for Brain Responses Opposing Stress-Induced Alternations in Cognition (AMBROSIAC)","Biology"
"Usage of Omics Technology for Identification of Critical Mediators and Pathways in Patients with Recalcitrant Atopic Dermatitis, Psoriasis and Hidrenitis Suppurvativa","Technology"
"Sound based observation of neonatal brain growth and status","Biology"
"The Metabolomics Society Conference 2016","Education"
"A Rough Guide to the Future","Others"
"Artificial neural Networks, Genomic Data and Case-Control Classification","Biology"
"I-PIC Irish Photonic Integration Research Centre","Physics"
"Therapeutic targeting of impaired lysosomal flux in Alzheimer's disease","Biology"
"ERACoSysMed JTC - The impact of hypoxia on inflammation ad tumorigenesis in Ulcerative Colitis (OxyUC)","Biology"
"ERACoSysMed JTC - The impact of hypoxia on inflammation ad tumorigenesis in Ulcerative Colitis (OxyUC)","Biology"
"Impact of early life on microbiome development and later health (EarlyMicroHealth)","Biology"
"Integrative genomic, epigenetic and functional studies in diabetic kidney disease","Biology"
"Integrative genomic, epigenetic and functional studies in diabetic kidney disease","Biology"
"SFI ERC Support Programme - Robert B Staszewski (UCD)","Policy"
"Characterisation of Hsp90 trafficking pathways in Cystic Fibrosis","Others"
"Chromosome Segregation and Aneuploidy","Others"
"Civil Engineering Research in Ireland 2016","Engineering"
"39th Research Students Conference in Probability and Statistics","Education"
"SFI Fellowship Increment","Others"
"Optical and Thermal Transport of Near Field Transducers for Heat-Assisted Magnetic Recording (HAMR)","Physics"
"Pulsed laser micromachining and surface colouring in RFID applications and devices","Physics"
"Development of IVD control materials and assays for infectious disease diagnostic laboratories","Biology"
"Translating basic fertility research for clinical application with an emphasis on unexplained male factor infertility","Biology"
"Electrical and Nanomechanical Diamond Probes for Adama Innovations (ENDPA)","Engineering"
"Validation of Intestinal Tryptophan Metabolism as a Therapeutic Target in Obesity and Insulin Resistance","Biology"
"Compact Printed Helical Antennas for Multi-Band Satellite Positioning Systems","Technology"
"Processing Technologies and Novel Materials for Electrochemical Sensor Developments based on Semiconductor Manufacturing and Integration","Chemistry"
"Understanding the interplay of surface, interface and process parameters on thin film magnetic materials used in advanced sensors","Engineering"
"Consequential life cycle assessment of novel waste plastic-to-fuel systems: maximising energy return with minimal environmental impacts","Technology"
"Development and optimisation of an extracellular microRNA-based diagnostic assay for lung and colorectal cancer biomarkers","Biology"
"Development of Numerical Tool for Design Optimisation of OEBuoy Wave Energy Converter","Engineering"
"Diet Induced Arrangement of the gut Microbiome for Improvement of Cardiometabolic health (DINAMIC)","Biology"
"Reducing adverse cardiovascular events through modulation of event-triggering stressors and plaque modification","Others"
"V-SENSE - Extending Visual Sensation through Image-Based Visual Computing","Technology"
"ICMRBS 2018","Others"
"27th Micromechanics and Microsystems Europe Workshop (MME 2016)","Education"
"Biology of Brain Disorders","Biology"
"9th ACRE Workshop and Historical Weather and Climate Data Forum","Technology"
"UCD squared - Connected One Health","Biology"
"21st Annual CyberPsychology, CyberTherapy & Social Networking Conference (CYPSY21)","Technology"
"Venous Thromboembolism (VTE) Dublin 2016","Others"
"SFI ERC Support Programme- Gary Donohoe, NUI Galway","Policy"
"Modelling of pharmacokinetics into ischemic heart tissue from an implantable, replenishable therapy reservoir","Biology"
"Determining the mechanism of action of a novel histone deacetylase 6 specific inhibitor that kills chemoresistant breast cancer","Others"
"Galway Science Festival","Others"
"Sligo Science Festival","Others"
"Kerry Science Festival","Others"
"Mayo Science Festival","Others"
"Midlands Science Festival","Others"
"Monaghan Science Festival","Others"
"Waterford Science Festival","Others"
"Limerick Science Festival","Others"
"Teagasc - Festival of Food and Farming","Others"
"Cork Science Festival","Others"
"Insight - Irelands Big Data & Analytics Research Centre","Technology"
"A centralised food database integrating ingredients, health outcomes and molecular data to address the consumer, academic and commercial need for reliable information in relation to food and health associations.","Technology"
"Crystal Engineering of Task-Specific Materials","Engineering"
"Development of cost-effective microfluidic flow cytometer using microinjection molding","Technology"
"Development of a minimally invasive smart impedance probe for detection of malignant and non-malignant breast masses","Technology"
"31st International Symposium on Chromatography (ISC2016)","Policy"
"Delineating the exocytotic proteins (SNAREs) underlying sensitisation of nociceptor sub-sets in chronic pain : engineering botulinum neurotoxins as improved versatile analgesics","Engineering"
"AMASS: Advanced Manufacturing and Assembly of Steel Structures planning grant","Engineering"
"12th William Rowan Hamilton Geometry and Topology Workshop","Mathematics"
"Inaugural joint annual meeting of the Irish Society of Immunology and the Microbiological Society ( Irish Division). ""Exploring the microbe immune system imterface""","Biology"
"Neuroscience Ireland Young Investigator Workshop","Education"
"INFANT Research Workshop: "" Better Outcomes for Maternal, Fetal and Infant Health""","Education"
"International Conference on Advanced Laser Technologies (ALT'16), Galway, Ireland","Physics"
"Brain Freeze 3","Biology"
"Rocketeers","Others"
"SFI Fellowship","Others"
"Meet the Experts","Others"
"Let's Talk Science 2016","Others"
"Discovering the Secrets of Living in the Past - Experimental Archaeology Open Day","Others"
"Science Week at Dunsink Observatory for 2016 and Beyond","Others"
"Science Week at the Ark","Others"
"Membrane Structural and Functional Biology. Tackling communicable and non-communicable diseases at the membrane level","Biology"
"Wild farmed interactions in a changing world: formulation of a predictive methodology to inform environmental best practice to secure long-term sustainability of global wild and farm fish populations","Technology"
"Wild farmed interactions in a changing world: formulation of a predictive methodology to inform environmental best practice to secure long-term sustainability of global wild and farm fish populations","Technology"
"Combinational Cell Therapy for Diabetes-related Critical Limb Ischaemia","Policy"
"ISSY33-Exploring and Engineering Yeasts for Industrial Application","Engineering"
"PropioBifido2016: 4th International Symposium on Propionibacteria and  Bifidobacteria","Policy"
"DPCM 2016 - IWA the international water association IWA Regional Conference on Diffuse Pollution and Catchment Management","Policy"
"SFI ERC Support Programme  Maria McNamara (University College Cork)","Policy"
"Discovery of an integrated risk profile for chronic kidney disease and development of a clinical biomarker panel for personalising medicine","Biology"
"SFI ERC Support Programme","Policy"
"A New Dimension to the Immune Response: Biological Molecular Clocks Controlling Inflammation.","Biology"
"A New Dimension to the Immune Response: Biological Molecular Clocks Controlling Inflammation.","Biology"
"BioPharma Ambition","Others"
"Realistic Reaction Kinetics Models for the Production of Platform Chemicals and Designer Fuels from Biomass","Chemistry"
"Half-life extended therapeutic stragegies for Patients with Haemophilia A","Biology"
"Biodiversity, resilience and food security: understanding the role of biodiversity in maintaining food production","Technology"
"Profiling immune signatures predictive of outcome in Staphylococcus aureus infection: Advancing next generation vaccine design","Biology"
"Targeting Synthetic and Material Advances in the Activity and Function of Light-emitting Molecular Complexes: New Platform Technologies Based on Polyaromatic Ligands","Chemistry"
"Targeting glial plasticity to alleviate age-related loss of neuronal function in Alzheimers disease","Biology"
"Advanced Modelling for Power System Analysis and Simulation","Technology"
"Multiscale Simulation and Analysis of emerging Group IV and III-V Semiconductor Materials and Devices","Engineering"
"Building city dashboards: Addressing fundamental and applied problems","Others"
"Exploiting and conserving deep-sea genetic resources","Biology"
"Exploiting and conserving deep-sea genetic resources","Biology"
"Optimal Management of Gender-­Specific Cancers via Efficient Use of Protein Profiling, Digital Pathology and Systems Medicine Tools (OPTi-­PREDICT)","Technology"
"Development of Next-Generation Control Tools for Bovine Tuberculosis: A One Health Approach","Biology"
"Thermoelectric efficiency of IV-VI and V2-VI3 materials driven near phase transitions","Others"
"Combustion Chemistry for Sustainable Fuel Utilization","Chemistry"
"Advanced Integrated Power Magnetics Technology- From Atoms to Systems","Technology"
"Processing Technologies and Novel Materials for Electrochemical Sensor Developments based on Semiconductor Manufacturing and Integration","Chemistry"
"Spatially and Temporally VARIable COMPosite Structures (VARICOMP)","Others"
"Novel applications and techniques for in vivo optical imaging and spectroscopy","Physics"
"Ultra-precision Machining in Medical Device Manufacturing","Engineering"
"Between the Sheets - Atomic and Molecular Intercalation in Two Dimensional Layered Materials from First Principles","Chemistry"
"A novel neuroprotective agent for enhanced treatment of ischemic stroke?","Biology"
"Rapid Bone Graft Synthesis Through Dual Piezoelectric/Nanomechanical Stimulation","Engineering"
"Deciphering ALS Heterogeneity: A Precision Medicine Approach to Network Based Biomarker Development","Technology"
"SFI/RTE Joint Initiative","Others"
"Psychiatric Genomics Consortium: finding actionable variation","Biology"
"Identifying Interventions to Prevent and Manage Chronic Kidney Disease","Policy"
"Uncovering the role of ER-shaping proteins in neurodegenerative disease","Biology"
"SFI Fellowship","Others"
"SFI Fellowship","Others"
"ENSNARE","Others"
"SFI Fellowship increment","Others"
"SFI ERC Support Programme-Aidan McDonald (Trinity College Dublin)","Policy"
"Advanced Materials and BioEngineering Research Centre (AMBER)","Engineering"
"The Development of an Integrated Risk Register for Process Safety Performance Improvement: a Participatory Trial","Engineering"
"A Novel Ligation Methodology for the Chemical Synthesis of Therapeutic Proteins","Chemistry"
"Targeting the temporal gradient of wall shear stress as the key mediator of vascular tissue response to implanted medical devices using  in silico, in vitro and in vivo approaches","Biology"
"HER CHOICE: Development of a prototype decision support tool for HER2+ breast cancer","Technology"
"DeepNovelty: Using Deep Recurrent Neural Networks for Novelty Detection in Data Streams","Technology"
"Neural mechanisms of rapid value-guided sensorimotor decisions in humans","Technology"
"Edible Probiotics As Cancer Theranostics","Biology"
"Design, Deposition and Exploitation of Novel Micro and Nano-scale Materials and Devices for Advanced Manufacturing- DEPO-Man","Engineering"
"Nanomechanical detection of noncoding RNA for diagnosis in biological fluids","Engineering"
"Investigating Emerging 2D Semiconductor Technology","Technology"
"Influence of formulation on Bisphosphonate lipid membrane interactions investigated on MemSense Platform","Technology"
"The Fate of the most massive stars","Others"
"Engineering energy transfer on the nanoscale at plasmonic surfaces","Engineering"
"Bioinorganic Nucleophilic Reactivity of Metal-Bound Superoxide","Others"
"Advancing Photonics for Radiotherapy","Physics"
"Large scale semi-supervised deep learning for computer vision","Technology"
"Synthesis and Characterisation of 2D-Material Heterostacks","Chemistry"
"Polymeric nanoneedle arrays for injecting drugs into cells for localised gene therapy (GeneInject)","Chemistry"
"Phage-host interactome of the dairy bacterium Streptococcus thermophilus (PHIST)","Others"
"Defining the role of ROR? in immunometabolism","Biology"
"CARBCAP: Organocatalytic CO2 reduction on high surface-area electrodes.","Others"
"Glyco-functionalised Hydrogel for Intervertebral Disc Tissue Repair","Biology"
"Crystal Engineering of Solid-Solutions for Tunable Drugs","Engineering"
"Oats for the future: deciphering the potential of host resistance and RNAi to minimise mycotoxin contamination under present and future climate scenarios","Biology"
"The IEEE International Magnetics Conference, INTERMAG Europe 2017","Education"
"7th Annual Computational and Molecular Biology PhD Symposium","Technology"
"Retia 2016","Others"
"Institutional Strategic Support Fund","Others"
"Institutional Strategic Support Fund","Others"
"Advances in gamma-ray Space Science using Silicon Photomultipliers","Others"
"Investigating the capacity for multipotent adult progenitor cells to prolong graft survival through modulation of homeostatic proliferation","Biology"
"Profiling ""immune signatures"" predictive of outcome in Staphylococcus aureus infection; Advancing next generation vaccine design","Biology"
"SFI Fellowship","Others"
"Harvesting Knowledge from Big Data in Agriculture and Food","Technology"
"Modelling, control and forecasting in wave energy systems","Mathematics"
"Structure-based engineering of activated protein C to optimize its therapeutic potential for the treatment of inflammatory diseases","Biology"
"Automated Raman micro-spectroscopy and automated holographic Raman tweezers for high throughput screening of carcinoma cells","Physics"
"Building the Next Generation MKID Camera","Biology"
"Interactions between bacterial biofilms and nanoparticles: a focus on the EPS matrix","Biology"
"The role of the respiratory microbiome in licensing pathogenic Th17 cells to access the CNS and mediate inflammatory demyelination","Biology"
"Unravelling the role of SNARE proteins in pruritus (itch) and developing novel SNARE-targeting biotherapeutics for treating chronic itch","Biology"
"Spin and valley interactions in intrinsic and magnetic two-dimensional transition metal dichalcogenides","Physics"
"Neurobiological Substrates of Memory Engram Storage and Retrievability","Biology"
"The Neurobiology of Voluntary Nicotine Abstinence: Genetics, Environment and Neurocognitive Endophenotypes","Biology"
"iTHERC: An integrated geophysical-petrological THERmoChemical model of Irelands and North Atlantic crust and lithospheric mantle","Chemistry"
"SFI ERC Support Programme - Jonathan Coleman (Trinity College Dublin)","Policy"
"SFI ERC Support Programme","Policy"
"SFI ERC Support Programme","Policy"
"SFI Fellowship","Others"
"SFI Fellowship","Others"
"Ultra-low Energy Electric Field Control of Nonvolatile Magnetoelectric Memory Devices","Engineering"
"I-PIC Irish Photonic Integration Research Centre","Physics"
"Insight - Irelands Big Data & Analytics Research Centre","Technology"
"MACSI10 - Empowering Industrial Mathematical and Statistical Modelling for the Future","Mathematics"
"Defining the dynamic interface between nanoparticles and immune system","Biology"
"Exact Methods in Strongly Coupled Systems","Technology"
"Intraoperative Single Stage Procedure for Intervertebral Disc Regeneration (INSPIRE)","Biology"
"Carbon dioxide as a regulator of inflammatory signaling.","Biology"
"Investigating the molecular mechanisms underlying Interleukin-1 family regulation of vascular integrity in the eye to identify next generation therapeutics for AMD.","Biology"
"Development of GDF5 neurotrophic factor therapy for Parkinsons disease.","Biology"
"Optical Fibre based sensors","Physics"
"Underpinning Automated Oligosaccharide Synthesis","Chemistry"
"Tissue Engineered Nanoassemblies  Advanced Biomimicry of Living Equivalents (Short Title: TENABLE)","Engineering"
"PROgrammable multicarrier Transmitter for flexible Optical Networks (PROTON)","Physics"
"Polynuclear Platinum(II) Biomaterials (PPtBio) for Antisense Therapeutic Application and Detection of Human Genetic Disease","Biology"
"Technologies towards Flexible High-Capacity Optical Networks","Physics"
"Multi-scale hyperspectral imaging for enhanced understanding and control of food microbiology (HyperMicroMacro)","Biology"
"Developing geochronology by LA-ICPMS imaging: applications of U-Pb calcite dating in raw materials research","Technology"
"Developing geochronology by LA-ICPMS imaging: applications of U-Pb calcite dating in raw materials research","Technology"
"Developing geochronology by LA-ICPMS imaging: applications of U-Pb calcite dating in raw materials research","Technology"
"Innovative Energy Technologies for Biofuels, Bioenergy and a Sustainable Irish Bioeconomy","Others"
"Software Development with Alternative Workforces","Technology"
"RESTRAIN' Investigation of tumour stromal interactions in metastatic colon cancer for the identification of novel immuno-therapeutic targets","Biology"
"Functional application of genomic variants to deliver personalized strategies for pancreatic cancer patients","Biology"
"Forensic Investigations for Cyber-Physical Incidents","Technology"
"Natural matErials for Advanced Therapeutics (NEAT): Biomaterial Derived Excipients for Improved Bioavailability","Biology"
"Advanced Power Magnetics Programme for High Efficiency Power Supplies","Physics"
"A microbial basis for Atlantic salmon energetics","Biology"
"SOFSEM, 43th International Conference on  on Current Trends in Theory and Practice of Computer Science","Policy"
"Adopting Continuous Manufacturing  Developing the Platform for Success","Technology"
"Synthesis and Purification of Hydroperoxides from Liquid Fuels and Demonstration of their Ability to Extend Low Temperature and Lean Combustion Limits in Reciprocating Engines","Chemistry"
"SFI Fellowship","Others"
"Development of personalised medicine approaches for the clinical application of IAP antagonists in metastatic and high risk early stage colorectal cancer","Biology"
"Irish Centre for Research in Applied Geosciences (iCRAG) Supplement","Technology"
"Designing Reactive Functionalised Soft Interfaces ? Self-healing soft materials for solar energy conversion, energy storage, and sustainable low cost hydrogen production","Engineering"
"Assessment of marine derived linear tetrapyrroles as immunosuppressive agents for organ transplantation","Biology"
"Next generation diagnostic tools for problematic dairy bacteriophages","Biology"
"epiCaPture: A non-invasive urine test for early detection of High-Risk Prostate Cancer","Others"
"Development and validation of an integrated 21-marker molecular test for predicting response to chemoradiation therapy in oesophageal adenocarcinoma patients","Technology"
"High Metal Yeast for Improved Pig Nutrition","Others"
"National High-Performance & Technical Computing Infrastructure","Technology"
"Breathing Life into Room-Temperature Ionic Liquids: a Comprehensive Experimental and Computational Study of their Interaction with Biomolecules","Technology"
"Advancing Neuroprotection for Premature Infants: Automated Analysis of Neurological Signals for Early Detection of Brain Injury","Biology"
"FameLab Ireland 2017","Others"
"ReelLIFE SCIENCE Video Competition","Others"
"Expansion of Spectroscopy in a Suitcase (SIAS)","Physics"
"The IMT National Integration of Mathematics Outreach","Mathematics"
"Dublin Maker 2017","Others"
"ELI Afterschool Coding Club","Education"
"Tyndall MakerDojo 2017","Others"
"A Hand in Space- the masses behind human space exploration","Others"
"Science Hub at Learning Hub Limerick","Education"
"INSIDERS 2, Childrens TV Science Series for Broadcaster RTÉ","Others"
"Improving Gender Balance, Ireland","Others"
"EDU-STEM","Others"
"Engaging Irish Society with National Citizen Science Questions","Policy"
"CREATIVE COLLISIONS - a strategic partnership with SFI and SGD","Others"
"Curiosity Studio 2017","Others"
"CURIOUS FASHION / FUTURE FASHION  2017","Others"
"Tech Week","Others"
"Cell EXPLORERS -national expansion for a sustainable public engagement model","Policy"
"CALMAST STEM Outreach Hub for Southeast of Ireland","Others"
"STEM in Sport","Others"
"Fab Foundation Ireland All island network for STEM awareness programme","Technology"
"I'm a Scientist/Engineer, Get me out of here!","Engineering"
"CodePlus Mentoring: Coding Better Futures for Girls","Others"
"Fiosracht","Others"
"Music and Science: Quadratics to Quavers","Others"
"Maths Sparks: Developing Mathematical Thinking through Problem Solving Workshops","Mathematics"
"FIRST® LEGO® League Leinster & Munster","Others"
"Physics Busking","Physics"
"Bright Club","Others"
"I Wish - inspiring women in Stem","Others"
"RDS Primary Science Fair Regionalisation","Others"
"Suite Science","Others"
"Improve with Improv- theatre training for better STEM Communicators","Education"
"SCI:COM National Science Communication Conference","Policy"
"Science Foundation Ireland Science Zone at the Big Day Out","Others"
"Teachers of Things","Others"
"Seeing the Light","Others"
"Science on Stage","Others"
"STEM in Youth Work","Others"
"Raw Engagement for Sustainable Technology And Repair Talk (RESTART)","Technology"
"Learning by Heart","Education"
"DERIVE: Development of Riboflavin biomarkers to relate dietary sources with status, gene-nutrient interactions","Technology"
"CABALA: CirculAting Bile Acids as biomarkers of metabolic health - Linking microbiotA, Diet and Health","Biology"
"ALPHABET: Early life programming of childhood health: a nutritional and epigenetic investigation of adiposity and bone, cardiometabolic, neurodevelopmental and respiratory health","Biology"
"Evaluation of MEMS transducers for sensor applications in gas and liquid environments.","Technology"
"Enhancing the Irish Transmission Network Flexibility through Smart Technology","Technology"
"Commercialisation of the web based dietary assessment tool Foodbook24","Technology"
"Next Generation Optical Fibre Access Network Technologies","Physics"
"Multi-Gene Assay Cloud Computing Platform","Technology"
"Development of Hyperbranched Poly(beta-amino ester) as a New Generation of Tissue Adhesive for Sternum Bonding","Biology"
"Materials to optimize membrane scaling and product performance","Others"
"Application of Kinesis Health Technologies Q-TUG and Q-Gait in Clinical Motor Function Assessment","Biology"
"Geohazard Assessment of the Southern Porcupine Basin","Technology"
"Improving the performance of electromagnetic mining exploration: a case study on the Navan Zn-Pb deposit, Ireland","Physics"
"SFI Research Infrastructure - Cat D - Opportunistic Funding","Engineering"
"SFI Research Infrastructure - Cat D - Opportunistic Funding","Engineering"
"SFI Research Infrastructure - Cat D - Opportunistic Funding","Engineering"
"SFI Research Infrastructure - Cat D - Opportunistic Funding","Engineering"
"SFI Research Infrastructure - Cat D - Opportunistic Funding","Engineering"
"SFI Research Infrastructure - Cat D - Opportunistic Funding","Engineering"
"SFI Research Infrastructure - Cat D - Opportunistic Funding","Engineering"
"Imaging Flow Cytometer","Physics"
"PreclinicAl Infrastructure Resource (PAIR)","Engineering"
"A high-throughput, production-scale next-generation sequencing platform to meet the needs of the Irish genome research community","Biology"
"Multicolour  Multidimensional Ultrafast Laser Spectroscopy Facility","Physics"
"Integrated surface modification and characterisation facility","Others"
"Advanced Signal Characterisation Facility","Others"
"Asylum Instruments MFP-3D Atomic Force Microscope (AFM), with Nano-Indentation and Electrochemical Modules","Chemistry"
"Mass spectrometer","Engineering"
"Development of a high frequency Terahertz measurement and characterisation facility","Technology"
"CASPER (Compact Airborne Sensor Pod for Environmental Reconnaissance)","Technology"
"""UHPLC-MS3 system for investigating contaminants in food and environmental samples""","Technology"
"Comprehensive Time-of- Flight Gas Chromatography Mass Spectrometer","Engineering"
"National facility for wafer-scale fabrication and characterisation of integrated piezoelectric materials and microelectromechanical systems for energy harvesting, energy storage and biomedical applications (PiezoMEMS Cluster)","Biology"
"Smart Sensing Systems Development Platform","Technology"
"Multifunctional Nanometrology Facility (MNF)","Others"
"Biologicals Process Infrastructure Testbed (BioPOINT)","Engineering"
"""Observations of Materials Structural dynamics in Real time & Environments at Atomic Resolution (ORACLE)""","Physics"
"Composites and Plastics Joining Suite","Others"
"Molecular Process Analytical Technology Test-Bed for Sustainable Chemical Transformations","Chemistry"
"Automated Biopolymer and Biomaterial Synthesis Facility","Chemistry"
"Light Sheet Fluorescence Microscope (LSFM) for imaging of live and optically cleared biological samples","Physics"
"Cryogenic extreme-resolution Scanning Electron Microscope","Others"
"An advanced high-throughput imaging platform for multi-dimensional analysis of complex biological models in health and disease","Biology"
"3-D imaging and metrology system","Technology"
"PICS: Physiology Infrastructure for Crop Stress","Engineering"
"""A Test Bed for Advanced Manufacturing of Cell Therapy Products: Centre for Cell Manufacturing Ireland Development Strategy""","Policy"
"Irelands first high resolution flow based imaging system","Technology"
"""Additive/subtractive manufacturing testbed for electrically, optically and thermally  activated biomaterials""","Physics"
"Fraunhofer Project Centre for Embedded Bioanalytical Systems at DCU","Technology"
"The Surface Ocean Autonomous Profiling Platform (SOAPP): Optimisation toward Commercial Potential","Technology"
"uBeeClean: Varroa mite removal using airborne ultrasound","Others"
"RATIONALLY DESIGNED INHIBITORS OF STAPHYLOCOCCUS AUREUS COLONIZATION","Engineering"
"Silica nanoshells for oral peptide delivery: widening the platform","Technology"
"Enhancing plant growth and resilience by Ensifer-mediated seed priming","Others"
"Design and synthesis of carbohydrate based therapies for fibrosis","Engineering"
"Development of a Companion diAgnostic teSt for radiotheraPy prostAte canceR patients (CASPAR)","Technology"
"Development of Regenerative and Systematically Upgradable Antibiotic Polymers","Chemistry"
"Development of a nebulised recombinant SOD protein for acute respiratory distress syndrome.","Biology"
"Development of Continuous Spatially Distributed Diafiltration for Pharmaceutical Synthesis","Chemistry"
"Inflammatory Caspases - Expression and Function in Treatment-Resistant Oesophageal Cancer.","Biology"
"Real-time Flexible Transmitters for Optical Networks - REFLEXTION","Physics"
"Culture independent diagnostics technologies for the rapid detection of Non Tuberculosis Mycobacteria associated with water distribution system contamination","Biology"
"Optimised chromatin substrates for epigenetic drug screening","Biology"
"LITE:  Live Imaging with Targeting Enzymes","Biology"
"Development of a simple, fast blood test to support seizure diagnosis","Technology"
"Pre-clinical evaluation of CC12, a novel anti-angiogenic drug, as a combination therapy for colorectal cancer patients.","Biology"
"Next Generation Ex-vivo Functional Predictive Assays for High Grade Serous Ovarian Cancer Screening: Three Dimensional, Multicellular Drug Screening using Lab on a Chip Technologies","Technology"
"Mosaic scaffolding for osteochondral regeneration: modular biomimetic PCL templates functionalised with cartilage and bone specific extracellular matrix (ECM) components","Biology"
"Novel anti-inflammatory therapeutics derived from a human adapted poxvirus","Biology"
"Development of a novel assay for sensitive and accurate detection of early stage kidney disease via exploitation of an hypoxia inducible protein","Biology"
"Copper-Diamond Composite Heat Spreaders using Cold Spray Additive Manufacturing Technique","Engineering"
"Collagen-based, multi-layered scaffold for closure of tympanic membrane perforations (TympanoColl)","Others"
"Quantum Solar Salts: Innovative Luminescent Solar Concentrators utilizing Zn-Cu-In-S Quantum Dots based Alkali Halide Salt composites","Physics"
"miRNA knockout using CRISPR/Cas9 to enhance recombinant protein productivity in CHO cells","Biology"
"Building a novel crystallization monitoring process analytical technology  (MXM, for MicroXtalMorph)","Technology"
"Ion implant lithography for wafer scale diamond nanoelectromechanical system (NEMS) fabrication","Engineering"
"Repurposing D-cycloserine and related drugs to overcome resistance resistance to beta-lactam antibiotics in bacterial pathogens","Biology"
"Restoration of anti-viral responses to Interferon-? towards the development of a therapeutic cure for HIV","Biology"
"Novel Anti-Inflammatory Biotherapeutic Development","Biology"
"Platform for microRNA drug synthesis","Chemistry"
"Low-cost, Wideband Electromagnetic Vibration Energy Harvesters for Powering Internet of Things- (EMPOWER)","Technology"
"Conformable glucose sensor for non-invasive optical detection in a wearable platform","Physics"
"ESCapeFOG; Electrical Stimulation Cueing for Freezing of Gait correction in people with Parkinsons Disease.","Engineering"
"Multimode RGBIR-d Sensor for Optical Mapping of Basal Cell Carcinomas","Physics"
"Development of green and clean block co-polymer lithography for nano-patterning","Chemistry"
"Creating a system for post-editing of machine translation on touchscreen devices","Engineering"
"CREDENCE","Others"
"Plasma Vapour Deposition to Minimise Oxygen Permeation in Photochromic Lenses","Physics"
"Quantum control of nanostructures for quantum networking","Technology"
"Energy storage and demand-side flexibility within future electricity markets","Others"
"Harnessing the potential of plasma activated liquids for bio-medical applications","Physics"
"20th International ESAFORM Conference on Material Forming","Policy"
"DOCTRID V Conference","Education"
"CONSUS: Crop Optimisation through Sensing, Understanding & Visualisation","Technology"
"Bioresorbable Magnesium alloy Systems for the promotion of Regenerative Biological Function","Biology"
"(bio)Pharma Europe High Level Seminar","Education"
"Memories are made of this; Multiferroics Research for Future Generation Memories","Technology"
"INFANT","Others"
"2nd Workshop on Molecular Communications","Chemistry"
"Characterising and Stabilising Quantum Order in Complex Systems","Physics"
"The electrophysiology of natural speech processing in the human brain","Engineering"
"Deciphering the role of the tumour suppressor LATS1 in melanoma","Biology"
"Active pharmaceutical ingredients as ionic liquids: significance of protonics and functional profiling for the design of effective medicines (ActiPIILs)","Engineering"
"Athermal semiconductor lasers for applications in information and communications technologies","Physics"
"Nanotechnology Enabled Biopharmaceutical Downstream Processing (NanoBiopharm)","Technology"
"SALIVAGES: Innovative Technological Approaches for validation of Salivary AGEs as novel biomarkers in evaluation of risk factors in diet-related diseases","Biology"
"HEALTHMARK: Metabolic HEALTH through nutrition, microbiota and tryptophan bioMARKers","Biology"
"Development and commercialisation of psychobiotics for the treatment of depression and anxiety","Technology"
"Lifelogging for Disruptive Consumer Analytics","Others"
"Footprint: the gamification of energy saving.","Others"
"Selio: A novel medical device to improve the safety of lung biopsy procedures by preventing a pneumothorax and thereby eliminating the healthcare costs of treating this common and dangerous complication.","Biology"
"NeuroMiR: A microRNA platform for the diagnosis and stratification of brain injury in neonatal encephalopathy and neurodevelopmental outcome.","Biology"
"Development of a handheld sensor for Bovine Viral Diarrhoea for animal diagnostics","Technology"
"Treating hypertension caused by Primary Aldosteronism (PA) using a novel microwave ablation system.","Technology"
"Continuous manufacturing method for the production of pharmaceutical drug nanoparticles dispersed in polymeric micron-sized granules","Engineering"
"Improving Customer Experience","Others"
"Validating Augmented Reality Headgear for Workplace Training","Education"
"INSIGHT Supplement","Others"
"10th International Conference on Biofilm Reactors","Policy"
"Conference on Applied Statistics in Ireland 2017","Education"
"The Cork Nutrition and Microbiome Maternal-Infant Cohort Study (COMBINE)","Biology"
"Groups in Galway 2017","Others"
"SIAM  UK and Ireland  National Student Chapter Conference 2017","Education"
"Interfacial Phenomena in Industry and Health","Biology"
"Advanced Maternials and BioEngineering Research Centre (AMBER)","Engineering"
"Understanding biopharmaceutical production at subcellular resolution: The application of ribosome footprint profiling to optimise therapeutic protein synthesis in mammalian cell factories.","Biology"
"ENGAGE  Engineering protein interfaces to control aggregation","Engineering"
"Conformational Triggers, Mechanisms and Pathways for Neurodegenerative Disease","Biology"
"The development and characterisation of microelectrochemical sensors and biosensors for real-time neurochemical monitoring of brain energy metabolism","Chemistry"
"Innovative protocol for the development of nanoporous/nanostructured materials patterning using block copolymer lithography for advanced optoelectronic thermal management","Chemistry"
"Efficient monitoring of large scale datacenters (EOLAS)","Technology"
"IRE1? regulated secretome  a novel driver of triple negative breast cancer","Others"
"Tackling a multi-host pathogen problem - phylodynamic analyses of the epidemiology of M. bovis in Britain and Ireland","Biology"
"EnvironSafe: Cold Plasma Innovations for Food Safety and Sustainability","Physics"
"Elucidating the mechanisms and pathways of extracellular vesicle uptake and intercellular stress response","Biology"
"Bilateral BBSRC-SFI: Structure-function relationships in the ciliary transition zone","Others"
"Mechanisms & consequences of HDACs in the NCoR complex, in controlling the activity of MutSb in trinucleotide repeat expansions","Others"
"VALID - Valerolactones and healthy Ageing: Linking dietary factors, nutrient biomarkers, metabolic status and inflammation with cognition in older adults","Biology"
"Irish Personalized Approach to the Treatment of Haemophilia (Ipath)","Others"
"Ancient genomics and the Atlantic burden","Biology"
"10th World Sponge Conference 2017","Education"
"Alimentary Pharmabiotic Centre (APC) - Interfacing Food & Medicine","Biology"
"ADAPT: Centre for Digital Content Platform Research","Technology"
"State of the art  in mesoscale and multiscale modelling","Mathematics"
"Keystone Symposia Conference on Integrating Metabolism and Immunity running concurrent the to the conference on Cell Death and Inflammation","Biology"
"Functional application of genomic variants to deliver personalized strategies for pancreatic cancer patients","Biology"
"Functional polymers for (nano)medical devices","Engineering"
"Polymeric nanoneedle arrays for injecting drugs into cells for localised gene therapy (GeneInject)","Chemistry"
"Advances in translational and early clinical blood cancer research","Biology"
"Manufacturing of silicon Laue components for gamma-ray focusing applications","Engineering"
"Metabolomic and array-based biomarker approaches to understand human exposure to potent carcinogenic fresh water toxins","Others"
"Indefinite Theta Functions and Applications in Physics and Geometry","Mathematics"
"European Study Group with Industry 128 at MACSI UL","Technology"
"INSIGHT Supplement","Others"
"SFI Fellow extension","Policy"
"1st International Conference on Language, Data and Knowledge (LDK 2017)","Technology"
"7th European Rotavirus Biology Meeting (ERBM)","Biology"
"Integrating Thermoelectric materials and cement batteries into an internal Concrete building heating system (ThermoConc)","Technology"
"Network Traffic Measurement and Analysis Conference","Technology"
"APC Supplement","Others"
"Supramolecular Chemistry Ireland 2017","Chemistry"
"Anatomists on The Edge","Others"
"Douwe van Sinderen GROW Supplement","Others"
"Theres no fire without smoke!  An electrochemical gas sensor with enhanced performance through incorporating state-of-art advances in micro- and nano-technology for early phase fire detection","Chemistry"
"The role of hypothalamic neuropeptide network in regulating tissue sizes in response to diet energy content and composition","Biology"
"Characterization of a novel Polycomb group protein complex and its effects on the plant epigenome","Biology"
"Deep Learning-based Entity Resolution and Entity Relation Analysis for Anti-Money Laundering","Education"
"BIOMARKER VERIFICATION AND VALIDATION FOR PREECLAMPSIA","Others"
"Development of microRNA based assays applicable to the RapiPlex point-of-care diagnosis system to enable validation of known infection biomarkers from the circulation of Mycobacterium bovis infected cattle","Policy"
"New immunotherapeutic approaches based on the Th1/Th17 axis and its regulation","Biology"
"GROW Supplement","Others"
"Energy Systems Integration Partnership Programme (ESIPP)","Technology"
"ADAPT: Centre for Digital Content Platform Research","Technology"
"Frontiers in Materials Characterisation towards Industrial Translation (FRIMACHAT) 2017","Others"
"Irish Centre for Research in Applied Geosciences (iCRAG)","Technology"
"GROW Supplement","Others"
"Irish Society for Immunology 2017 meeting","Biology"
"Venous Thromboembolism (VTE) Dublin 2017","Others"
"36th International Society for Animal Genetics Conference","Biology"
"Defining the roles and mechanisms of action of Pellino proteins in immunity and inflammatory diseases","Biology"
"Enhancing plant growth and resilience by Ensifer-mediated seed priming","Others"
"NeuroGASTRO 2017","Biology"
"SFI Fellowship","Others"
"Quantum Molecular Dynamics - Extended Software Developent Workshop","Technology"
"Integrated Plant Phenomics & Future Experimental Climate Platform","Technology"
"Immunometabolic and epigenetic changes in obesity leading loss of immune surveillance: Prospects for novel therapeutics for obesity-related diseases","Biology"
"Enhanced analytical workflows for the rapid detection of protein posttranslational modification quality attributes across the Biopharmaceuticals manufacturing process","Engineering"
"Application of Affective Computing in VR/AR Consumer Devices","Technology"
"NEILLSBAT - Nanostructured Electrodes and Ionic Liquid Electrolytes for Ultra High Energy Density Lithium Sulfur Batteries","Others"
"PPSAD: Plasma Processes for Selective Area Deposition","Engineering"
"Determinants of Mother-to-Infant Transfer of Microbiota","Biology"
"Dunsink Observatory Science Week 2017","Others"
"Galway Science and Technology Festival 2017","Technology"
"Kerry Science Festival 2017","Others"
"Midlands Science Festival 2017","Others"
"Southeast Science Festival 2017","Others"
"Irish Mental Health Legacies of the Great Famine (SW 2017)","Biology"
"Cavan Monaghan Science Festival 2017","Others"
"Culinary Alchemy : A Multi-Sensory, Interactive, Molecular Gastronomy Experience (SW 2017)","Chemistry"
"Tipperary Festival of Science","Others"
"Build a Better Future with STEM - North / South Dublin (SW 2017)","Others"
"Festival of Farming and Food - SFI Science Week 2017 at Teagasc","Others"
"Cork Science Festival 2017","Others"
"Hi-Tech History: Experience the Digital Age of the Past (SW 2017)","Technology"
"Limerick Festival of Science 2017","Others"
"i3 Carlow SFI Festival 2017","Others"
"Wexsci. Science Week Events organised by Wexford County Council and Wexford Public Library Service (SW 2017)","Technology"
"Art in Mind (SW 2017)","Others"
"Sligo Science Festival 2017","Others"
"Science Week at The Ark 2017","Others"
"MAKESHOP on the road for Science Week 2017","Others"
"""Let's Talk Science"" festival","Others"
"The Science of Horror Movies","Others"
"Energy Systems Integration Partnership Programme (ESIPP)","Technology"
"12th International Conference on Sensing Technology","Technology"
"Epigenetic Mechanisms of Stem Cell Maintenance","Biology"
"CLEF 2017 Conference and Labs of the Evaluation Forum with MediaEval 2017 Workshop","Education"
"International Stillbirth Alliance Annual Conference Cork 2017","Policy"
"The International Symposium on Open Collaboration (OpenSym 2017)","Policy"
"13th William Rowan Hamilton Geometry and Topology Workshop","Mathematics"
"17th Annual Scientific Meeting of the Irish Pain Society","Others"
"SSPC","Others"
"Neuroscience Ireland 2017 Conference","Education"
"PLANTPOPNET Workshop: Environmental & climatic drivers of grassland plant performance","Education"
"Investigating Emerging 2D Semiconductor Technology","Technology"
"Recruitment","Others"
"Discovery to clinical utility of rare mutations by whole genome sequencing in neurodevelopmental disorders","Biology"
"""Demineralisation of Dairy By-products""","Others"
"Advanced Electrochemistry of Titanium for Biomedical Implant Applications","Chemistry"
"SFI Fellowship","Others"
"Software Development with Alternative Workforces","Technology"
"Development of a novel cancer biotherapeutic targeting extracellular CypA with anti-proliferative and anti-metastatic activity","Biology"
"microRNA-155 as a master regulator of macrophage plasticity in multiple sclerosis","Biology"
"Quantitative and systems analysis of (patho)physiological signalling networks","Technology"
"Modulation of innate immune responses by SARM, a new therapeutic target in inflammatory disease","Biology"
"Exploration of therapeutic strategies for ocular disorders","Biology"
"Bioinformatic identification of biosynthetic gene clusters from metagenomic data which encode novel antimicrobials","Biology"
"Investigation into network community structures, to better identify social processes","Technology"
"Development of an antimicrobial technology to eradicate persistent biofilms in dairy processing systems","Biology"
"Dressing4scars - New 4D printing dressing to treat skin scars","Others"
"ENABLE:  Connecting communities to smart urban environments through the Internet of Things","Technology"
"Sustainable Energy and Fuel Efficiency Spoke","Others"
"Geohazards and Geotechnical Engineering","Engineering"
"Valuation AND Risk (VAR) Partnership Programme","Policy"
"Systems Modeling of Tumor Heterogeneity and Therapy Response in Colorectal","Mathematics"
"Staphylococcus aureus induced immunosuppressive memory: consequences for bug and for host","Biology"
"Innate immune signalling underpinning Klebsiella-host interaction","Biology"
"Investigation of Fengycin Mechanism Using Biological, Chemical and Biophysical Tools","Chemistry"
"SFI ERC Support Programme - Prof. Ruth Britto (Trinity College Dublin)","Policy"
"A Portable Multi-function Optical Sensing System","Physics"
"Inhibitory representations: their formation, modulation and function in memory circuits","Technology"
"SFI Fellowship","Others"
"10th International Conference on Brain Monitoring and Neuroprotection in the Newborn (BMN2017)","Biology"
"APC Supplement","Others"
"27th Annual Meeting of the Network for European CNS Transplantation & Repair (NECTAR)","Technology"
"SFI Fellowship","Others"
"Development of novel optical coherence (OCT) system for probing 3D structure of biomedical objects at nanoscale","Physics"
"ReWIZ: Re-establishing Wheat Immunity to Zymoseptoria tritici","Others"
"SFI Fellowship","Others"
"SFI Fellowship","Others"
"Next Generation Imaging for Smartphone and Embedded Platforms","Technology"
"Injection locking within Photonic Integrated Circuits supporting high spectral density optical communications","Physics"
"Cork Ornithological Research Conference 2017","Education"
"INFANT Research Workshop 2017: ""Translating Innovation for the Next Generation""","Education"
"New Frontiers in Skin Physiology Assessment using Wearables","Technology"
"Geometry and combinatorics of associativity (HMI workshop)","Mathematics"
"Advanced Frequency Synthesis Informed by Nonlinear Dynamics","Chemistry"
"Thermodynamics for Quantum Technologies","Physics"
"Mathematical Modelling of Social Spreading Phenomena","Mathematics"
"Impact of ROS on intestinal health in inflammatory bowel disease","Biology"
"Dynamic tuning of plasmonic structures","Others"
"Understanding the role of EZH2 deregulation in B-Cell Lymphomas and Malignant Rhabdoid Tumors: a novel approach to stratifying patient treatment","Policy"
"NANO-MAG-FACTORY: Multi-functional Magnetic Nanocomposite Materials for Biomedicine","Biology"
"Developing the manufacturing strategy and formulation of a polymeric gene therapy for the skin","Policy"
"Integrating 2D Materials and Block Copolymers for Low Cost Nanodevices","Engineering"
"RATOCAT - Rational design of highly effective photocatalysts with atomic-level control","Engineering"
"Bioeconomy Research Centre (BiOrbic)","Technology"
"Confirm Centre for Smart Manufacturing","Engineering"
"FutureNeuro","Biology"
"Thermoelectric potential of interacting, disordered quantum wires.","Physics"
"Accurate waveforms for extreme- and intermediate-mass-ratio inspirals","Others"
"Symmetries in Solvable Models","Mathematics"
"Domain Wall Engineering for Novel Nanoelectronics","Engineering"
"MARS-Fly: Mobile Automated Rovers Fly-By (MARS-FLY) for Bridge Network Resiliency","Technology"
"Understanding the impact of divergent Sin3A/HDAC1 complex assemblies in gene regulation","Policy"
"Deciphering the function of the human Dihydrofolate reductase 2 gene","Biology"
"SFI ERC Support Programme - Dr. Tomas Ryan (Trinity College Dublin)","Policy"
"SFI ERC Support Programme - Mary Cannon (RCSI)","Policy"
"SFI Fellowship","Others"
"8th Annual Computational and Molecular Biology PhD Symposium","Technology"
"SFI Fellowship","Others"
"Primary cilia and cellular senescence","Biology"
"VSMM2017: Through the Looking Glass- Back to the Future of VR","Others"
"Irish Earth Observation Symposium and EU Copernicus Workshop","Education"
"World Congress of Biomechanics","Engineering"
"Functional analysis of the host adsorption and DNA injection processes of a lactococcal bacteriophage","Engineering"
"Restoring immune homeostasis with mesenchymal stromal cells to attenuate late sepsis","Biology"
"Uncovering the fundamental roles of the CDC7 kinase and of its regulatory subunits through genome editing technology","Biology"
"Mapping, Modelling and Monitoring Key Processes and Controls on Cold-water Coral Habitats in Submarine Canyons (MMMonKey_Pro)","Engineering"
"Mapping, Modelling and Monitoring Key Processes and Controls on Cold-water Coral Habitats in Submarine Canyons (MMMonKey_Pro)","Engineering"
"Mapping, Modelling and Monitoring Key Processes and Controls on Cold-water Coral Habitats in Submarine Canyons (MMMonKey_Pro)","Engineering"
"Organisational Life Cycle Assessment of the agri food industry: methodological development and validation","Technology"
"Improving the efficiency of manufacturing wind and tidal turbine blades","Engineering"
"Micro- and Nano-structuring of Sensor Electrode Surfaces for Integrated Manufacturing of High Performance Sensing Technology","Technology"
"Optimized contact electrode materials for Bi2Te3-based thermoelectric alloys","Others"
"I-Form Advanced Manufacturing Research Centre","Engineering"
"Solar Energy Conversion without Solid State Architectures: Pushing the Boundaries of Photoconversion Efficiencies at Self-healing Photosensitiser Functionalised Soft Interfaces","Others"
"SFI Fellowship","Others"
"FINN7 (Frontiers in Neurology & Neuropsychiatry)","Biology"
"Multimode RGBIR-d Sensor for Optical Mapping of Basal Cell Carcinomas","Physics"
"Microbial Stress: From systems to molecules and back","Chemistry"
"Recruitment","Others"
"Recruitment","Others"
"Exploiting narrow-band UV-LEDs for Sustainable, Innovative, Technology-Enabled Cropping (UV-SINTEC)","Technology"
"Pharmaceutical and nutraceutical targeting of the farnesoid X receptor for treatment of chroinc intestinal diseases","Biology"
"Targeting regulators of cellular metabolism to promote healthy ageing","Biology"
"Zero moment spin electronics (ZEMS)","Physics"
"A new avenue for crop protection: generating Brassica cultivars with supernumerary trichomes","Biology"
"A new avenue for crop protection: generating Brassica cultivars with supernumerary trichomes","Biology"
"SFI Fellowship","Others"
"Investigating Approaches for Data Flows Analysis to mitigate the risk of leaks and misuse of personal information aligned with EUs General Data Protection Regulation","Technology"
"BacTrans  Natural DNA Transfer Systems for Bacterial Starter Cultures","Biology"
"INFANT Supplement","Others"
"Keystone Symposia Conference on The Resolution of Inflammation in Health and Disease","Biology"
"Understanding the role of T cells in sustained protective immunity to Bordetella pertussis to inform the design of third generation vaccines against pertussis","Biology"
"An integrated multidisciplinary approach to revolutionise dairy cattle breeding, through the application of state-of-the-art technology to advance the identification, sexual maturation, fertility and availability of semen from genetically elite sires","Technology"
"An integrated multidisciplinary approach to revolutionise dairy cattle breeding, through the application of state-of-the-art technology to advance the identification, sexual maturation, fertility and availability of semen from genetically elite sires","Technology"
"Green Adsorbents for Clean Energy (GrACE)","Others"
"Green Adsorbents for Clean Energy (GrACE)","Others"
"Novel plasma technology for valorisation of organic manures and carbon-free fertiliser manufacturing","Technology"
"Novel plasma technology for valorisation of organic manures and carbon-free fertiliser manufacturing","Technology"
"Development of a wearable, non-invasive blood glucose monitor for use in Diabetes","Technology"
"FReSHield","Others"
"AI for Life'","Others"
"Excited charm resonances from Quantum Chromodynamics","Physics"
"Re-use and Recycling of Decommissioned Composite Material Wind Turbine Blades","Others"
"The Bovine Epigenome and Susceptibility to Mycobacterial Disease","Biology"
"SoftEdge: Architectures and Algorithms for Software-Defined Edge Systems","Technology"
"A translational omics approach for predicting treatment outcome in newly-diagnosed children with ulcerative colitis","Technology"
"Spectroscopy in a Suitcase","Physics"
"Tyndall MakerDojo at Festivals","Others"
"Engaging Space","Others"
"STEM++","Others"
"Dublin Maker 2018","Others"
"Engineers Ireland STEPS programme - 2018 & 2019: Engineering Futures","Engineering"
"Career Mathways","Policy"
"Bright Club","Others"
"Big Life Fix","Others"
"Maths Sparks: Problem Solving Workshops","Education"
"Irish Micro Plastic Awareness and Coastal Threats - IMPACT","Others"
"Futurewize","Others"
"Planeteers","Others"
"Computer Science at Leaving Certificate CPD Programme","Technology"
"Science Apprentice Series 2018","Others"
"Science Foundation Ireland Science Zone at the Big Day Out","Others"
"Suite Science 2018","Others"
"I'm a Scientist and I'm an Engineer Ireland","Engineering"
"eDuCaTE: The Decade of Commemorations through Technology","Technology"
"FameLab Ireland 2018","Others"
"Science Hub at Learning Hub Limerick","Education"
"ReelLIFE SCIENCE Video Competition","Others"
"The Festival of Curiosity 2018 & 2019 - Reconnecting","Others"
"Calmast STEM Outreach Hub for Southeast","Others"
"Teen Entrepreneur STEM Camp","Others"
"SciFest","Others"
"MathsWorks Mobile 2.0","Others"
"RDS Primary Science Fair - Dublin and Limerick 2018/2019","Others"
"Curiosity Studio 2018","Others"
"OurKidsCode","Others"
"Irish Sign Language STEM Glossary Pilot Project","Others"
"IGGIES  - Irish Girl Guides Innovatively Engaging with STEM","Others"
"Steam through Fingal libraries","Others"
"Music and Science: Quavers to Quadratics","Others"
"STEAM-ED","Others"
"CoderDojo Ireland Foundation Community and Events Co-Ordination","Others"
"Maths Ireland incorporating Maths Week Ireland","Others"
"Our Places and Landscapes (OPAL)","Others"
"VEX Robotics","Others"
"Physics Busking","Physics"
"ELI Afterschool Coding Club","Education"
"SFI ERC Support Programme - Professor Neil O'Connell (University College Dublin)","Policy"
"Functional Materials Processing for Integrated Manufacturing of High-Performance Sensor Technology","Engineering"
"Advanced optical characterization of intraocular lenses","Physics"
"Design and Development of Cost Effective Energy Efficient Enhancements for Broadband Power Amplifiers","Engineering"
"Anti-microbial TiO2-based coatings for glass and ceramic substrates.","Biology"
"CHO cell process characteristic profiling and modelling in fed-batch and continuous perfusion cell culture platforms","Technology"
"Novel Control Scheme for Wind Farms to Enhance Smart Grid Flexibility","Technology"
"Market led development of high resolution chemical mapping enabled by a tuneable soft x-ray light source","Chemistry"
"ADAPMW: High Efficiency Adaptive Millimetre Wave Transceivers for High Speed Wireless Communications with Unmanned Aerial Vehicles","Technology"
"Chip-scale Optical Frequency Synthesizer","Physics"
"Multi-model innovations in Integrated Assessment Modelling of Global, Chinese, and Irish energy-economy-environment-climate systems investigating deep decarbonisation pathways from the Paris Agreement to the United Nations sustainable development goals","Technology"
"Process development and mechanistic investigation of barrier materials for advanced interconnect technology","Technology"
"A national academic-led hybrid interventional catheterisation and non-invasive imaging facility for the evaluation of medical devices and device-based therapies in human subjects","Policy"
"Infrastructure for Atomic-Scale Visualization of Electronic and Magnetic Quantum Matter","Physics"
"Distributed optical sensors for advancing radiotherapy","Physics"
"Deforming Solvable Models","Mathematics"
"Nanopatterned plasmonic antenna-receptor complexes for photocatalysis","Chemistry"
"Correlation of magnetic and magnetoelectric properties with crystallite orientation and sub-unit cell characteristics in room temperature multiferroic materials","Physics"
"Simulating Non-thermal Emission at Low Energy","Others"
"Hadron resonance photocouplings from first principles","Others"
"Influence of the Metal on the Amphoteric Reactivity of Metal-Superoxides","Others"
"Automated photometry of transients (AutoPhOT)","Others"
"Sensing the composition of a multi-component fluid flowing in a pipe for non-contact real-time analysis","Technology"
"Leanbh  A disruptive intrapartum fetal monitor capable of detecting hypoxia for better clinical outcomes","Biology"
"Image-guided Liver Therapy using Wireless Tracking","Others"
"Next Generation Luminescent Probes for Super-Resolution Imaging.","Biology"
"NIR-Fluorescence Imaging: New Agents with Dual Market Potential as Research Tools and Clinical Markers for Image Guided Surgery","Biology"
"Use of PSG1 as a therapy for neurological disorders.","Biology"
"Development of a non-invasive follicular fluid biomarker assay to accurately determine embryonic developmental competence following human assisted reproduction technologies.","Biology"
"A novel perfusion solution for use in organ transplant programmes","Policy"
"A smart needle device that will improve the safety of ultrasound-guided peripheral nerve block for medical procedures which facilitate surgical operations or to treat acute or chronic pain.","Engineering"
"Validation of the therapeutic potential of two lead anti-inflammatory molecules with a novel carbon scaffold in ex-vivo colonic explant tissue.","Biology"
"Process for low dislocation density deep-ultraviolet transparent AlN templates on foreign substrates by means of coalescence of nanoscale structures","Engineering"
"Evaluation of anti-arthritic and anti-nociceptive activities of a novel long-acting SNARE-inactivating  biotherapeutic","Biology"
"Interrogating the in vivo antimetastatic action of LMWH tinzaparin and simvastatin in an orthotopic surgical resection mouse model of triple negative breast cancer: towards novel metastasis prevention strategies","Mathematics"
"Developing Drugs that Prevent Loss of Vision","Others"
"Low Temperature High Mobility Oxide Integration Process for Thin Film Transistor Technologies","Engineering"
"MicroRNA-22 as a novel disease-modifying treatment for epilepsy","Biology"
"Breaking the cancer drug resistance paradigm: a novel prodrug strategy for multi-modal chemotherapeutics","Policy"
"DNM4DED: Developing Novel Molecules for Dry Eye Disease","Chemistry"
"The Development of Self-Anchoring Microneedle Electrodes (SAMEs) for Wearable Sensing Applications","Technology"
"Extending the therapeutic indication of a novel patent-protected druggable pathway and small-molecule therapeutics for autoimmune disorders","Biology"
"Proof of concept for a novel immunomodulator for the treatment of fatty liver diseases.","Biology"
"EarlySigns: Toward Investigational Device for Listening to the Newborn Brain","Engineering"
"Development of Multiplexed Affinity-MRM Assays for Personalised Healthcare Decisions in Inflammatory Arthritis","Policy"
"Overcoming treatment resistance to chemoradiation therapy in oesophageal adenocarcinoma using a novel patented small molecule radiosensitiser drug, CC8.","Chemistry"
"Ultra-sensitive lab-on-a-disc platform for miRNA detection","Technology"
"Food Safe: High Sensitivity Detection of Pathogens in Food","Biology"
"Lead optimisation of Fc?RIIa antagonists","Others"
"An implantable device based on enhanced Hyaluronic acid Induced Protection of Post-Operative Stress (HIPPOS) for Patients following Glaucoma Filtration Surgery","Engineering"
"Minimally-Invasive Cartilage-Sparing Device for the Knee to Limit Progression of Osteoarthritis","Engineering"
"Non-invasive portable diagnostic platform for early-stage cutaneous melanoma screening (VolScreen)","Technology"
"Hybrid nanoparticle infused laser activated carbon capillary microelectrodes for point-of-use multimodal sensing (ELSER)","Physics"
"Ultrasoft magnetic alloy thin films using low cost electrochemical techniques to fabricate magnetic core microinductor prototype demonstrators for Power-Supply-On-Chip electronics applications.","Chemistry"
"SiC/Si 3D integration for the first time by CMOS- and BEOL-compatible direct wafer bonding process","Engineering"
"Auto-scaling Virtual Service Function Chains","Technology"
"Laser Integrated with Soa Transmitter for Enterprise Networks (LISTEN)","Physics"
"GSAM - BROADBAND GRAPHENE SATURABLE ABSORBER MIRRORS FOR ULTRAFAST LASER TECHNOLOGY","Physics"
"Joint Initiative","Others"
"SFI Fellowship","Others"
"HMI Workshop and Conference Series","Education"
"Schrödinger at 75: What is Life? - The Future of Biology","Biology"
"Annual Congress of the European College of Sport Science","Others"
"Unlocking the Therapeutic Potential of Quinoa as Nutraceutical Modulator of the Farnesoid X Receptor","Biology"
"Bacteria-bacteriophage antagonistic coevoluation in the gut","Biology"
"5th Conference of the European Society for Research on Internet Interventions (ESRII)","Technology"
"Internet of Things for Food: Transforming Food Systems with Technology","Technology"
"CURAM - Centre for Research in Medical Devices","Engineering"
"13th International SPHERIC Workshop","Policy"
"NanoGSkin - Transversal tissue engineering and nanomedicine approach towards an improved chronic wound therapy","Engineering"
"Electrochemical force microscopy and quantum sensing of the solid-liquid interface: improving batteries through nanoscale electrochemical imaging","Chemistry"
"Electrochemical force microscopy and quantum sensing of the solid-liquid interface: improving batteries through nanoscale electrochemical imaging","Chemistry"
"A New Dimension to Ancient Enemies: Targeting Nitrosative Stress and Human Endogenous Retrovirus K Improved Diagnosis, Chemoprevention and Treatment of High Grade Breast and Prostate Cancer","Biology"
"Novel technological interventions for biofilm","Policy"
"Novel widely tunable swept sources, based on synchronized multi-section slotted semiconductor lasers for Optical Coherence Tomography","Physics"
"Altered synovial metabolic pathways in anti-inflammatory inadequate responders in rheumatoid arthritis","Biology"
"Identification, Characterisation and Integration of new alloys for MEMS switch","Others"
"Multifunctional TiO2 materials - Synthesis and applications towards antibacterial transparent conducting coatings","Chemistry"
"Understanding the role of T cells in sustained protective immunity to Bordetella pertussis to inform the design of third generation vaccines against pertussis","Biology"
"International Conference on Complex Analysis, Potential Theory and Applications","Policy"
"20th Power Systems Computation Conference (PSCC) 2018","Technology"
"10th World Congress of the Bachelier Finance Society","Others"
"Enhancing the scientists toolbox using synthetic carbohydrate chemistry","Chemistry"
"A High-Resolution Crystal Structure Approach To Targeting Bacterial Lipoprotein Post-translational Processing Enzymes For Antibiotic Design And Discovery","Biology"
"Stationary Financial Risks","Others"
"Topological Order, Entanglement and Quantum Information Processing","Technology"
"Structure, evolution and seismic hazard of the Irish offshore: An investigation using the first broadband, ocean-bottom seismometer deployment offshore Ireland","Technology"
"Structure, evolution and seismic hazard of the Irish offshore: An investigation using the first broadband, ocean-bottom seismometer deployment offshore Ireland","Technology"
"Structure, evolution and seismic hazard of the Irish offshore: An investigation using the first broadband, ocean-bottom seismometer deployment offshore Ireland","Technology"
"Discovering and Exploiting novel regulatory pathways in inflammation for therapeutic advantage","Biology"
"Innovative Geological Research to Improve Mineral Resource Discovery and Sustainable Development","Technology"
"Gamma-ray Investigation of the Full Transient Sky (GIFTS)","Technology"
"Detecting the dark matter of neurodegeneration: repeat expansions in amyotrophic lateral sclerosis","Biology"
"Green and Secure Transmission Techniques for Future Wireless Networks","Technology"
"Gut microbes, Neuroinflammation and Alzheimer's disease: determining the immunoregulatory role of gut microbiota on brain and behaviour","Biology"
"Development of a new device to deliver islet-containing biomaterial to abdomen to treat insulin-dependent diabetes.","Engineering"
"RNA-Neuro: Systems Analysis of novel small non-coding RNA in neuronal stress responses: towards novel biomarkers and therapeutics for neurodegenerative disorders","Biology"
"Molecular-simulation-led studies of photoelectrochemical water-splitting: the mechanistic role of doping and surface defects in promoting the efficiency of cost-effective light-absorbing metal oxides","Chemistry"
"Drone Research and Innovation","Technology"
"A Mixed-Methods Examination of Reviewer Recruitment, Assessment Criteria, and Workflow in the Peer Review Process","Engineering"
"Science Technology Space (SciTechSpace)","Technology"
"XXII Congress of the International Society of Electrophysiology and Kinesiology","Policy"
"SFI ERC Support Programme - Cathal Kearney (RCSI)","Policy"
"SFI Fellowship","Others"
"11th International Conference on Theory and Practice of Electronic Governance (ICEGOV2018) - Transforming Digital Government for Sustainable and Resilient Societies","Policy"
"Eurachem 2018: Data - Quality, Analysis and Integrity","Technology"
"Conference in Analytical Sciences in Ireland CASi 2018","Education"
"Optical Network Design and Modeling Conference","Physics"
"Conference for Applied Statistics in Ireland, 2018","Education"
"Dublin Cystinosis 2018 Scientific Workshop","Education"
"Energy Systems Integration Partnership Programme","Technology"
"27th European Grassland Federation General Meeting: Sustainable Meat and Milk Production from Grasslands","Biology"
"Young Cancer Researchers Networking 2018","Technology"
"FOCUSED MEETING Microbiology Society (Irish Division) 2018: MICROBES AND MUCOSAL SURFACES","Biology"
"Achieving Scientific Excellence and Impact in Ireland: The Role of Talent and Human Capital Management in National Science Foundations","Policy"
"Gravitational Waveform Templates: bridging the gap between source modelers and data analysis","Technology"
"Excited charm resonances from Quantum Chromodynamics","Physics"
"Evaluating the impact of science policy on the economy and society: A national evaluation and international benchmarking of science policy in Ireland","Policy"
"The Impact of International Star Scientists on Irish Science","Policy"
"MAGneTISe - Magnetic Particle Imaging for the Treatment and Imaging of Stroke","Physics"
"5GMMPA: Digitally Linearized High Efficiency Millimetre Wave Power Amplifiers for Next Generation High Speed Wireless Communications","Technology"
"Understanding, controlling and exploiting the structure and properties of nanoscale metal films","Technology"
"Multinary Compound Si, Ge and Sn Derived Nanocrystals: Composition, Shape and Heterostructure Control via Solution Methods (NanoIVCrystals)","Chemistry"
"Next-generation trace elements exploitation (TEX) in microbial communities at the scales of genomes, cells, biofilms and new biotechnology","Biology"
"MacroCLOCK - Circadian Control of Macrophage Mitochondria: A New Approach in the treatment of Chronic Inflammatory Disease","Biology"
"Subchondral Bone Microdamage in Post Traumatic OA: Novel Subchondral-Specific Therapies","Others"
"2D nanosuspensions for printed electronics  how small can you go?","Others"
"The ATP-gated purinergic P2X7 receptor as a novel target for the treatment of drug-refractory epilepsy","Others"
"Electrically pumped all-inorganic LEDs and lasers by colloidal nanorod heterogeneous assembly","Physics"
"Intelligent Magnets for Surgery 4.0","Others"
"Ecological engineering solutions for the long-term and sustainable management of mine processing wastes","Engineering"
"HydroCast: Seasonal Hydrological Forecasting for Ireland","Others"
"Nitride-based light emitters: From carrier localization and non-radiative recombination processes to quantum transport and device design","Engineering"
"Nitride-based light emitters: From carrier localization and non-radiative recombination processes to quantum transport and device design","Engineering"
"Carbon metabolism systems analysis for the identification of disease and patient-specific metabolic and energetic defects in neurodegenerative diseases","Biology"
"HYBRID- The Cell as a Programmable Factory for Hybrid Nanomaterials","Biology"
"Rapid Culture Independent Nucleic Acid Diagnostics Assays for the Detection of Mycoplasma for the Biopharmaceutical Industry","Physics"
"Elucidating the genomic basis of exceptional ageing and immunity","Biology"
"Precision Engineering of Nanostructure Surface Architecture for Biological and Biomedical Applications","Biology"
"Smart Networking in the Era of Artificial Intelligence","Technology"
"Analysis Under Strong Magnetic fields of Advanced Spintronic and Functional Magnetic Materials for Autonomous Low-Power Communications","Physics"
"AMBER PhD Recruitment Scheme","Others"
"APC PhD Recruitment Scheme","Others"
"CONNECT PhD Recruitment Scheme","Others"
"CURAM PhD Recruitment Scheme","Others"
"ICRAG PhD Recruitment Scheme","Others"
"INFANT PhD Recruitment Scheme","Others"
"INSIGHT PhD Recruitment Scheme","Others"
"IPIC PhD Recruitment Scheme","Others"
"LERO PhD Recruitment Scheme","Others"
"MaREI PhD Recruitment Scheme","Others"
"SSPC PhD Recruitment Scheme","Others"
"ADAPT PhD Recruitment Scheme","Others"
"Delivering Innovative Materials for Medical Devices","Engineering"
"The 141th European Study Group with Industry, ESGI141","Technology"
"7th meeting of the European Society for Evolutionary Developmental Biology (EED)","Biology"
"FutureNeuro","Biology"
"SFI Fellowship Programme","Policy"
"CUSPIDOR - CMOS Compatible Single Photon Sources based on SiGe Quantum Dots","Physics"
"CUSPIDOR - CMOS Compatible Single Photon Sources based on SiGe Quantum Dots","Physics"
"RD2018","Others"
"50th Conference of Irish Geographers: The Earth as Our Home","Education"
"Bio-, chem-, and nanoinformatics approaches to study bionano interface","Technology"
"NANO-SCORES - Nano-structured Osteochondral scaffold: novel biomimetic triggers for enhanced bone regeneration","Biology"
"Green Photonics: Metasurface Photonic Materials for Thin-Film Energy Efficiency and Energy Harvesting Applications","Physics"
"Automatic Design of Digital Circuits (ADDC)","Technology"
"Comb-Based Integrated THz transmitter - COMBINE","Others"
"Secondary Exposure to Aerosol Emitted During Respiratory Therapy","Others"
"SRC-1 mediation of cancer cell reprogramming in endocrine resistant breast cancer","Biology"
"New Frontiers in Ocular Therapeutics 2: Moving Towards the Clinic.","Biology"
"Blood Cancer Research: Focus on immunotherapy and the tumour microenvironment","Biology"
"EMRA'18 Workshop on EU-funded Marine Robotics and Applications","Education"
"Irish Centre for Vascular Biology - 'New Advances in Vascular Biology'","Biology"
"Ultra-low Energy Electric Field Control of Nonvolatile Magnetoelectric Memory Devices","Engineering"
"Elucidating the potential therapeutic role of Erythropoietin in the treatment of Emphysema","Biology"
"European Conference on Machine Learning and Principles of Knowledge Discovery in Databases","Education"
"Delineating immune memory to Staphylococcus aureus","Biology"
"Advanced Catheter Development","Technology"
"Extending the Clinical Utility of OncoMasTR via Technology Transitioning and Cross-Cancer Approach","Technology"
"Process and System Development for Chipscale Energy Harvesting","Engineering"
"Modelling of low inertia grid systems with the objective of maximizing renewable energy","Technology"
"Deciphering the most clinically and biologically relevant circulating tumour cells (CTCs) in cancer metastasis.","Biology"
"Optimization of a pilot plant dip coating process for manufacturing antimicrobial polymer film-based food packaging materials and product validation","Engineering"
"IEEE MTT-S IMWS-5G 2018","Others"
"XXVIII International Conference on Magnetic Resonance in Biological Systems - ICMRBS 2018","Physics"
"28th International Conference on Field Programmable Logic and Applications 2018","Policy"
"""Computer Simulation Empowering Chemical Technologies involving Confined Liquids""","Chemistry"
"Ethics in Research and Innovation: Methods and Best Practice","Technology"
"International Society for Serotonin Research Serotonin on the Wild Atlantic Way 2018","Policy"
"Venous Thromboembolism (VTE) Dublin 2018","Others"
"POSITION-II: A pilot line for the next generation of smart catheters and implants","Biology"
"Midlands Science Festival","Others"
"Sligo Science Festival","Others"
"Imaginosity's 'Dr.Osity Body Science Show' Outreach Project for Science Week","Others"
"Cork Science Festival 2018","Others"
"Lets Talk Science Festival 2018","Others"
"Irelands Astronaut Candidates of 1991","Others"
"South East Science Festival","Others"
"Technology in My Life' Citizens' Think-In","Technology"
"Festival of Farming and FoodSFI Science Week at Teagasc","Others"
"Stemming from STEAM","Others"
"Louth Libraries Science Week Library Programme","Policy"
"Mayo Science and Technology Festival","Technology"
"Tipperary Festival of Science","Others"
"Science Week at The Ark 2018","Others"
"WexSci Wexford Science Festival","Others"
"Cavan Monaghan Science Festival","Others"
"Galway Science and Technology Festival","Technology"
"The Virtual Heritage Lab","Others"
"Dr. Mindflip's Travelling Physics Caravan","Physics"
"Baking in Space- food & engineering in the next frontier","Engineering"
"Art in Mind - How Nature Inspires","Others"
"Limerick Festival of Science 2018","Others"
"Planeteers Science Week Workshops","Education"
"Seeing space from the islands","Others"
"EUREKA Science & Technology Festival 2018","Technology"
"Vaccines: Health, Trust and Evidence","Biology"
"Science Week Maker Workshops","Education"
"Molecular memory in human AMD1 gene: mechanisms and functions","Chemistry"
"Computer Simulation of Musical Creativity 2018","Technology"
"18th International Conference on Nanotechnology (IEEE NANO 2018), Cork, Ireland; July 23-26, 2018.    www.ieeenano18.org","Technology"
"Meeting the Future Challenges of Heterogeneous and Extreme-Scale Parallel Computing ","Technology"
"Scalable, Privacy-Enhanced Analytics for the Sharing Economy","Others"
"Active Distribution System Management Enabled by Distributed Power Electronics","Technology"
"Quantitative Modelling of Bionano Interface","Mathematics"
"Integrating multidisciplinary geoscientific data into forecasting models to monitor and predict coastal change: Proof of concept in Dublin Bay.","Technology"
"Integrating multidisciplinary geoscientific data into forecasting models to monitor and predict coastal change: Proof of concept in Dublin Bay.","Technology"
"Integrating multidisciplinary geoscientific data into forecasting models to monitor and predict coastal change: Proof of concept in Dublin Bay.","Technology"
"Inference of somatic mutation rates from high-throughput sequencing data: models and applications","Technology"
"Industrial supervised learning","Education"
"SFI ERC Support Programme - Dr. John Goold (Trinity College Dublin)","Policy"
"To enhance the capability and reliability of pressure sensors used in harsh environment applications","Technology"
"Lean Engineering of Next Generation Cell Imaging Microscopes: Soft X-ray Optical Feedback Stabilising Sub 5 µm Sources","Physics"
"Understanding Thermal Interfacial Resistance using Time Domain ThermoReflectance","Technology"
"CURAM","Others"
"Irish Society for Immunology 2018 meeting","Biology"
"14th William Rowan Hamilton Geometry and Topology Workshop","Mathematics"
"Quark Confinement and the Hadron Spectrum","Others"
"10th International Conference on Biological Invasions: New Directions in Invasion Biology","Biology"
"10th European Palaeobotany & Palynology Conference","Education"
"EPE Senior Exec","Others"
"IEEE Games Entertainment & Media Conference (GEM 2018)","Education"
"Harnessing the potential of plasma activated liquids for bio-medical applications","Physics"
"Energy Systems Integration Partnership Programme (ESIPP)","Technology"
"Sixth Workshop on Controlled Natural Language (CNL 2018)","Education"
"Women in Mathematics Day, Ireland 2018","Mathematics"
"Civil Engineering Research in Ireland 2018","Engineering"
"Andrew McCarren DCU -  GROW Supplement","Others"
"European Regional Science Association 58th Annual Congress","Others"
"Optimisation of the Downstream Formulation and Processing of Spray Dried Amorphous Solid Dispersion (ASD) Powders","Engineering"
"An Alternative RAN Architecture to Perfect the Connected World","Biology"
"Development of a biocomputing platform to screen bifidobacteria for the food industry","Technology"
"Thermal Control Coatings for Space and Terrestrial Applications","Technology"
"Enhancement of the Skills to Utilise BIM technology to Improve Information Sharing in Building Projects","Technology"
"35th European Peptide Society Symposium  2018","Biology"
"9th Annual Molecular and Computational Biology PhD Symposium","Technology"
"SFI ERC Support Programme - Dr. David Finlay  (Trinity College Dublin)","Policy"
"EPE Senior Exec","Others"
"Development of a method for clinical interpreatation of cancer genomes","Biology"
"Photonics Ireland 2018","Physics"
"12th International Conference on Sensing Technology (ICST 2018)","Technology"
"FMICS/iFM 2018 - 23rd International Conference on Formal Methods for Industrial Critical Systems and the 14th International Conference on integrated Formal Methods from 3rd-7th September 2018 at Maynooth University","Policy"
"21st International Conference on Advances in Materials and Processing Technologies  AMPT 2018","Policy"
"The 8th Baltic Meeting on Microbial Carbohydrates","Biology"
"CURAM - Centre for Research in Medical Devices","Engineering"
"Functional analysis of the host adsorption and DNA injection processes of a lactococcal bacteriophage","Engineering"
"26th Annual Meeting of the European Orthopaedic Research Society (EORS)","Technology"
"All Hazards Forensic Conference","Education"
"8th European Society of Swallowing Disorders (ESSD) Annual Congress, Dublin 2018. Congress theme: ""Dysphagia: Shaping the Future""","Others"
"VistaMilk Centre","Others"
"VistaMilk Centre","Others"
"Food in the future; sustainable crop pollination in a changing world","Others"
"Dynamic soil-structure interaction modelling for the optimisation of offshore wind turbines","Mathematics"
"ADAPT FinTech Spoke","Others"
"A novel cell mechanics modelling framework to simulate cardiac hypertrophy","Technology"
"SFI ERC Support Programme - Fergal O'Brien (RCSI)","Policy"
"The mechanisms that induce dedifferentiation to drive","Others"
"Marina Lynch GROW Supplement","Others"
"Integrating Thermoelectric Materials into Concrete Walls (ThermoConc)","Others"
"25th International Symposium on Hepatitis C Virus and Related Viruses","Policy"
"Dublin Steroid Cancer Conference 2018","Education"
"18th Annual Scientific Meeting of the Irish Pain Society","Others"
"SCAPE 2018: Annual meeting of the Scandinavian Association of Pollination Ecologists","Others"
"microRNA in the pathogenesis and prognosis of neonatal brain injury","Biology"
"Development of an experimental multiscale preclinical model for lipohypertrophy using an in vitro cell scratch assay and an ex vivo intra-tissue perfusion model","Biology"
"Exploration of COValEnt inhibitoRs vIa Tight-binding molecular simulation (COVER IT)","Chemistry"
"Transcoding: A New Approach for Multi-Hop Communications","Technology"
"Additive Manufacturing - Ireland's Ecosystem for Delivering Innovation","Engineering"
"Towards a unifying mechanistic picture of glycation-induced crosslinking of protein","Technology"
"Using Software Defined Networks to unleash the power of Edge Computing for Connected Vehicles","Technology"
"BacTrans  Natural DNA Transfer Systems for Bacterial Starter Cultures","Biology"
"Drone Research and Innovation","Technology"
"Second International Workshop on the Epigenetics of Osteoarthritis","Biology"
"Gut Inflammation ? Discovery and Therapeutic Targeting of the Secretome-Receptome Inflammatory Network in Inflammatory Bowel Disease","Biology"
"Computational modelling of instabilities and turbulence in separated two-phase flows","Technology"
"Personalise Nutrition for the Preterm Infant (PiNPoiNT)","Others"
"SFI ERC Support Programme - ERC Dr Damien Woods (Maynooth University)","Policy"
"BNA2019: The British Neuroscience Association (BNA) Festival of Neuroscience 2019","Biology"
"NOX2 and the chronic pathologies of traumatic brain injury (TBI): Integrating basic and translational research to improve TBI outcomes.","Biology"
"EMERALD: Emerging Materials for Energy Storage and Environmental Research enabled through Atomic Layer Deposition","Physics"
"Polymeric nanoneedle arrays for injecting drugs into cells for localised gene therapy (GeneInject)","Chemistry"
"ECAM Extended Software Development Workshop: Scaling Electronic Structure Applications","Technology"
"The influence of structural design on the environmental and energy performance of non-residential buildings","Engineering"
"Quantum Visualization of Quantum Materials for Quantum Technology","Technology"
"New Horizons for Fault-Tolerant Quantum Computation","Technology"
"Urban ARK: Assessment, Risk management, and Knowledge for coastal flood management in urban areas","Technology"
"Bright Club","Others"
"The Astronomical Midlands: Engaging Rural Communities with I-LOFAR","Others"
"Community Maths Challenge","Others"
"Cell EXPLORERS","Biology"
"Irish Sign Language Glossary Project Phase 2: Environmental Science","Others"
"Engaging Girls in CS - Code Plus","Others"
"Maker Advocacy in Dublin for Everyone (MADE)","Others"
"ReelLIFE SCIENCE Video Competition","Others"
"SOPHia: Science Outreach to Promote Physics to Female Students","Education"
"Science Hub at Learning Hub Limerick","Education"
"Let's talk about STEM: supports for girls' early science engagement","Others"
"STEAM in Youth Work","Others"
"Brigit's Garden Family STEM Trail","Others"
"Science Foundation Ireland at the Big Day Out","Others"
"Mathematics Teaching Practices Toolkit","Mathematics"
"FameLab Ireland 2019","Others"
"Tyndall MakerDojo: Festivals and Workshops","Education"
"Strength in Science","Others"
"Stupid Things","Others"
"Tech Week","Others"
"I'm a Scientist and I'm an Engineer Ireland","Engineering"
"Suite Science","Others"
"SCI:COM","Others"
"Introducing the Science of Problem-solving through Education in Computational Thinking","Technology"
"Young Modellers","Mathematics"
"OurKidsCode: Phase 2 Supporting families continued engagement in computing","Technology"
"Science on Stage","Others"
"The IMT National Integration of Mathematics Outreach","Mathematics"
"Girls in DEIS Schools: Changing Attitudes /Impacting Futures in STEM","Education"
"Shaping Your Future: 3D Printing and Augmented Reality","Others"
"dlr Teen Entrepreneur STEM Camp and TY STEM Day 2019","Others"
"Sligo Engineering Fair","Engineering"
"STEMChAT  Women as catalysts for change in STEM education","Chemistry"
"Planeteers","Others"
"Science Gallery","Others"
"Music and Science: Quavers to Quadratics","Others"
"Motherhood, empowerment, sustainable self-help: addressing gaps in education with science","Education"
"IRELANDS SECRET PAST: UNLOCKING OUR FOSSIL HERITAGE","Others"
"Cork Carnival of Science","Others"
"Curiosity Studio - Ireland's Science Communications Accelerator","Technology"
"Exploring Computer Science and Career Choices in IT","Technology"
"SFI ERC Support Programme - Prof. Aoife McLysaght (Trinity College Dublin)","Policy"
"NanoMi22  a novel technology approach for miR-based therapy delivery into the brain","Technology"
"?-Basket: A pancreatic islet encapsulation system for treatment of type 1 diabetes","Technology"
"Developing bioplastic packaging that improves user convenience using human-centred design engineering processes","Engineering"
"A novel sustainable electric motor using high-grade permanent magnets based on common metallic elements","Others"
"An Artificial Intelligence and Data Analytics System for Minimising Hospital Waiting-lists and Optimising Healthcare Capacity in Ireland","Technology"
"Real?time imaging of nanoscale biological processes via plasmonically enabled nanopixel arrays","Engineering"
"SepTec: Improving Outcomes for Sepsis Patients","Others"
"Designed Environmentally Sustainable Thin-films Utilising Renewable Biopolymers (DESTURB)","Engineering"
"SMARTProbe - real time point of care enhancement of breast cancer diagnosis","Policy"
"Disruptive Customized Design and Production of Freeform Accommodative Intraocular lenses","Engineering"
"Reducing mining industry emissions through spectroscopic sorting of mineral ores","Others"
"A novel Hydrogel to treat and cure Persistent Post-Operative Pain","Others"
"Genetic algorithm aided optimisation of the mechanical structure of orthopaedic implants for revision-free life cycles","Technology"
"A Disruptive, Non?Viral Gene Editing Platform Technology for Treating Genetic Conditions","Technology"
"Ultra Low Noise Digital 3T MRI","Technology"
"A national platform for comprehensive molecular analysis underpinning chemistry, the bioeconomy, and precision oncology research: from molecules to microorganisms and humans.","Chemistry"
"EirOOS Irish Ocean Observing System: A component of the European Ocean Observing System (EOOS)","Technology"
"Next generation flow cytometry and single cell gene analysis","Biology"
"Tyndall 200mm FlexiFab - core (national) infrastructure upgrade","Engineering"
"National Autonomous Technologies Data Platform (NATDaP)","Technology"
"Molecular mechanisms of epileptogenesis and epilepsy-induced cognitive impairments; a dual role for m6A","Chemistry"
"Core-Shell Nanoparticles with Spatially Separated Reference and Probe for Ratiometric Oxygen Concentration and pH In-Cell Sensing","Biology"
"Smart Flow Aids for Efficient Transport of Cohesive Dairy Powder","Others"
"READER LOST IN TRANSLATION - An epi-transcriptomic-based approach for development of high producer Chinese Hamster Cells","Biology"
"Validating promising RIP2 inhibitors as a new therapeutic option in triple negative breast cancer","Biology"
"Environmentally-safe membranes and adsorbents for complex water treatment","Others"
"ImmunoCell: A cell reservoir device for replenishable delivery of natural killer cells for ovarian cancer treatment.","Biology"
"Development of novel small molecule therapeutics targeting the ghrelin receptor to modulate appetite","Chemistry"
"A novel pro-haemostatic agent for the treatment of inherited and acquired bleeding disorders","Others"
"3D cell culture model of neuroblastoma using collagen-based scaffolds for tumour-immune system interactions and therapeutics screening","Biology"
"Development of an angiotensin II type 2 (AT2) receptor specific non-peptidic agonist based on in silico modelling, in vitro approaches, and functional assays","Technology"
"Development of Smart Endovascular Renal Denervation Verification and Efficacy Device","Engineering"
"An integrated genomics and transcriptomics approach to the development of predictors of aerobic fitness and training adaptation for application in the Thoroughbred industry","Biology"
"Therapeutic development of a series of clinically relevant novel radiosensitising agents for cancer","Biology"
"Evaluating the immunometabolic potential of desferrioxamine to augment antibiotic treatment against Mycobacterium tuberculosis","Biology"
"Development of a novel biomarker-based clinical management platform for obesity and associated comorbidities","Technology"
"Supersonic-assisted laser ablation for the deposition of thin coatings at high rates","Physics"
"New yeast strains for production of low-FODMAP baked products","Others"
"Development and Comprehensive Market Analysis of Cyclic AB Substrates as a Safe, Sustainable and Economical Hydrogen Storage Medium","Technology"
"Production of single structural forms of monoclonal antibodies by solid-state chemoenzymatic transformation","Others"
"Spectrally pure high efficiency micro-Light Emitting Diodes (microLEDS) using nanostructured active regions","Physics"
"Investigating the use of IL-36 to reduce oedema and neovascularisation in models of retinal degeneration","Biology"
"A new monoclonal antibody directed against a novel cell surface cancer target: research towards development of a new cancer therapeutic agent.","Biology"
"Sugar Coating Immunity for Enhancement of Biomaterials","Others"
"Inhibition of tumour angiogenesis as a strategy to circumvent acquired resistance to anti-cancer agents in oesophageal cancer: links to the Irish NEO-AEGIS clnicial trial","Policy"
"A Tubular Bioengineered Scaffold that supports Epithelialization and Vascularization for Tracheal Tissue Regeneration (TracheoColl)","Engineering"
"A gene therapy based approach to epilepsy treatment","Biology"
"Polymer Self-Assembly of Hierarchical Surfaces for Enhanced Phase-Change Heat and Mass Transfer","Chemistry"
"Macroalgae: the next generation functional and sustainable aquafeed ingredients through microbial fermentation (Blooms2Feeds+2)","Biology"
"Pre-Clinical Evaluation of Chemotherapeutic Z-DNA Forming Di-Copper(II) Metallodrugs","Biology"
"Photonic Sensor for Brachytherapy Dosimetry","Physics"
"Glaucoma gene therapy: standardization of ocular iPerfusion system for use in outflow measurements in human eyes ex vivo.","Biology"
"Development of Athermal Laser for Deployment in Data Centre WDM Transmission Systems","Physics"
"Bio-functional Coating for Osteointegration and Bone Healing of Titanium Orthopaedic Implants (Bio-COHT)","Others"
"A Nanomaterial Composite Sensor Platform","Technology"
"Technology for Economically Viable Advanced Biofuels from Lignocellulosic Waste","Technology"
"Autonomous lifeguard and search system using computer vision and machine learning techniques to accurately detect people in noisy aquatic environments","Technology"
"Label-free life-science microscope with continuously variable magnification.","Others"
"Neuromonitoring of preterm infants in intensive care (NeuPIC): continuous grading of the electroencephalogram using artificial intelligence","Policy"
"Externally Charged cardiOvascular bioSENSors  ECHO-SENS","Technology"
"SFI/RTE Grant Support Initiative 2019","Policy"
"SSPC","Others"
"Keystone Symposium:  Delivering Therapeutics Across Biological Barriers","Biology"
"MacroCLOCK - Circadian Control of Macrophage Mitochondria: A New Approach in the treatment of Chronic Inflammatory Disease","Biology"
"UV-B and climate change; impacts on plants and vegetation","Others"
"IEEE World Forum on Internet of Things","Technology"
"Design of tactile sensors for robotic and prosthetic grippers inspired by human touch","Engineering"
"Non-Viral Delivery of genetic Cargo on Biomaterial Scaffolds for Bone Regeneration","Biology"
"SFI Fellowship -Business Analyst award","Policy"
"SFI Fellowship - SPM Award","Policy"
"SFI Fellowship - SPM Award","Policy"
"SpeedDemon: Quantum speed limits in thermodynamic processes and coherent control","Engineering"
"THEORETICAL DEVELOPMENT OF NEW CLASS OF PHASE TRANSFERS CATALYSTS: APPLICATIONS IN THE PHARMACEUTICAL INDUSTRY","Chemistry"
"CURAM - Centre for Research in Medical Devices","Engineering"
"BLUESHED; Human marine activities and impacts on housing markets in coastal regions","Others"
"Transcriptional Mechanisms Controling Epithelial Cell Fate Determination during Allergic Esophageal Inflammation in Eosinophilic Esophagitis","Biology"
"SFI Centre for Research Training in Machine Learning","Education"
"SFI Centre for Research Training in Genomics Data Science","Biology"
"SFI Centre for Research Training in Digitally Enhanced Reality","Technology"
"AIMapIT: Remote Asset Detection and Monitoring. An innovative combination of Artificial Intelligence, Image Processing and Stochastic Geometry","Mathematics"
"Design and optimisation software for full-scale wind and tidal turbine blades","Technology"
"ChemoGel  a new treatment approach for pancreatic cancer","Others"
"iBrux  minimally invasive diagnosis and management of bruxism","Others"
"A trilogy of stressors in the NICU: Towards therapy for preterm adversity.","Others"
"Silicon Anodes through Nanostructural Development (SAND)","Technology"
"Thermal scaling: rethinking how temperature drives macro-ecological patterns","Others"
"Functional indicators of iodine status in pregnancy - an outcome-driven, personalised nutrition approach","Others"
"DETECT - DNA Methylation Signatures for Personalising Ulcerative Colitis Treatment","Biology"
"Next Generation Financial Services Technology (FINTECHNEXT)","Technology"
"Atmospheres of alien worlds: exploring Doppler spectroscopy for probing exoplanets atmospheres","Physics"
"Atmospheres of alien worlds: spectroscopy of transiting exoplanets","Physics"
"Mining the Molecular Interplay Between Parasite and Host for Vaccines, Diagnostics and Biotherapeutics Discovery","Biology"
"SFI Centre for Research Training in Foundations of Data Science","Technology"
"SFI Centre for Research Training in Advanced Networks for Sustainable Societies","Technology"
"SFI Centre for Research Training in Artificial Intelligence","Education"
"XXV International Symposium on Bioelectrochemistry and Bioenergetics","Chemistry"
"HMI Workshop and Conference Series","Education"
"Groups in Galway 2019","Others"
"Noisy Intermediate-Scale Quantum Computers","Technology"
"Carbohydrate-based sensing materials as platforms for 3D-printed microfluidic pathogen detection devices with diagnostic and environmental monitoring applications","Technology"
"Targeting co-regulators of the Androgen Receptor as a novel therapeutic approach for prostate and breast cancer","Biology"
"Deterministic photonic cluster states from Pyramidal site-controlled quantum dots for measurement-based quantum computation","Physics"
"Advanced Geochronology of Earth-System Processes (AGE-Pro): Constraining rates and dates of geological processes by novel U-Pb analysis","Engineering"
"Metabolomic approaches in mechanistic toxicology","Others"
"Sustainable biomass supply chain development for the Irish bioeconomy","Technology"
"Targeting underlying disease mechanisms in cancer using targeted protein degraders, a novel class of molecular therapeutic","Biology"
"Flexible Photonic Network Convergence Enabling Future Mobile Communications (COMPhLEX)","Physics"
"Cross-kingdom interactions and bio-communication","Others"
"Organisational Life Cycle Assessment of the agri food industry: methodological development and validation","Technology"
"SFI Fellowship","Others"
"Correlation functions and symmetry","Others"
"SFI Fellowship","Others"
"LERO","Others"
"The Ironome of the Lung and Disease Pathogenesis","Biology"
"20th INQUA (International Union for Quaternary Research ) Congress","Policy"
"International Symposium on Cereal Leaf Blights 2019","Policy"
"Linear Algebra and Matrix Theory Workshop in honour of Professor Tom Laffey's 75th birthday - UCD Science Centre May 23rd & 24th 2019","Mathematics"
"From bench to bedside - targeted and immunotherapies for Blood Cancers","Biology"
"1st Annual Scientific Meeting of One Health European Joint Programme on Food-borne Zoonoses, Antimicrobial Resistance and Emerging Threats","Biology"
"Cellulose-based biosensor scaffolds for advanced tissue engineering","Engineering"
"CD39/HGF Modified CD362+Stromal Cell Therapy for Ischemic Muscle Injury.","Biology"
"Assessment of functionality of immune cells following Solupore®-mediated engineering.","Engineering"
"Precision Imaging of GEO satellites in Space - PIGS in Space","Physics"
"Development of Multiplexed Affinity-MRM Assays for Personalised Healthcare Decisions in Inflammatory Arthritis","Policy"
"SFI Fellowship","Others"
"Advanced Modelling for Power System Analysis and Simulation","Technology"
"Profiling immune signatures predictive of outcome in Staphylococcus aureus infection: Advancing next generation vaccine design","Biology"
"Pharmaceutical and nutraceutical targeting of the farnesoid X receptor for treatment of chroinc intestinal diseases","Biology"
"Fraunhofer Project Centre for Embedded Bioanalytical Systems at DCU","Technology"
"AMBER","Others"
"Confirm Centre for Smart Manufacturing","Engineering"
"APC_Phase 2","Others"
"SSPC_Phase 2","Others"
"IPIC_Phase 2","Others"
"AMBER_Phase 2","Others"
"MAREI_Phase 2","Others"
"Amplitudes 2019","Others"
"Wind Energy Science Conference (WESC)","Education"
"8th International Symposium on Bifurcations and Instabilities in Fluid Dynamics","Policy"
"European Conference and Exhibition on Optical Communications","Physics"
"Transfer and implementation of a novel protein panel test for diabetic kidney disease","Biology"
"Materials Development for chip-based electrochemical sensors and energy storage devices","Chemistry"
"Investigate Self-Diagnosing and Self-Configuring Techniques to Predict and Prevent Network Faults","Technology"
"Bioactive Drug Incorporation into 3D Bioprinted Scaffolds for Oncological Application","Technology"
"Developing magnetic sensors technology through materials science methods and advanced characterisation techniques","Technology"
"Porous Glass Materials: Surface Chemistry for Separation Science","Chemistry"
"Mineral exploration under deep cover: Unravelling the structural architecture of the Irish Lower Carboniferous and its basement.","Others"
"Type VII collagen restoration for RDEB using a non-viral non-invasive CRISPR system","Technology"
"Combining the power of Edge Computing and Machine Learning to Enhance Multi-variant Anomaly Detection in IoT","Technology"
"Nanomote","Others"
"APC_Phase 2","Others"
"Epigenetic Mechanisms of Stem Cell Maintenance","Biology"
"Personalise Nutrition for the Preterm Infant (PiNPoiNT)","Others"
"Bilateral BBSRC-SFI: Structure-function relationships in the ciliary transition zone","Others"
"INSIGHT_Phase 2 ","Others"
"EPSRC-SFI: Energy Efficient Communication using Combs (EEMC2)","Others"
"EPSRC-SFI Centre for Doctoral Training in Advanced Characterisation of Materials","Education"
"EPSRC-SFI Centre for Doctoral Training: Atoms-to-Products an Integrated Approach to Sustainable Chemistry","Chemistry"
"EPSRC-SFI Centre for Doctoral Training in Advanced Metallic Systems: Metallurgical Challenges for the Digital Manufacturing Environment","Technology"
"EPSRC-SFI CDT in Photonic Integration and Advanced Data Storage","Physics"
"Thinstent - Development of polylactic acid composites based biodegradable coronary stents with a thin stent strut via 3D printing and braiding technologies","Technology"
"Oscillating water column: From late stage research to early stage commercialisation","Technology"
"Novel photonic devices with customised diffraction patterns for in-line monitoring of nanoproperties of functionalised metallic surfaces and polymer thin films in production environment","Physics"
"Advanced Materials and Processes for the Commercialization of a Novel Implantable Pressure Sensor","Engineering"
"Anti-microbial TiO2-based coatings for 3D printed ceramic and metal substrates","Biology"
"Development of nano-enhanced electrochemical sensors for on-chip applications","Chemistry"
"Investigation of stabilities of key plasma reactive species under different controlled and environmental conditions for food storage (PLACHEM)","Physics"
"EDGE-ASSISTED INTELLIGENT VIDEO DELIVERY SERVICE","Technology"
"SFI Fellowship","Others"
"Food-based biomarkers, diet quality and cardiometabolic health","Biology"
"Midlands Science Festival Year 2","Others"
"South East Science Festival - Year 2","Others"
"SFI Fellowship","Others"
"Sligo Science Festival","Others"
"Medicine Maker Workshop","Education"
"Junior Alphas","Others"
"Festival of Farming and Food-SFI Science Week at Teagasc","Others"
"Science Week at The Ark 2019","Others"
"Cork Science Festival (2019, 2020, 2021)","Others"
"Louth Science Festival 2019","Others"
"Cavan Monaghan Science Festival","Others"
"Ballyhoura Science Day","Others"
"Kerry Science Festival - A Prospective on Climate Change","Others"
"WexSci Wexford Science Festival","Others"
"Medieval Maladies and Medicine","Biology"
"Retina Public Engagement Day 2019","Policy"
"Let's Talk Science Festival 2019","Others"
"Galway Science and Technology Festival","Technology"
"Mayo Science and Technology Festival 2019","Technology"
"Curiosity Accelerator @ Science Week 2019","Others"
"Cool Planet Experience - science week","Others"
"Baking in Space 2019","Others"
"Limerick Festival of Science 2019, 2020 and 2021","Others"
"Kildare Libraries Science Week 2019 Public Events","Policy"
"Tipperary Festival of Science","Others"
"Dr.Osity Body Science Show - Dublin DEIS Schools 2019","Education"
"EUREKA Science & Technology Festival 2019","Technology"
"EPSRC-SFI Centre for Doctoral Training in Engineered Tissues for Discovery, Industry and Medicine","Biology"
"Development of photonic lenses and wire bonding for integrated circuits in optical communications applications","Physics"
"Investigating the next-generation of non-animal derived 2D structural biomaterials","Biology"
"Implementation of small-scale solutions within a newly established process development laboratory for supporting commercial scale Biopharmaceutical manufacturing operations","Engineering"
"Characterising the proteogenome of Circulating Tumour Cells [CTCs]","Biology"
"SFI Fellowship","Others"
"Bioactive Drug Incorporation into 3D Bioprinted Scaffolds for Oncological Application","Technology"
"Investigate Self-Diagnosing and Self-Configuring Techniques to Predict and Prevent Network Faults","Technology"
"Autonomous Transport in Ireland - the countdown begins!","Others"
"Potential of Biohybrid Solar Reactors for CO2 Valorisation (BSR-CO2VAL),","Others"
"Microgeneration Smart Grids  Zero-Emission Networks","Technology"
"Renewable Gas: Prospects, Challenges and Outlook for Vision and Deployment in Ireland","Others"
"Irelands Future Hydrogen Economy","Others"
"IPIC_Phase 2","Others"
"EPSRC-SFI: Solving Spins and Strings","Physics"
"EPSRC-SFI Centre for Doctoral Training in Energy Resilience and the Built Environment","Education"
"EPSRC-SFI Centre for Doctoral Training in Transformative Pharmaceutical Technologies","Education"
"CD39/HGF Modified CD362+Stromal Cell Therapy for Ischemic Muscle Injury","Biology"
"Catalytic Asymmetric Synthesis of Cyclopentanones and Application to the Synthesis of Prostaglandin Pharmaceuticals","Chemistry"
"A novel approach for designing sustainable and smart precast concrete elements","Engineering"
"Characterisation of immunity and inflammatory profiles of different Bacillus probiotic strains in human intestinal epithelial cell lines","Biology"
"The variance of air quality parameters after mechanical interventions of prototype climate control system","Engineering"
"Achieving Nearly Zero Energy Building (NZEB) standards by deep retrofitting existing buildings.","Others"
"Material characterisation and loading analysis for the Ampyx Power airborne wind energy system","Technology"
"Infrared spectroscopy analysis of milk as a low-cost solution to identify efficient and profitable dairy cows","Physics"
"Blended Autonomy Vehicles","Others"
"Precision Oncology Ireland","Others"
"Study of queuosine salvage and function in eukaryotes; a forgotten micronutrient","Technology"
"SFI Fellowship","Others"
"FutureNeuro","Biology"
"SFI Fellowship","Others"
"Mapping the miRNA atlas of CF airway epithelial cells using patient derived gene-edited iPSC","Biology"
"C-MINUS Technology Workshop","Technology"
"Scalable, Privacy-Enhanced Analytics for the Sharing Economy","Others"
"Looking into time- how abiotic stress impacts barley production and malting quality","Others"
"Validation of novel class PERK inhibitors for the treatment of cancer","Others"
"Development of novel sealing methods for high pressure aerospace valve assemblies","Technology"
"Validation of the Clinical Relevance of the OncoMasTR Assay in Prostate Cancer","Biology"
"Identification of a predictive electrophysiological model of cognitive function in amnesic mild cognitive impairment.","Technology"
"Dynamic Atomic Interface Characterisation for Improved Performance of Electrical and Magnetic Devices","Engineering"
"Assessment of mineralization styles in the Thinly Bedded Units at Navan deposit: From textural and chemical evolution to its application as a vectoring tool for exploration of Irish-type Zn-Pb deposits","Chemistry"
"Fats, oils and solids pre-Treatment in a Low-cost Approach for Resource Recovery (FOTLA-RR)","Others"
"SpeedDemon: Quantum speed limits in thermodynamic processes and coherent control","Engineering"
"Engineering deterministic electron correlations and topological states in site - controlled III-V quantum droplets","Engineering"
"Retrofitting small-scale, high-impact, modular innovations for next-generation transmission electron microscopy (short name: RetroTEM)","Biology"
"A Soft Robotics Approach to Reduce the Foreign Body Response to Medical Implants","Biology"
"SFI Fellowship","Others"
"SSPC Phase 2","Others"
"EPSRC-SFI: Emergent Magnetism and Spin Interactions in Metallo-Molecular Interfaces","Chemistry"
"INSIGHT Phase 2","Others"
"FRAILMatics: Mathematical research and big data analytics towards the development of the next generation of transdisciplinary diagnostics for the assessment of physiological vulnerability in older adults: challenge-based disruptive technology initiative","Technology"
"Discovering non-protein-coding vulnerabilities in lung cancer with CRISPR-Cas9","Biology"
"Data analytics and machine learning in Space Science","Technology"
"Metamaterial Quantum Nanophotonics","Physics"
"Flexible Nano-Thermoelectrics for Body Energy Harvesting","Others"
"ADAPT","Others"
"SFI Fellowship","Others"
"SFI Fellowship","Others"
"SFI Fellowship","Others"
"Centralised EPE Support to the SFI Research Centres Programme","Technology"
"Centralised Communications Support to the SFI Research Centres Programme","Technology"
"The role of the respiratory microbiome in licensing pathogenic Th17 cells to access the CNS and mediate inflammatory demyelination","Biology"
"Real?time imaging of nanoscale biological processes via plasmonically enabled nanopixel arrays","Engineering"
"A novel Hydrogel to treat and cure Persistent Post-Operative Pain","Others"
"Efficacy of a next-generation strength exercise training device for older adults","Engineering"
"Ultra-precision Multi-functional Freeform Manufacturing Infrastructure for Innovative Medical Devices and Implants","Engineering"
"National Preclinical Imaging Centre","Policy"
"National Advanced Drug Product Manufacturing Facility which will provide for batch and continuous processing of pharmaceutical powders into finalised drug products.","Engineering"
"Centre for In-Situ Characterisation of Advanced Materials (CISCAM): In-Situ Powder X-ray Diffraction Suite","Others"
"National X-Ray Research Laboratory","Policy"
"Flow Crystallisation for Advanced Pharmaceutical Manufacturing","Engineering"
"Engineers Ireland STEPS Programme - 2020 and 2021","Engineering"
"Voices for Vaccines","Biology"
"Quiet Science - Co-Creating ASD Appropriate STEM Outreach","Others"
"Invisible Light","Others"
"SciFest","Others"
"Rebel Yeast","Others"
"Science Foundation Ireland Science Zone at the Festival Village","Others"
"SOPHia: Science Outreach to Promote Physics to Female Students","Education"
"Investing In The Future - Science Capital Training","Education"
"Engaging Space","Others"
"Space, Surveyors and Students: STEM and Sustainable Development Goals (5*S)","Education"
"South-East STEM Hub and Cluster","Others"
"Citizens' Think-Ins: Engaging Irish Adults in STEM Dialogue and Discussion","Others"
"Im a Scientist Ireland and Im an Engineer Ireland","Engineering"
"Irish Sign Language STEM Glossary Project Phase 3","Others"
"CEIA - EDUCATION TO INDUSTRY","Education"
"Maths4all","Others"
"Curious Young Minds","Others"
"Sensational STEM - Sensory Friendly STEM for ASD Students","Education"
"Scientist-in-Training: spreading science through smartphones","Education"
"ReelLIFE SCIENCE Video Competition","Others"
"STEM Teacher Internship (STInt) Programme","Policy"
"Cell EXPLORERS Escape Room","Biology"
"LET'S FIND OUT SERIES 2","Others"
"Bright Club","Others"
"FameLab Ireland 2020","Others"
"The Science Behind The Circus","Others"
"ELI Community STEM Engagement through coding clubs, workshops and events","Education"
"STEM as Gaeilge agus Cant","Others"
"Pint of Science Ireland 2020 Festival","Others"
"Engineering NorthWest","Engineering"
"Generations of Learning, STEAM Ahead at South Dublin Libraries","Education"
"Advanced Manufacturing: 3D Printing & Teacher Training","Engineering"
"Music and Science: Quavers to Quadratics","Others"
"Starship Earth","Others"
"Little Big Questions.","Others"
"Activating the Energy Citizen on the Dingle Peninsula","Others"
"OurKidsCode: Delivering family creative computing workshops nationally","Technology"
"EIRSAT-1 Hub - Space for Engagement","Others"
"Peigi's Adventures in Science","Others"
"The Lonsdale Project","Others"
"Festival of Curiosity 2020 & 2021 - Inspiring Collaboration/Connecting Dublin","Others"
"VEX Robotics","Others"
"Pair Teaching in Coding for Primary School Teachers","Education"
"YES! (Youth Engineering Solutions)","Engineering"
"Career Mathways","Policy"
"Weave - interwoven culturally responsive computational thinking","Technology"
"EPSRC-SFI: Glycoconjugate tools for sensing endoglycosidase activity: a diagnostic sugar probe for heparinase","Others"
"3D Sensing for A Better World: Real Time Privacy Preserving Predicting Sensing","Technology"
"Artificial Intelligence combined with musculoskeletal models to infer athlete collision force from video","Mathematics"
"SmartAblate: A Disruptive Non-Surgical Treatment for Lung Cancer","Others"
"An A.I. based solution for enabling Custom Patient-Optimized 3D Printed Prosthetic Devices","Engineering"
"AI-4-LIFE: AI for Fetal Wellbeing","Others"
"A Novel Digital Biomarker for Diabetes Diagnosis","Technology"
"Development of an AI-powered risk stratification platform for Preeclampsia","Technology"
"The first Digital Biomarker in Female Reproductive Health  uncloaking Endometriosis and filling the Diagnostic Gap","Technology"
"Tracking Adaptation Progress in Agriculture and Food Security Using an AI-powered Satellite Remote Sensing Platform - TAPAS","Technology"
"Tracking Adaptation Progress in Agriculture and Food Security Using an AI-powered Satellite Remote Sensing Platform - TAPAS","Technology"
"pCCare (palliative Community Care)  Ethics by Design approach to specialist palliative care decision support and analytics in the community.","Engineering"
"Smart Marketplace for Reuse and Repair of Electrical and Electronic Equipment","Engineering"
"Fair AI:  Preventing Algorithmic Bias in Machine Learning","Technology"
"AI for Anti-Greenwashing","Others"
"AI for Anti-Greenwashing","Others"
"SMILE: Smart Mobility Initiative for Lower Emissions; Transforming mode selection through HMI, Machine Learning, Personalisation, Transport Engineering and Behavioural Science","Engineering"
"National Autonomous Pod Sharing Service (NAPSS) - Autonomous Roving Test Demonstration & Controlled Initial Deployment","Technology"
"Day-time radiative cooling for passive climate control.","Others"
"Day-time radiative cooling for passive climate control","Others"
"Creating a carbon neutral resilient dairy farm","Others"
"Carbon-Impact: Implementing Atmospheric CO2-Capture Technologies","Others"
"ElectroFuels in A Circular Economy (EFACE)","Others"
"C-MINUS: Low energy carbon capture devices to enable on-site carbon capture and net negative carbon technologies","Engineering"
"Closing the circuit - bringing lithium cobalt batteries into the circular economy","Technology"
"Closing the circuit - bringing lithium cobalt batteries into the circular economy","Technology"
"Hybrid Bio-Solar Reactors for wastewater treatment and CO2 recycling","Others"
"Quantification and reduction of the environmental impact of additive manufacturing processes","Engineering"
"A novel sustainable electric motor using high-grade permanent magnets based on common metallic elements","Others"
"Understanding the impact of the bioreactor environment on CHO cell biology and a quality attribute associated with activity of a therapeutic enzyme","Biology"
"Revolutionising Ribosome Profiling","Others"
"Exploring out-of-equilibrium effects and functionalities at hybrid interfaces","Others"
"Seed Black Hole Formation from Environment to Accretion","Others"
"Seed Black Hole Formation from Environment to Accretion","Others"
"MIMIC - MIssing Microbes in Infants born by C-section","Others"
"Targeting the compromised brain endothelial barrier function during cerebral malaria with AT2 receptor agonists","Biology"
"Targeting the compromised brain endothelial barrier function during cerebral malaria with AT2 receptor agonists","Biology"
"Centre to Centre (C2C) International Collaboration on Advanced Photovoltaics: Electrode Manufacturing and Indoor Power","Engineering"
"SFI/RTE Grant support Initiative 2020","Policy"
"Development of UV Crosslinkable Hyperbranched Poly(beta-amino ester) as a New Generation of Tissue Adhesive for Sternum Bonding","Biology"
"SSPC Phase 2","Others"
"Synthesis and Solid-State Pharmaceutical Centre (SSPC)_Phase 2","Chemistry"
"SFI Fellowship","Others"
"Cold Plasma decontamination of Cereal Grains (PlasmaGrain)","Physics"
"EnvironSafe: Cold Plasma Innovations for Food Safety and Sustainability","Physics"
"MicroRNA control of Mucosal Inflammation","Biology"
"Development of robust, scalable and compatible electrode surface modification strategies for highly integrated electrochemical liquid sensors","Chemistry"
"Development of high-throughput bioassays for the detection of host cell by-products during biotherapeutic production","Biology"
"Development of Continuous Biocatalysed Processes - Continuous Biocatalysed Chemicals (CATCH)","Engineering"
"Design, Synthesis, and Development of CarbohydrateBased Vaccines, Therapeutics, Diagnostics, and Medical Devices","Biology"
"SFI Fellowship","Others"
"APC Phase 2","Others"
"SFI ERC Support Programme  Lorraine Brennan","Policy"
"Athermal semiconductor lasers for applications in information and communications technologies","Physics"
"Energy Systems Integration Partnership Programme (ESIPP)","Technology"
"ADAPT","Others"
"SFI ERC Support Programme  Madeline Lowery","Policy"
"Between the Sheets - Atomic and Molecular Intercalation in Two Dimensional Layered Materials from First Principles","Chemistry"
"Discovery to clinical utility of rare mutations by whole genome sequencing in neurodevelopmental disorders","Biology"
"Beyond biofuel: Advanced seaweed cultivation for marine biodiscovery and climate change mitigation","Others"
"Developing information sharing networks in Irish fisheries as a tool to avoid unwanted catches","Technology"
"Precision Imaging of GEO satellites in Space - PIGS in Space","Physics"
"Wireless Physical Layer Cryptography for Post-Quantum Internet of Things using Antenna-Channel Interaction","Technology"
"Processes and mechanisms controlling carbon sequestration and storage in blue carbon habitats; advancing Irelands capacity to mitigate and adapt to climate change (BlueCarbon)","Engineering"
"Development of a Digital Twin-Based Safety System for Smart Manufacturing Applications","Technology"
"Next Generation Patient Pathways Enabled through Structured Remote Management of Heart Failure using Novel Implantable Pressure Sensors and Advanced Analytics","Biology"
"Materials enhancement and  tip development to achieve high performance RF MEMS switch","Technology"
"SmartBridge: Continuous Monitoring of Bridges in Operational Condition","Others"
"An Intent-Driven Network-based Multipath-TCP Framework (IDNMTF) Over 5G Heterogeneous Network","Technology"
"CURAM","Others"
"Atomistic theory and simulations for emerging THz spintronic devices","Mathematics"
"Connecting Continents: The Role of Global Transnational Grids in Mitigating Climate Change","Policy"
"HoloWave - New Approaches to Wavefront Sensing, based on Modal and Zonal methods, using Novel Holographic Devices","Engineering"
"Haptic Robotic System for Rehabilitation with Modular Design, Tiltle in Spanish: Sistema robotizado HAptico para REhabilitacion con diseño Modular (SHAREM)","Engineering"
"Development of Organocatalytic Procedures for the Preparation of Halogenated Ketones","Technology"
"Develop adhesive biodegradable scaffolds of hyaluronic acid to aid arterial wound closure in high-pressure systems","Technology"
"EPMD: Enabling next generation integrated optoelectronics with free-form metamaterials based on graphene","Biology"
"Treating Primary aldosteronism-induced hypertension via microwave ablation","Others"
"What dictates the extent of evidence accumulation in human decision making?","Technology"
"Space Academy","Others"
"DubliNets: Distributed laboratory and outdoor testbed infrastructure for research on future end-to-end networks and services for 5G and beyond","Technology"
"Super-Resolution Imaging Consortium (SRIC)","Physics"
"Closed-Loop Smart Photosynthesis Platform for Low Carbon-Footprint Edible Protein Supply (SustProt Platform)","Technology"
"SFI Fellowship","Others"
"Investigating Bacteria-Host Adhesion Mechanisms through Glycosylated 3-Dimensional Organic Film (Glyco-BastaMeD)","Biology"
"Hybrid Bio-Solar Reactors for wastewater treatment and CO2 recycling","Others"
"ECOSil - Economical and Ecofriendly manufacture of nanoporous Silica","Engineering"
"Increasing nutrient removal performance in Membrane Aerated Bio-film Reactor (MABR) for the treatment of municipal wastewater","Others"
"Plasma-based therapies for bone infection","Physics"
"CONSUS: Crop Optimisation through Sensing, Understanding & Visualisation","Technology"
"SFI Fellowship","Others"
"INSPIRE: Facilitating Non-Invasive Ventilation (NIV) during the COVID19 Crisis.","Others"
"Prognostic indicators of critically ill patients with COVID-19: Impact on early immunology and survival","Biology"
"Critical Reagent Production Addressing Supply Chain Risk for COVID-19 Diagnostics","Chemistry"
"Data Platform for Emergency Response Management (DPERM)","Technology"
"Irish Coronavirus Sequencing Consortium","Biology"
"Rapid ELISA test for SARS-CoV-2 (coronavirus) disease detection and surveillance","Biology"
"SARS-CoV-2 Serological Test Development","Technology"
"Discovering and Exploiting novel regulatory pathways in inflammation for therapeutic advantage","Biology"
"BacTrans  Natural DNA Transfer Systems for Bacterial Starter Cultures","Biology"
"Orbitron: Spin, charge and light polarisation control and characterisation of CMOS compatible light sources - Leaner Future Networks","Technology"
"A framework for efficient and scalable High Performance Big Data Risk Analytics (HP-Analytics)","Technology"
"Design and optimisation of highly efficient wind turbine blades for retrofitting existing Irish wind farms","Engineering"
"Development of new adaptive strategies for closed-loop deep brain stimulators","Biology"
"Development and testing of novel sandwich panel structure suitable for use in the next generation wind and tidal energy device.","Engineering"
"Mycopep: A novel effective peptide treatment for Mycoplasma bovis","Physics"
"COVID-19 Rapid Response Digital Manufacturing & Innovation Hub","Technology"
"Implementing LEANBH Ambulatory Integrated Blood Pressure Monitoring in Maternity Services","Technology"
"Computational tools for medium-term impact and recovery forecasting from COVID-19","Technology"
"Pre-validation and expansion of COVID-19 rRT-PCR diagnostic testing","Others"
"SFI Fellowship","Others"
"Rapid Advanced Production Responses to Frozen Supply Chains in Hospitals (RAPID)","Others"
"COVID-19: (Space Time) Scanning, Mobility and Intervention Diagnosis (CO/SMID)","Policy"
"COVIGILANT: Optimizing Digital Contact Tracing from End-User/Current Practice/Idealized-Solution perspectives.","Technology"
"SARS-CoV-2 surveillance of sewage and sewage impacted waterbodies","Others"
"SFI Fellowship","Others"
"Food in the future; sustainable crop pollination in a changing world","Others"
"INSIGHT-Phase 2","Others"
"Identifying Protective Immunity in Frontline Healthcare Staff During the COVID-19 Pandemic","Policy"
"Preventing Healthcare Staff Facial Pressure Ulcers in a Covid-19 ICU","Policy"
"Detection of COVID-19 infection using exhaled breath condensate","Biology"
"The Bovine Epigenome and Susceptibility to Mycobacterial Disease","Biology"
"Midlands Science Festival","Others"
"South East Science Festival","Others"
"Investigating a Viral Immune Evasion Mechanism of SARS-CoV-2: Towards a Cure for COVID-19","Biology"
"Investigations of the homeo-dynamic status of heterogeneous subpopulations of normal human cutaneous melanocytes: a paradigm for understanding melanoma-genesis","Technology"
"Sligo Science Festival","Others"
"Festival of Farming and Food-SFI Science Week at Teagasc Yr 2","Others"
"Cork Science Festival (2019, 2020, 2021)","Others"
"Cavan Monaghan Science Festival Yr 2","Others"
"Galway Science and Technology Festival","Technology"
"Limerick Festival of Science 2019, 2020 and 2021","Others"
"Tipperary Festival of Science","Others"
"Mayo Science and Technology Festival 2020","Technology"
"Science Connects","Others"
"Wexford Science Festival","Others"
"""Industry 4.0 Experience"" Launch Events","Others"
"Tech Scéal","Others"
"Gulp!","Others"
"Kilkenny Science Festival","Others"
"Kerry Science Festival  Our 2020 Vision","Others"
"Let's Talk Science Festival 2020","Others"
"Louth Science Festival 2020","Others"
"Ballyhoura Science Day","Others"
"Emerging Technologies for a Sustainable Future","Others"
"Baking in Space 2020","Others"
"Science Week at The Ark 2020","Others"
"Invisible Spectrum: Engaging minority communities in science & cancer research","Technology"
"Curiosity Accelerator @ Science Week 2020","Others"
"Aistear Spáis","Others"
"BIAS: Inequality in Womens Health and Research","Biology"
"Cool Planet Experience","Others"
"AMBER","Others"
"COVIDBIOME; Microbiome-based biomarkers of COVID 19 disease outcomes","Biology"
"Home monitoring of respiration in COVID-19 patients using smartphone technology","Technology"
"Blocking SARS-CoVid2 infection by inhibiting the TMPRSS2 protease","Biology"
"Covid-19 coagulopathy and thrombosis: Novel prognostic and therapeutic opportunities: The COCOON study","Biology"
"Identify Diagnostic Biomarkers to Predict and Treat COVID-19 Sepsis","Technology"
"Early detection of secondary waves of Covid?19 infection","Biology"
"AptaGold  A rapid saliva-based COVID-19 screening assay","Others"
"Rapid and adjustable population-scale diagnostics via Next Generation Sequencing(NGS)","Biology"
"Investigating Psychological and Social Effects of Covid-19: A Call for Action","Others"
"Manufacture of novel COVID-19 Laryngoscopes for airway intubation","Engineering"
"PRIVATT - Assessing Irish Attitudes to Privacy in Times of COVID19","Others"
"Next Generation Magnetic Beads for enhanced viral RNA detection and improved COVID19 Testing, Securing Supply, Improving Performance.","Physics"
"Detection and quantification of neutralising antibodies against COVID-19 infection.","Biology"
"SFI Fellowship","Others"
"Protecting Vulnerable Synaptic Networks in Early Alzheimers Disease","Biology"
"Multifunctional single-chain cyclized/knot polymers and their applications for Recessive Dystrophic Epidermolysis Bullosa (RDEB) wound healing","Chemistry"
"Harnessing haploid inducers & cyto-nuclear interactions for enhanced plant growth and heterosis effects for sustainable agriculture (CytoHeterosis).","Physics"
"CHEMPREDICT DL  Segregation of breast cancer patients at low and high risk of recurrence with chemical imaging and deep learning","Technology"
"Enabling Self-Care and Shared Decision Making for People Living with Dementia","Policy"
"Tracking Ultrafast Electron Dynamics in Next Generation EUV Lithography (EUVL) Materials.","Physics"
"RObots to Protect Against COVID (ROPAC)","Others"
"The Health and Economic Impacts of Covid-19 Control Measures","Biology"
"National Roadmap for Facial PPE Sterilization","Policy"
"Analysing blood-brain barrier integrity to inform on protection from CoVID-19 associated encephalopathy.","Biology"
"EPSRC-SFI CDT in Photonic Integration and Advanced Data Storage","Physics"
"Airborne environmental indicators of airborne COVID-19 in hospitals","Others"
"ACE-2 primed human MSCs-derived extracellular vesicles (EVs) to treat critically ill Covid-19 patients.","Biology"
"DreamSpace: Bringing STEAM Education to homes across Ireland","Education"
"A rapid high-throughput CRISPR-Cas13a diagnostic platform for Covid-19 diagnostics","Technology"
"The COVID-19 Irish Citizens Online Forum","Others"
"RCES: Rapid Cues Exploratory Search Using Taxonomies For COVID-19","Others"
"Expanding Care Capacity through Remote Monitoring of COVID-19 patients","Policy"
"An Innovative Digital Acoustic Biomarker for COVID19","Technology"
"Saliva sampling for the detection and diagnosis of COVID-19","Others"
"Covid-19 community wide surveillance via wastewater based epidemiology (WBE)","Others"
"Applying Surface Engineering to PPEs in the Fight against Covid-19","Engineering"
"Quantifying the Effects of Public Health Interventions in Ireland","Policy"
"Novel airborne surveillance of SARS-CoV2 in healthcare and airport environments.","Policy"
"Development of user-friendly scalable manufacturing process for guanidine thiocyanate","Engineering"
"MASK: Making Aerosol Safety Known!","Others"
"RADICal: on-set virtual Reality for Actors portraying DIgital Characters","Technology"
"The role in virulence and drug target potential of the Candida albicans telomeric TLO gene family","Biology"
"Shedding light on advanced microscopy; Supramolecular probes for super-resolution microscopy and  phototheranostics","Chemistry"
"HDAC6i: Understanding and targeting the function of histone deacetylase 6 in triple negative breast cancer.","Technology"
"Biocatalytic Cascades for the Synthesis of Therapeutic Iminosugars from Monosaccharides","Chemistry"
"Mechanically Activated Extracellular Vesicles as a Multi-targeted Therapy to Enhance Bone Regeneration","Engineering"
"Diet, Immune Training and Metabolism","Education"
"INSPIRE DMD: Interventional strategy to protect and increase respiratory efficacy in Duchenne muscular dystrophy","Policy"
"Field effect phase modulation with 2D nanomaterials.","Others"
"Advancing the green transition via novel electrode materials for valorisation processes","Engineering"
"Advancing the green transition via novel electrode materials for valorisation processes","Engineering"
"SEparating Critical metals ThrOugh mineRal crystallization (SEleCTOR)","Others"
"SEparating Critical metals ThrOugh mineRal crystallization (SEleCTOR)","Others"
"SEparating Critical metals ThrOugh mineRal crystallization (SEleCTOR)","Others"
"MultiCategory:  Behavioural and brain correlates of adaptive coding in multisensory object categorisation","Biology"
"Maximum Information-efficiency Scanning Transmission Electron Microscopy","Technology"
"Can we use the metabolic theory of ecology to predict disease outbreaks in a warming world?","Biology"
"Can we use the metabolic theory of ecology to predict disease outbreaks in a warming world?","Biology"
"Pristine Coastal Areas: Harnessing Ulvas Potential for Carbon and Nutrient Removal","Others"
"Investigating Immunomodulation by a Human-Adapted Poxvirus and its Therapeutic potential (IHAPT)","Biology"
"The brain-muscle loop: using physical activity to target age-related neurodegeneration","Biology"
"STRIVE: achieving Sustainable agri-ecosystems ThRough advances In modelling and Visualising the biodiversity and Ecosystem multifunctionality relationship.","Mathematics"
"STRIVE: achieving Sustainable agri-ecosystems ThRough advances In modelling and Visualising the biodiversity and Ecosystem multifunctionality relationship.","Mathematics"
"Optical and Magnetic Integration of Surface Molecules (OptiMISM)","Physics"
"Physically-based modelling of bainitic and martensitic steels for flexible and sustainable power generation and distribution (Process)","Engineering"
"Distributed Ledger Technology  Identifying and Solving Public Service Problems Using the Blockchain","Technology"
"Assessment of the Safety of Probiotic Foods on Sale targeted at vulnerable groups in Ireland","Biology"
"The Economic Cost of Discrimination and the Benefits of Diversity in the Workplace","Others"
"Multi-scale Investigation of Bio-Based Mineral Precipitation in Carbonate Bearing Granular Soils and Construction Related Waste","Technology"
"Safe PPE -tools for improved HCW safety","Others"
"Immune genes, protective immunity and improved vaccine design","Biology"
"Engineered Inhalable Antiviral-Composites for Pulmonary Delivery with Optimal Therapeutic Outcomes","Engineering"
"Measurement inspired laser fabrication of aerosol filter materials.","Physics"
"Antibody-based testing hub for serological assay validation","Others"
"Development of Plastic Packaging and Film Resistant to Covid-19","Technology"
"How immunology can help to address the COVID-19 epidemic in Ireland","Biology"
"BlueBioeconomy","Others"
"APC Phase 2","Others"
"SFI Fellowship","Others"
"Data analytics for signals of emerging food safety risks","Technology"
"COMBAT: (COVID-19 Modelling through agent-BAsed Techniques)","Mathematics"
"Drone Research and Innovation","Technology"
"AMBER Phase 2","Others"
"3D Printed Extracelluar Vesicles for in situ Bone Tissue Regeneration","Biology"
"Molecular mechanisms of epileptogenesis and epilepsy-induced cognitive impairments; a dual role for m6A","Chemistry"
"Optimisation of Single Phase Room Temperature Multiferroic Materials Enabling Next Generation Data Storage","Technology"
"Tailored design of nanoparticulate adjuvants to enhance vaccine induced cellular immunity","Biology"
"Geophysical and Earth Observation Tools for Evaluating the Condition of Slopes (GEOTECS)","Others"
"Geophysical and Earth Observation Tools for Evaluating the Condition of Slopes (GEOTECS)","Others"
"Geophysical and Earth Observation Tools for Evaluating the Condition of Slopes (GEOTECS)","Others"
"Harnessing the potential of biomaterials for improving stem cell-derived brain repair for Parkinsons disease","Biology"
"EBSTAR: Efficient Biotransformation of Underutilised and Waste Food Processing Streams into Alternative and Renewable Products.","Engineering"
"Simulation of Organic Optoelectronic Materials using Many-Body Theory (SOOMAT)","Mathematics"
"Accelerated Microfluidic Thiol-ene Mediated Native Chemical Ligation for Synthesis and Manufacture of Peptide and Protein Therapeutics","Biology"
"Effect of genome diversity on antifungal drug resistance in the human pathogen Candida parapsilosis.","Biology"
"Canonical and non-canonical roles for ATR in maintenance of genomic integrity","Biology"
"Cofactor-dependent functions of Eya1 in sensory neurogenesis","Biology"
"MAME: Managing Agricultural Methane Emissions. Transforming the greenhouse gas footprint and bio-economic value of ruminant agriculture by selective inhibition of methanogenic archaea","Others"
"Model based decision support for newborn brain protection","Biology"
"Next Generation Therapeutics for Chronic Kidney Disease (NGENKID): Metabolic memory and the manipulation of the chromatin landscape for therapeutic reprogramming","Biology"
"Bacterial Microcompartment Engineering : building them up and knocking them down","Engineering"
"Antimicrobial Pegtides","Biology"
"Controlled Nucleation for the Continuous Crystallization of Nanopharmaceuticals","Others"
"Rolling in the deep: unravelling a neural nets capacity for language","Biology"
"Shortcut-Enhanced Quantum Thermodynamics","Physics"
"New Waveforms for Next Generation Wireless Networks (NEW WAVE)","Technology"
"Label-Free Flow Cytometry using Broadband Coherent Anti-Stokes Raman Spectroscopy","Physics"
"The Economic, Social and Ethical Implications of Technological Innovation.","Others"
"Development of a standardised classification scheme for public investment in research","Policy"
"The economic, social and ethical implications of technological innovation","Others"
"An ocean microlab for autonomous dissolved inorganic carbon depth profile measurement","Others"
"Atmospheres of Alien Worlds: Developing Novel Algorithms for Next-Generation Spectroscopy of Transiting Planets","Technology"
"trAnslational Cancer research?On pan-heR?iNhibition (ACORN)","Technology"
"crAssphages  the most abundant viruses in human gut","Biology"
"Exploiting Singlet Fission: An Innovate Design Strategy For Antimicrobial Materials","Biology"
"APC_Phase 2","Others"
"Polymeric nanoneedle arrays for injecting drugs into cells for localised gene therapy (GeneInject)","Chemistry"
"Mechanobiology of Platelet Contractility and Secretion during Thrombosis","Biology"
"Personal Voice Assistant Security and Privacy","Technology"
"xLuminate: Nanoimaging and Spectroscopy Enabling Brilliant Tuneable, Laboratory-scale x-ray Source Technology","Technology"
"Redressing the Impact of Industrialization on Gut Microbiome Composition and Function (Microbe Restore)","Biology"
"Global Cell Manufacturing and Delivery partnership (GCMPD)","Engineering"
"Cardiac Organoid Systems Partnership (COSP)","Technology"
"Social distancing detection in airport surveillance networks","Technology"
"The economic, social and ethical implications of eHealth?innovations in the Irish healthcare system","Policy"
"I-Form Advanced Manufacturing Research Centre","Engineering"
"Rich, Repeated and Robust: A Smartphone-Based Approach to Computational Psychiatry","Technology"
"Targeting membrane transporters to increase antibiotic susceptibility in bacterial pathogens","Biology"
"Epi-Genomic and Epi-Transcriptomic Aberrations in Breast Cancer Brain Metastasis","Biology"
"RESTORE -  Sialylation as a target to reverse stromal cell mediated immunosuppression in cancer","Biology"
"Modular Release of Dual Acting Antimicrobial Peptides (MORE-AMP)","Biology"
"Exploring miR-21 in the dialogue between the microbiome and immunity to decipher mechanisms of disease","Biology"
"Exploring Itaconate as a Critical Immunometabolite in Inflammation","Biology"
"Cooperative ionic species: a new direction in asymmetric nucleophilic catalysis","Chemistry"
"Targeted control of microglia polarisation after spinal cord injury","Physics"
"Defining the potential of HDAC5 and HDAC9 as novel therapeutic targets for Parkinsons disease.","Biology"
"PRE-CLINICAL DEVELOPMENT OF OXI-MIR INHIBITORS FOR MUSCLE WASTING","Biology"
"The 3Rs: Responsive, Rehabilitative Robotics in Motor Relearning of Functional Standing and Walking after Stroke","Education"
"Deciphering the role of ubiquitination in regulating the productivity of biotherapeutics from recombinant Chinese hamster ovary cell lines.","Biology"
"Building on EIRSAT-1: Nanosatellites as a Disruptive Technology Platform for Innovation and Research in the Global Space Sector","Technology"
"LongHealth: The Molecular Basis and Regulation of Longer Healthspan in Mammals","Policy"
"Mechanisms underpinning the interplay between chronic neuroinflammation and exercise on cognitive function during middle age","Biology"
"An integrative approach to understand the impact of the skeletal muscle epigenome on economically important traits in the Thoroughbred horse","Biology"
"Cell Assembled Tissue Engineered Remedies for Enhanced Regeneration (CATERER)","Biology"
"Functional data Analysis for Sensor Technologies (FAST)","Technology"
"Measuring the benefits and impact of Irelands Open Data Initiative","Technology"
"VIRCOA-TILDA: Viral and Immune Risk factors for COVID-19 in Older Adults in the TILDA study","Biology"
"DELAY-COVID: Dysregulated innatE immunity in Liver disease Amplifies the severitY of COVID-19","Biology"
"Food Shield: Resilience, growth and digitisation of Food and Feed Supply Systems","Technology"
"Understanding and Preventing COVID-19 Outbreaks in Meat Processing Plants - Prepared for the Future (UPCOM)","Engineering"
"An integrated system for all-island SARS-CoV-2 wastewater surveillance and reporting","Technology"
"ARK Virus: Active Risk Knowledge platform for mindful governance of PPE for Virus infection control and prevention","Biology"
"Multifunctional peptides targeting SARS-CoV-2 coronavirus infection","Biology"
"Antibody effector functions and COVID-19 immune response","Biology"
"DIRECTS: Detecting Innate protection against SARS-CoV2","Others"
"Investigation of the mechanisms of COVID-19 associated neurological disease","Biology"
"Technology Assisted Solutions for the Recognition of Objective Physiological Indicators of post-COVID-19 Fatigue (TROPIC Study)","Technology"
"New Approaches to Understanding Blood Vessel Dysfunction in COVID-19 Patients","Technology"
"A new approach for the prevention of SARS-Coronavirus-2 transmission and associated inflammation during COVID-19","Biology"
"RoomReader - supporting teachers in interactions with students for online classes in third level","Education"
"""COVID19 outbreaks in workplace settings: understanding and preventing  super spreading events""","Technology"
"DISECT: Deep Immunophenotyping combined with Spatial profiling and integrated RNA sequencing to Explain the Complex Tissue pathophysiology of COVID-19","Biology"
"Biological profiling in COVID-19 infection to characterise optimal therapeutic approaches","Biology"
"Residential long term care and COVID-19: the role of the built environment in balancing infection control and quality of life","Policy"
"InflaTMP: Design of a novel combination anti-inflammatory and anti-viral biotherapeutic for COVID-19 targeting the NLRP3 inflammasome and TMPRSS2","Engineering"
"COVID-19 and the environment.  Plasma-enabled fogging for safe and effective surface decontamination","Physics"
"Markers of adipose tissue and systemic inflammation in obese and non-obese patients with COVID-19","Biology"
"Accelerating COVID-19 antiviral treatments with novel strategies targeting the virus-host interface","Biology"
"COVREs: Understanding the Host-Virus Response in Patients with Mild versus Serious Disease","Biology"
"Antiviral fabrics for masks and gowns (Anti-Fab)","Others"
"Non-Equilibrium Steady-States of Quantum many-body systems: uncovering universality and thermodynamics (QuamNESS)","Physics"
"INSIGHT_Phase 2","Others"
"Biotransformation and Culture Process Innovation Platform","Technology"
"Next Generation Spectral Imaging Platform","Technology"
"Next generation single cell analysis platform combining high throughput super-resolution imaging, laser capture and robotic preparation for single cell sequencing (LSM-LCM-Robo)","Physics"
"CÚRAM_Phase 2","Others"
"CONNECT_Phase 2","Others"
"iCRAG_Phase 2","Others"
"Centralised EPE Support to the SFI Research Centres Programme","Technology"
"Centralised Communications Support to the SFI Research Centres Programme","Technology"
"Lero_Phase 2","Others"
"ADAPT_Phase 2","Others"
"Uncovering the neural architecture underlying decisions abstracted from movements","Biology"
"Uncovering the neural architecture underlying decisions abstracted from movements","Biology"
"Social Circumstances and Epigenomics: Promoting Health in Three Countries","Biology"
"Social Circumstances and Epigenomics: Promoting Health in Three Countries","Biology"
"Molecular Magnetoelectric Materials","Chemistry"
"STEM and Sustainability National Education Programme","Policy"
"STEAM in Youth Work","Others"
"STEM Workshop Programme","Education"
"Appetite for Knowledge","Others"
"Our World","Others"
"Curiosity Accelerator 2021 & 2022: Prototyping Excellence & Scaling Impact","Biology"
"Futurewize","Others"
"Ensuring equity of access to a STEM placement programme","Policy"
"Reimagining the Future - One Health, COVID and Us  (REFOHCUS)","Biology"
"Educational platform for Irish beekeepers (EDIBEE)","Technology"
"ReelLIFE SCIENCE Video Competition","Others"
"Eco Showboat Expedition 2021","Others"
"Igniting Curiosity in STEM: IET FIRST LEGO League","Others"
"Cyber Academy","Others"
"Manufacturing in the classroom: I-Forms 3D printing for teachers programme","Engineering"
"Girls Coding - CodePlus","Others"
"CoCoA: Co-create Collaborate Activate - Advancing Computational Thinking Education","Technology"
"Cell EXPLORERS","Biology"
"FameLab Ireland 2021","Others"
"Dingle Peninsula 2030 - A Model Enabling Community-led Climate Action","Mathematics"
"Teen-Turn","Others"
"Digital Well-being and teenage social media engagement","Technology"
"STEM-Passport for Inclusion (STEMP.inc)","Others"
"Miasmatists: Data Science, Epidemics and Public Health","Technology"
"Science Communities - engaging, informing and consulting for change.","Others"
"NatureWatch: Exploring the Benefits of Nature to Wellbeing using Technology","Technology"
"Science Hub at Learning Hub Limerick","Education"
"Visioneers  A Smart Cities Education Programme","Education"
"Ireland's secret past - unlocking our fossil heritage","Others"
"Tree Explorers","Others"
"Irish Sign Language STEM Glossary Project - National Expansion","Policy"
"Lifetime Lab - Primary STEM Outreach","Physics"
"DALIDA: DAta LIteracy Discussion workshops for Adults","Technology"
"Maths Week Ireland","Others"
"Physics in Action","Physics"
"AI_InMyLife: AI, Ethics & Privacy Transition Year Workshops","Education"
"Music and Science: Quavers to Quadratics","Others"
"Little Big Questions","Others"
"Human Lab at Electric Picnic 2021","Others"
"Epilepsy in English Workshops","Education"
"Science Waves","Others"
"Exploring Digital Citizenship","Technology"
"StrongWomen Science circus science show tour in Mayo rural+island communities","Others"
"Redefining STEM: Science of Traveller Ethnicity and Microbiome","Biology"
"21st Century STEAM for Youthreach","Others"
"ELI Community Blended STEM Family Learning and Coding Project","Education"
"Science 4 Sight Loss","Others"
"Im a Scientist and Im an Engineer Ireland","Engineering"
"STEM Engagement Using Poetry: Through the Lens of  One Welfare","Others"
"EPSRC-SFI: SpheryStream","Others"
"Next Generation Energy Autonomous Textile Fabrics based on Triboelectric Nanogenerators (NextGenT-TENG)","Biology"
"Disruptive technologies to valorise food WAste into VAlue added commodities (WAVA)","Others"
"Eye-Q - An Intelligent optical freshness profiler","Physics"
"SOLARBIOME: A novel food product harnessing the Mediterranean Diet to promote healthy aging by maintaining the gut microbiome","Biology"
"Blue Stream - Transforming fish blood into a biopolymer composite to replace plastic","Chemistry"
"Evaluating quality and shelf life of silicon enriched fresh salad leaves using alternative plastic packaging solutions","Biology"
"Recyclable & Re-Processable Epoxy Resin Systems (r2-Epoxy)","Engineering"
"GREEN CLEAN - Supercritical carbon-dioxide technology for recovery and recycling of contaminated plastic waste","Technology"
"Microplastics Free Plastics: Eliminating Microplastic Generation at Source","Biology"
"Controlled synthesis and production of biodegradable Poly (DL-lactic acid) for high value-added microfluidics lab consumables","Chemistry"
"Plastic Raiders","Others"
"Turning Plastic and Food waste to key value added chemicals and Energy (TURNKEY)","Chemistry"
"Removal of Plastic from Food/Beverage Packaging: Alternative Lightweight Glass (EADROM)","Biology"
"Closing the loop on lab plastics","Others"
"Grain-4-Lab: Laboratory-grade bioplastics production from native renewable waste streams: promoting a circular Irish bioeconomy","Others"
"PLastic Waste As a Source of Sustainable Materials for Advanced LithiumSulfur Batteries (PLASMA-LiS)","Physics"
"Terrain-AI","Others"
"Treating Primary aldosteronism-induced hypertension via microwave ablation","Others"
"Plasma-based therapies for bone infection","Physics"
"APC Phase 2","Others"
"I-Form Advanced Manufacturing Research Centre","Engineering"
"Precision Oncology Ireland","Others"
"Responding to climate change and sustainability.","Others"
"The economic, social and ethical implications of technological innovation","Others"
"An Intent-Driven Network-based Multipath-TCP Framework (IDNMTF) Over 5G Heterogeneous Network","Technology"
"Blockchain transactions in the electricity industry: beyond tokenised  energy","Others"
"Transcriptional Mechanisms Controling Epithelial Cell Fate Determination during Allergic Esophageal Inflammation in Eosinophilic Esophagitis","Biology"
"Mining the Molecular Interplay Between Paasite and Host for Vaccines, Diagnostics and Biotherapeutics Discovery","Biology"
"APC Phase 2","Others"
"FutureNeuro","Biology"
"The economic, social and ethical implications of technological innovation: AI and Big Data","Technology"
"INSIGHT Phase 2","Others"
"Delivering Innovative Materials for Medical Devices","Engineering"
"SFI/RTE Grant support Initiative 2021","Policy"
"Gut Inflammation  Discovery and Therapeutic Targeting of the Secretome-Receptome Inflammatory Network in Inflammatory Bowel Disease","Biology"
"Thermoelectric efficiency of IV-VI and V2-VI3 materials driven near phase transitions","Others"
"Harnessing the potential of plasma activated liquids for bio-medical applications","Physics"
"Asymmetric Nebulae of Massive Stars","Others"
"No Spurs After Nonlinear Distortion (NoSAND)","Mathematics"
"Control Co-Design of Heterogeneous Arrays of Wave Energy Converters","Engineering"
"SFI Centre for Research Training in Machine Learning","Education"
"Tailored Production and Utilisation of Sustainable Low Cost Lignocellulosic Advanced Biofuel Blends as Dieseland Petrol Substitutes: SusLABB","Biology"
"Multi-site study to develop a SARS-CoV-2 Infection Surveillance System for Third Level Students and Staff in Republic of Ireland (UniCoV)","Education"
"Multi-site study to develop a SARS-CoV-2 Infection Surveillance System for Third Level Students and Staff in Republic of Ireland (UniCoV)","Education"
"Local Adaption of Bacteria in the Human Gut","Biology"
"Making Memories: Ultra-thin Multiferroics for Disruptive Data Storage Technologies","Technology"
"Functional consequences of obesity-induced adipose tissue inflammation on HDL acceptor capacity and reverse cholesterol transpoty (RCT)","Biology"
"The genomic architecture of human nucleolar organizer regions and its role in nucleolar biology","Biology"
"VistaMilk Centre","Others"
"Staphylococcus aureus induced immunosuppressive memory: consequences for bug and for host","Biology"
"Uncovering the role of ER-shaping proteins in neurodegenerative disease","Biology"
"Primary cilia and cellular senescence","Biology"
"Molecular memory in human AMD1 gene: mechanisms and functions","Chemistry"
"Molecular memory in human AMD1 gene: mechanisms and functions","Chemistry"
"Molecular memory in human AMD1 gene: mechanisms and functions","Chemistry"
"Cell Assembled Tissue Engineered Remedies for Enhanced Regeneration (CATERER)","Biology"
"SolarCool: Improving Solar PV Through Thermal Management","Others"
"SolarCool: Improving Solar PV Through Thermal Management - Pension uplift","Others"
"Farm Zero C: Creating a carbon neutral resilient dairy farm","Others"
"Farm Zero C: Creating a carbon neutral resilient dairy farm  Pension uplift supplement","Others"
"LiCoRICE: Closing the circuit - bringing lithium cobalt batteries into the circular economy","Technology"
"LiCoRICE: Closing the circuit - bringing lithium cobalt batteries into the circular economy - Pension Uplift","Technology"
"Sligo Science Festival","Others"
"Festival of Farming and Food-SFI Science Week at Teagasc","Others"
"Cork Science Festival","Others"
"Cavan Monaghan Science Festival","Others"
"Galway Science and Technology Festival","Technology"
"Limerick Festival of Science","Others"
"Tipperary Festival of Science","Others"
"Wave Breaking in Crossing Seas","Others"
"Midlands Science Festival","Others"
"Building Spaces of Possibility","Others"
"South East Science Festival","Others"
"ED-SMART (Encouraging Dialogue around Smart-Manufacturing through Artistic Representations of Technology)","Technology"
"Louth Science Festival 2021","Others"
"STEAM Silver Science: Brainy-atrics - Never Too Old to Learn","Biology"
"The Improv Lab","Others"
"Bridging the Gap: Kildare Libraries Science Week 2021 Public Events","Policy"
"BIAS: Inequality in Women's Health and Research","Biology"
"South Dublin Libraries Season of Science","Others"
"Science Week 2021 at The Ark","Others"
"Girls in STEM: Changing Mindsets and Impacting Futures","Others"
"Mayo Science and Technology Festival 2021","Technology"
"Nature's Secret Circus - Exploring Achill's Geology through Circus","Others"
"Back for the Future on Tour","Others"
"Science Week Live! A live-streamed daily news/magazine show","Others"
"Power Our Future","Others"
"Ballyhoura Science Week 2021","Others"
"WexSci 2021","Others"
"Kilkenny Science Festival","Others"
"Kerry Science Festival  Beyond 2021","Others"
"Designer Minds - Online STEAM Workshops for Primary Girls","Engineering"
"Curiosity Accelerator @ Science Week 2021: Catalysing Conversation","Others"
"AMBER_Phase 2","Others"
"INSIGHT_Phase 2","Others"
"APC_Phase 2","Others"
"The Ironome of the Lung and Disease Pathogenesis","Biology"
"VIRCOA-TILDA: Viral and Immune Risk factors for COVID-19 in Older Adults in the TILDA study","Biology"
"Empower: Citizens and Organisation to Control, Share, and Extract Value from their Data","Technology"
"Active pharmaceutical ingredients as ionic liquids: significance of protonics and functional profiling for the design of effective medicines (ActiPIILs)","Engineering"
"LERO PhD Scheme","Others"
"New Waveforms for Next Generation Wireless Networks (NEW WAVE)","Technology"
"Epigenetic Mechanisms of Stem Cell Maintenance","Biology"
"CÚRAM_Phase 2","Others"
"Development of an AI-powered risk stratification platform for Preeclampsia","Technology"
"""Tracking Adaptation Progress in Agriculture and Food Security Using an AI-powered Satellite Remote Sensing Platform - TAPAS ""","Technology"
"Confirm Centre for Smart Manufacturing","Engineering"
"Confirm Centre for Smart Manufacturing","Engineering"
"Institutional Strategic Support Fund","Others"
"Institutional Strategic Support Fund","Others"
"Investigating fundamental biological processes underpinning vision, to understand disease and develop therapeutic interventions for blindness.","Biology"
"Digital Models for Next Generation Mitral Prostheses","Technology"
"Epigenetic and microenvironmental regulation of brain metastases","Biology"
"EMMA - Electrospun membranes with micro and nanoscale surface patterns for anti(bio)fouling and antibacterial applications","Biology"
"DNA Amplification and Detection within a Confined Nanospace","Biology"
"Accelerated rational design of cost-effective hybrid materials for water splitting using machine learning","Engineering"
"Apolipoprotein-E genotype influences inflammation in Alzheimer's Disease","Biology"
"Towards novel therapies; Development of a glycoconjugate fungal vaccine targeting Cryptococcus neoformans infections","Biology"
"Pushing the frontiers of next generation nanoelectronics and energy storage by establishing, tailoring and exploiting the functionalities of novel materials: 2-D ferroelectrics and their domains and dynamic 1-D domain walls","Biology"
"Intelligent Data Harvesting for Multi-Scale Building Stock Classification and Energy Performance Prediction","Technology"
"Gravitational turbulence in the era of gravitational waves","Others"
"Loop heat pipe for waste heat recovery in data centres","Technology"
"Engineering plasmonic nanoantennas for nanochemistry and ultrafast electronics","Engineering"
"EYE-D:? Therapeutic target identification for degenerative retinal disease","Biology"
"Lero_Phase 2","Others"
"Multi-scale hyperspectral imaging for enhanced understanding and control of food microbiology (HyperMicroMacro)","Biology"
"Exploring the transient luminosity gap","Others"
"The fate of the most massive stars","Others"
"Integrating multidisciplinary geoscientific data into forecasting models to monitor and predict coastal change: Proof of concept in Dublin Bay","Technology"
"Big Life Fix Series 2","Others"
"Factory in a Box for Personalised Products based on Emulsions [FabPRO]","Others"
"Future-proofing our crops by increasing their resilience to flooding (hypoxia) and pathogens","Mathematics"
"Gene therapy approaches for brain tumour related epilepsy","Biology"
"Understanding and predicting context-specific synthetic lethality in cancer","Technology"
"Coupling neurosciences and artificial intelligence to potentiate pharmacological actions of tibolone over neuroglobin signalling in traumatic brain injury","Biology"
"Continuous Flow Biocatalysis for High Value Products Exploiting Enzyme Cascade Processes","Engineering"
"Identifying novel aspects of immune checkpoint pathways to improve response rates in upper gastrointestinal cancer.","Biology"
"Towards an antiviral drug to treat Covid-19 infections","Biology"
"Investigation of LNX proteins as novel regulators of synaptic function and potential drug targets in neurological disorders.","Biology"
"GlycoShape: A database/toolbox for structural glycomics and glycoanalytics","Technology"
"Novel digital holographic and modelling technologies for unlocking the metal-ceramic co-deposition mechanism during supersonic cold spray","Technology"
"RobuSTests: Robust Software Tests","Technology"
"Unravelling epigenetic systems disruption in cancer","Biology"
"Low-cost, InteGrated Holographic Technology for Specialized, Highly Adapted, Photopolymer beam shaping Elements (LIGHTSHAPE)","Chemistry"
"Photoinitiated Transformations of Peptides and Protein for Biopharmaceutical and Biomaterial Application","Biology"
"THE EVOLUTION OF MELANIN IN VERTEBRATES: USING TAPHONOMY TO DECODE THE HISTORY OF METAL-MELANIN INTERACTIONS AND MELANIN FUNCTION THROUGH DEEP TIME","Others"
"Highly-Versatile RF Front-End Antenna Interfaces for Next Generation Communications","Biology"
"Analytic Understanding of Gut Microenvironment to Enhance New Treatments (AUGMENT)  Rational integration of precision nutrition, microbiome and immune response to optimise immunotherapy in IBD and other inflammatory diseases","Biology"
"Strained Engineered Germanium Quantum-Well Laser on GaAs and Si for Optical Coherence Tomography","Physics"
"Table Top Manufacturing of Tailored Silica for Personalised Medicine [SiPM]","Engineering"
"Ultrasensitive Nitrogen Sensor using Imprinted Polymer Assisted Bacteria for Real-Time Monitoring of Water Quality","Chemistry"
"Human acrocentric chromosomes, nucleolar formation and rDNA genomic stability","Biology"
"SFI Fellowship","Others"
"SFI Fellowship","Others"
"SFI Fellowship","Others"
"Breaking the Obesity-Cancer link; a theranostic role for FKBPL in modulating immunometabolism across disease progression in oesophageal adenocarcinoma","Biology"
"LRRK2 control of membrane trafficking in health and disease","Biology"
"Molecular arms race between a yeast homing genetic element and its genomic target","Biology"
"Induction of Broad Systemic and Mucosal Immune Responses by Non-injected Stable Vaccines","Biology"
"Targeting antimicrobial resistance plasmids to resurrect antimicrobial therapies","Biology"
"Removing the brake; Role of PPAR? on mesenchymal stromal cell therapeutic efficacy in ARDS","Biology"
"Engineering of hierarchical porous structures based on novel 2D nanomaterials: towards the new generation of battery devices beyond Lithium","Engineering"
"Engineering of hierarchical porous structures based on novel 2D nanomaterials: towards the new generation of battery devices beyond Lithium","Engineering"
"Defining the mechanisms through which enhanced clearance contributes to the pathogenesis of the common inherited bleeding disorder Von Willebrand disease.","Biology"
"Massive Array of mm-Wave Transmitters with Digital Pencil Beam Steering for 5G Communications and Radars","Technology"
"Shedding light on cellular function: Combining kinetic, mechanistic modelling approaches with label free microspectroscopic imaging (CYTOMECHSPEC)","Biology"
"RECEPTAR PATH: Removing susceptibility RECEptors in wheat and barley TARgeted by fungal leaf blight PATHogens","Biology"
"Delivering food security from grasslands by understanding the link between root microbial networks and resilient agriculture","Technology"
"Predicting Sea Levels and Sea-Level Extremes for Ireland","Technology"
"Predicting Sea Levels and Sea-Level Extremes for Ireland","Technology"
"Predicting who will respond to stimulant medication in ADHD: A precision medicine approach using neurally informed computational models","Technology"
"Laser Functionalisation of Flexible Polymer-Carbon Composites for Medical Sensing","Physics"
"Chrono-Vac : Harnessing the chronobiology of skin dendritic cells to boost vaccine efficacy","Biology"
"A One Health approach to investigate hepatitis E virus in humans, animals and the environment","Biology"
"CRISPR Prime-XL and HDR-XL to repair cystic fibrosis mutations across an entire exon using a single guide RNA; an essential step towards clinical translation","Biology"
"The sweet tooth of a bacterial virus: Unravelling Phage-Host Attachment and Recognition Modalities (PHARM) in the dairy bacterium Streptococcus thermophilus","Biology"
"Molecular signatures that distinguish RA and PsA pathotypes - impact for disease progression and response.","Chemistry"
"Illumination Diversity for Label-Free super-resolution Biological Multimodal far-field microscopy","Biology"
"Investigating diversity and adaptation in wild honey bees in Ireland","Others"
"Models, Algorithms and Software for Energy-efficient Parallel Computing in Heterogeneous Hybrid Multicore Era","Technology"
"Models, Algorithms and Software for Energy-efficient Parallel Computing in Heterogeneous Hybrid Multicore Era","Technology"
"Inositol trisphosphate signalling in potato blight: a pathway to the elimination of a plant destroyer?","Others"
"Inter-PWOs: Investigation of how chromatin-associated PWOs and their interacting molecules regulate plant development","Chemistry"
"Machine Learning for Wind Farm Aerodynamics and Control (MeLodiC)","Education"
"Machine Learning for Wind Farm Aerodynamics and Control (MeLodiC)","Education"
"Automated and Rapid Fault Diagnosis of Railway Tracks using In-service Train Measurements","Technology"
"AdaptaLox:  Adaptation of bacteria to the low oxygen environment in chronic lung diseases - a target for a single treatment modality.","Biology"
"Noisy Neighbours - the movement ecology of urban gulls","Others"
"Controllable Resistive Switching in Two-dimensional Molybdenum Disulphide via Site-specific Helium Ion Irradiation","Physics"
"Unlocking the mechanisms underlying gut microbial regulation of adult hippocampal neurogenesis: Implications for cognitive and stress-related brain disorders.","Biology"
"The fabrication of conducting 2D layered graphene-like materials and their applications as environmental sensors and as electro-catalysts for electro-Fenton: Improved sensing and removal of emerging pollutants from water","Chemistry"
"Sex matters: Identifying the neurodevelopmental origins of sex differences in depression","Biology"
"Active DNA tiles for programmable nucleation of robust DNA nanostructures","Biology"
"MAIVV: Modular AI Verification and Visualisation","Others"
"Catalytic Wittig CO2 Utilisation Methodology for Sustainable Production of Carboxylic Acids Derivatives","Others"
"Dial-A-Sugar: Model-Predictive Control of biopharmaceutical glycosylation","Technology"
"GLIOTREAT-Novel treatments for Glioblastoma Patients","Others"
"Additive Manufacturing of Bioresorbable Magnesium Implants","Engineering"
"Leveraging chromosomal instability for improved diagnosis and treatment in bevacizumab resistant metastatic colorectal cancer","Others"
"Developing a process-based understanding of platinum group element mineralisation: a natural laboratory in Ireland (Critical-Ireland)","Engineering"
"Developing a process-based understanding of platinum group element mineralisation: a natural laboratory in Ireland (Critical-Ireland)","Engineering"
"ORCHESTRA 6G: Orchestrating Arrays for 6G","Others"
"Patient Data Platform enabling a Definitive Precision Medicine approach to New Drug Development in Neurodegeneration","Technology"
"Ultra-sensitive cavity-enhanced trace gas detection for new atmospheric science and socio-economic impacts","Others"
"Proposal Title :	Mechanics of the Formation and Function of 2D Material Pleats - An Integrated, Multidisciplinary Study","Technology"
"Design of Genetically Engineered Tensile Load-Bearing Soft Tissues Inspired by Embryonic Tendon Development","Engineering"
"Citizens Think-Ins: A Multi-Stakeholder Approach To Community Engagement With STEM","Others"
"Wild Connections: The Flora and Fauna of Ireland","Others"
"Gaelscoileanna STEM Programme","Policy"
"Manufacturing in the classroom: sustainability and the circular economy","Engineering"
"Jellyfish Fantastic: Increasing Ocean Literacy through Creative Design and Participation","Engineering"
"The Science of Us","Others"
"CS_LINC - Bridging the gap to Formal Computer Science Education","Technology"
"CS_LINC - Bridging the gap to Formal Computer Science Education","Technology"
"Visioneers - A Smart Cities Education Programme","Education"
"Science in Action for Infant Learning (SAIL)","Education"
"Catching Stories: Testimony of Infectious Disease in Ireland","Biology"
"Debunking the Myths: The Science Behind Our Sexual Health","Biology"
"ReelLIFE SCIENCE Video Competition","Others"
"Pytch: A Bridge from Block to Text programming","Others"
"Sustainable Space","Others"
"Sustainable Space","Others"
"Samhail","Others"
"Spaces In-Between","Others"
"Spaces In-Between","Others"
"iAdapt: Expanding engagement with adaptation planning through Climate Smart","Others"
"Cyber Skills Careers","Policy"
"RCSI Junior Researcher Programme","Technology"
"Unboxing Manufacturing: STEM for all at Our Ladys Hospital School","Engineering"
"Engaging Families in STEM Programme","Policy"
"Engaging Families in STEM Programme","Policy"
"Science hub at Learning Hub Limerick","Education"
"Tree Explorers 2","Others"
"Little Big Questions","Others"
"Uiscope 2022: Device-Enabled Citizen Science Project on Water Quality","Engineering"
"Happy Maths, fitghing Maths Anxiety with Game-based Learning","Education"
"Dublin Maker - 10th Anniversary","Others"
"Guardians of the Future: Developing Parents* Climate Science Literacy","Others"
"Inspiring children in STEM for the future","Others"
"Data Bytes:a data science programme and showcase for TY students","Technology"
"I'm a STEM engagement event - Ireland","Others"
"STEP Through the Looking Glass: Stories Told of Experimental Processes","Engineering"
"Current Chemistry Investigators (CCI)","Chemistry"
"To Be a Machine (Version 2.0)","Others"
"Fiosracht in the Classroom - The STEMPATHY Journey","Others"
"SCI:COM","Others"
"MY -Sci: Mental health promotion in Youth through Science","Biology"
"Teen-Turn","Others"
"Technology in my Life","Technology"
"Sssh! @ The Library (STEM, STEAM & Space Hub Project)","Others"
"TRY FIVE (Biology, Engineering, Chemistry, Electronics & Microscopy)","Engineering"
"Engineering NorthWest","Engineering"
"AI in My Life: Extending Transition Year Deliberative Workshops Nationally","Policy"
"Maths4All Professional Learning Communities","Education"
"Fernhill Park & Gardens Augmented Reality Project","Others"
"Undergraduate Research Opportunity Programme (UROP)","Technology"
"Muinin Catalyst Sustainable STEAM Future-ready teaching and learning for resilience","Education"
"Muinin Catalyst Sustainable STEAM Future-ready teaching and learning for resilience","Education"
"Supercoiling-driven gene control in synthetic DNA circuits","Biology"
"AltFuel4DF: Portable and Scalable Waste to Synthetic Biofuel Technology Demonstrator to Decarbonise Defence Force Transport","Technology"
"AltFuel4DF: Portable and Scalable Waste to Synthetic Biofuel Technology Demonstrator to Decarbonise Defence Force Transport","Technology"
"Decision Support Systems for Aerial Fire-Fighting","Technology"
"Decision Support Systems for Aerial Fire-Fighting","Technology"
"Machine Learning & Virtual Reality for Sustainable & Effective Pilot Training","Education"
"Machine Learning & Virtual Reality for Sustainable & Effective Pilot Training","Education"
"COPilot AI (Common Operational Picture & AI) - for managing Wildfires","Technology"
"COPilot AI (Common Operational Picture & AI) - for managing Wildfires","Technology"
"Disruptive Sensor-Informed Control Measures to Prevent Water Ingress on P50 and P60 Naval Offshore Patrol Vessels.","Technology"
"Disruptive Sensor-Informed Control Measures to Prevent Water Ingress on P50 and P60 Naval Offshore Patrol Vessels.","Technology"
"MISTRAL:  Automated Persistent Aerial Communication System","Technology"
"MISTRAL: Automated Persistent Aerial Communication System","Technology"
"Robust and Reusable Electrochemical DNA Biosensors for Point of Need Deployment","Chemistry"
"Robust and Reusable Electrochemical DNA Biosensors for Point of Need Deployment","Chemistry"
"Smart Hangar","Others"
"Smart Hangar","Others"
"BIO-SENSE, rapid in-situ detection of multiple biological agents in parallel, for active threats, continuous surveillance and public health monitoring programmes","Biology"
"BIO-SENSE, rapid in-situ detection of multiple biological agents in parallel, for active threats, continuous surveillance and public health monitoring programmes","Biology"
"Light-weight, high efficiency, electric propulsion solution for enabling zero emissions marine transport","Others"
"Light-weight, high efficiency, electric propulsion solution for enabling zero emissions marine transport","Others"
"SightSave, an unconventional and disruptive treatment option for preventing vision loss in low- and middle- income countries","Others"
"Reducing neonatal and maternal mortality by rapid detection of sepsis in resource-limited environments.","Biology"
"Clean-up of diffuse chemical and microbiological pollution by floating wetlands","Biology"
"Using data science to achieve scale and quality in surgical training in East and Southern Africa","Technology"
"BIOTOPE 2 (BIOmarkers TO predict PnEumonia 2)","Technology"
"BACKTRACK: A technology enabled care pathway delivered by community health workers to manage low back pain in Uganda","Technology"
"Good health and well-being for all via a solar-driven, sustainable, water treatment technology.","Technology"
"Fulbright  Science Foundation Ireland US Scholar","Others"
"Surface Finishing of 3-D Printed Implant Devices and Instruments","Engineering"
"Recovery of PEEK recyclate for use in orthopaedics","Others"
"Reflective Spectroscopy Probe","Physics"
"Can the evolution of depth cameras enable holographic interaction?","Others"
"Design and fabrication of a novel highly localised drug delivery device for Photodynamic Therapy","Engineering"
"Deciphering the role of early life microbiota in neuro-glia-vascular development and contributions to neurodevelopmental disorders.","Biology"
"Seismo-acoustic sensing of the changing North Atlantic Ocean and climate","Others"
"Crystal Clear: Standardisation of Eco-Friendly Amino Acid Piezoelectrics","Others"
"CONCEPT  A National Synthetic Biology and Cell Line Development Facility","Biology"
"AUTOPILOT: Automated high-throughput analysis of cellular phenotyping","Biology"
"Tera Lab for 6G Wireless-Photonic Networking","Physics"
"The Development of a Centre of Excellence in Multimodal Microscopy in NUI Galway","Biology"
"Next Generation Nanopharma Process Development Platform (NaPRO)","Technology"
"MICROFERM: Microbial Fermentation Facility for scale-up of sustainable food and industrial fermentations with real-time process monitoring.","Engineering"
"National Soil Greenhouse Gas Test Platform to examine the efficacy of a range of novel fertiliser, bioactives, bio-stimulants, manure, digestate additives.","Technology"
"Dual-magnification 3D X-ray Tomography Imaging System","Technology"
"An End-to-End Test-bed for Power-to-X Processes: Carbon Dioxide to Aviation Fuels","Engineering"
"Lab-to-Fab integration from novel materials to devices using Atomic Layer Processing (Atomic Layer Deposition and Etch) encompassing: modelling; proof of concept model validation; material development and characterisation; wafer-scale device fabrication.","Engineering"
"UCD Conway-CEPHR Advanced Cytometry Unit","Others"
"FutureSEq: Future-proofing the Irish DNA Sequencing Centre at Teagasc","Mathematics"
"HIgh-performance Materials Thermal-mechanical Physical Simulation System for Process-Structure-Property-Performance CharACTerisation in Advanced Manufacturing (IMPPACT)","Engineering"
"UCD Enhanced Containment Level 3 (CL3) Laboratory Suite for Human and Animal Risk Group 3 Biological Agents, a National Resource for Translational Research and Infectious Diseases Preparedness.","Biology"
"National Spatial Tissue Profiling (NaSPro) Platform for Precision Medicine: Integration of Chemical, Brightfield and Fluorescence Imaging of Tissues Combined with Single Cell Molecular Profiling","Biology"
"Multi-Collector Inductively Coupled Plasma Mass-Spectrometer (HR-MC-ICP-MS) with reaction-gas enabled platform","Technology"
"MASTER: Magnetotelluric Acquisition Systems for Terrestrial Earth Research","Technology"
"Nanoscale Chemical Imaging System","Chemistry"
"Sustainable Composites Processing and characterisation Suite (SCoPe)","Engineering"
"The National Rechargeable Battery Fabrication and Test Facility (NRBFT)","Policy"
"The National Rechargeable Battery Fabrication and Test Facility (NRBFT)","Policy"
"Next Generation Energy System (NexSys)","Biology"
"A unified framework for the emulation of classical and quantum networks","Technology"
"SightSave, an unconventional and disruptive treatment option for preventing vision loss in low- and middle- income countries","Others"
"Reducing neonatal and maternal mortality by rapid detection of sepsis in resource-limited environments.","Biology"
"Clean-up of diffuse chemical and microbiological pollution by floating wetlands","Biology"
"Using data science to achieve scale and quality in surgical training in East and Southern Africa","Technology"
"BIOTOPE 2 (BIOmarkers TO predict PnEumonia 2)","Technology"
"BACKTRACK: A technology enabled care pathway delivered by community health workers to manage low back pain in Uganda","Technology"
"Good health and well-being for all via a solar-driven, sustainable, water treatment technology.","Technology"
"The Next-Gen VR-driven Serious Communication & Collaboration Hybrid Infrastructures for Business","Engineering"
"xSymGen: A Symptom Generation Framework for SAIN using xAI","Technology"
"Investigation of High Gain Circularly Polarized Antenna with Wide Beamwidth for Low Power Wide Area Network","Technology"
"Fabrication and Characterization of Silicon based Biointerfaces for Biosensor Application","Technology"
"Mechanical Behavior of Recycled Carbon Fiber Composites Subject to Hygrothermal Exposure","Engineering"
"Adaptation of wave structure interaction modelling to characterise the performance of a novel mooring optimisation device for floating offshore wind","Engineering"
"EIRE - nEonicotinoid Insecticide exposuREs: an environmental and  occupational exposure study of neonicotinoid insecticides","Technology"
"Mechanobiology of Platelet Contractility and Secretion during Thrombosis","Biology"
"SFI Centre for Research Training in Genomics Data Science","Biology"
"Grain-4-Lab: Laboratory-grade bioplastics production from native renewable waste streams: promoting a circular Irish bioeconomy","Others"
"crAssphages  the most abundant viruses in human gut","Biology"
"Multi-site study to develop a SARS-CoV-2 Infection Surveillance System for Third Level Students and Staff in Republic of Ireland (UniCoV)","Education"
"Development and application of process analytical technology (PAT) tools for in-line monitoring of milk powder reconstitution processes","Technology"
"Development of novel analysis technology for rapid detection of infectious particles","Biology"
"Sustainable Additive Manufacturing of Orthopaedic Implants","Engineering"
"in situ Crystallisation and Electron Crystallography of Pharmaceutical Crystals using Liquid Phase Electron Microscopy","Others"
"Decoding the impact of joint micro-environment on monocyte molecular signatures and function: Impact for prediction of disease pathotype and disease outcome.","Technology"
"Energetic particles: from embedded to exposed exoplanets","Others"
"Developing precision medicine strategies to target ASXL1 gain-of-function mutant acute myeloid leukemias.","Biology"
"A complete double copy dictionary and its applications","Technology"
"Synthetic Lipoxin-A4 mimetics: novel therapeutic approaches to target residual inflammatory risk in Atherosclerosis-Associated Diabetes Complications","Biology"
"A novel integrated photo-thermal spectroscopic method for monitoring bacterial growth and assessing antimicrobial effects","Biology"
"Dissection of the epigenetically controlled gene network in aflatoxigenic fungi to improve agricultural productivity and food safety","Technology"
"Using biotelemetry to understand the interactions of elasmobranchs (sharks, skates, and rays) with offshore renewable energy devices","Engineering"
"MOREHIGGS: Measuring Observables to Refine Extensions of the HIGGs Sector","Policy"
"Hybrid Multi-Axial Nonlinear Vibrational Energy Harvesting","Mathematics"
"Herd Health: The pathogen and health consequences of small ruminant domestication and zoonosis","Biology"
"Controls on high-grade stratiform Co mineralisation in the Central African Copperbelt (CRITICAL)","Others"
"Perturbative Analysis of the Two Body Problem in General Relativity in the Small Mass-Ratio Limit","Technology"
"Arbitrary nanoscale shapes self-assembled from a fixed monomer set","Physics"
"Investigating the mediators and mechanisms that govern inflammatory responses on fibroblasts and the impact of fibroblast-macrophage interactions in inflammatory bowel disease","Biology"
"Confirm Centre for Smart Manufacturing","Engineering"
"A Mixed-Methods Examination of Reviewer Recruitment, Assessment Criteria, and Workflow in the Peer Review Process","Engineering"
"STEM Teacher Internship (STInt) Programme","Policy"
"MIMIC - MIssing Microbes in Infants born by C-section","Others"
"Evaluating quality and shelf life of silicon enriched fresh salad leaves using alternative plastic packaging solutions","Biology"
"Recyclabiltiy of metallic Titanium powders for 3D printing of biomedical products","Biology"
"Putting the Bio in Biosensing: Bioassay Development for a Silicon-based Electrical Transduction Platform","Technology"
"Selective Delayering of Low-geometry Materials by Plasma FIB Dx Chemistry for the Failure Analysis of Magnetic Sensors","Physics"
"Understanding the impacts of micro(nano)plastics released from plastic products using spectral imaging","Physics"
"Understanding Mercury in Ireland and Working Towards Net Zero: Developing a Metabolic Inventory of Mercury Added Products and Mercury Containing Wastes in the Built Environment (BE-MAP)","Biology"
"New Horizons for Fault-Tolerant Quantum Computation","Technology"
"A Soft Robotics Approach to Reduce the Foreign Body Response to Medical Implants","Biology"
"Retrofitting small-scale, high-impact, modular innovations for next-generation TEM","Biology"
"Exploring out-of-equilibrium effects and functionalities at hybrid interfaces","Others"
"Loop heat pipe for waste heat recovery in data centres","Technology"
"Making Memories: Ultra-thin Multiferroics for Disruptive Data Storage Technologies","Technology"
"Asymmetric Nebulae of Massive Stars","Others"
"Local Adaption of Bacteria in the Human Gut","Biology"
"Gravitational turbulence in the era of gravitational waves","Others"
"Engineering plasmonic nanoantennas for nanochemistry and ultrafast electronics","Engineering"
"Seed Black Hole Formation from Environment to Accretion","Others"
"Advancing Photonics for Radiotherapy","Physics"
"Symmetries in Solvable Models","Mathematics"
"PPSAD: Plasma Processes for Selective Area Deposition","Engineering"
"Delivering Innovative Materials for Medical Devices","Engineering"
"SSPC_Phase 2","Others"
"Mechanisms of centromere assembly and maintenance in germ cells and impacts on cell fate, fertility and early development.","Biology"
"Cutting Edge Analytical Solutions for Smart, Integrated, Efficient Biopharmaceutical Production","Others"
"Anti-Corrosion Sol-Gel Based Coatings for 3D Printed Ceramic and Metal Substrates","Others"
"BreaSt CancEr ImmuNe EcoSystem-derived T Cell ThErapy (SENSE)","Biology"
"AMBER PhD Recruitment Scheme","Others"
"VistaMilk Centre","Others"
"Green Adsorbents for Clean Energy (GrACE)","Others"
"Sensor Application to Peatland Hydrology in Remote Environments (SAPHIRE)","Technology"
"ROBOCONE: intelligent robotics for next generation ground investigation and design","Engineering"
"Floating Offshore Wind: Site Characterisation Framework (FlOWSiChaF)","Technology"
"Assessment of coastal evolution and vulnerability  along County Wicklow using geospatial techniques","Technology"
"Development of Advanced Coating and Masking Technologies for Bioactive 3D-Printed Implants (MaskBio)","Technology"
"Aeroacoustics Noise Modelling, Measurement and Prediction to standardise HDD-Chassis interactions used in large-scale Date Centres","Technology"
"Preparation of 18F or 19F labelled RNAs via 4-F and 2-F-deoxyribose nucleotides and their precursors","Biology"
"Goal-oriented Chatbots optimisation with Reinforcement Learning","Education"
"End-User Considerations in the Transition to a Green Gas Network","Technology"
"Toward an Eco-Friendly Heat Treatment Process for Steel Wire","Engineering"
"Functional circuit mapping of gut-vagal influence in the brain","Biology"
"Regeneration of articular cartilage through biomaterial-controlled in situ cell reprogramming to recover youthful epigenetic information","Biology"
"Extracellular vesicles in Non-Small-Cell Lung Cancer - Finding allies among the enemies","Biology"
"Probing the evolution of cosmic dust in the iconic supernova SN1987A and extragalactic young stellar objects with the James Webb Space Telescope","Technology"
"InfraRed Laser Sensing for IRish AGRicultural Emissions (IRLS-AGRE)","Physics"
"Ionic Ultramicroporous Polymer Adsorbents for Energy-efficient Purification of Commodity Chemicals","Chemistry"
"Plasmonic Nanomedicine Coupled Biomolecular Fingerprinting of Brain Cancer","Biology"
"A new human-computer interface for assessing neuromuscular-cognitive interactions in decision making","Technology"
"Contemporary evolutionary dynamics of Atlantic salmon and their scope for adaptation to multiple anthropogenic stressors including climate change","Others"
"MultiMAT  Development of Functional 3D printable advanced (bio)inks.","Technology"
"ALTERNATE: Advanced LithiumSulfur Batteries as a Beyond Lithium-Ion Energy Storage Technology","Technology"
"Mobile Air Research Laboratory","Technology"
"Upgrading the Irish Low Frequency Array (I-LOFAR) and founding the LOFAR European Research Infrastructure Consortium (ERIC)","Engineering"
"SFI/RTÉ Grant Support Initiative, 2022","Policy"
"VistaMilk Centre","Others"
"CHARACTERISATION OF HUMAN mRNA DECODING DIVERSITY.","Biology"
"Microplastics Free Plastics: Eliminating Microplastic Generation at Source","Biology"
"SOSEarth: Sustainable Organic Synthesis using Earth Abundant Metals for Critical Pharmaceutical Transformations","Chemistry"
"New approaches to exploit coagulation protease-receptor signalling for therapeutic benefit","Biology"
"ClearWay: Advancing Deep Reinforcement Learning and Swarm Intelligence to Optimize Travel-Time Reliability in Mixed Traffic","Education"
"Boron Containing III-N Alloys for Next Generation Visible and UV Light Emitting Devices","Engineering"
"Effective Integration of Renewable Energy within the Agriculture Sector in Ireland using Artificial Intelligence.","Others"
"Sensory feedback for upper limb prosthetics","Technology"
"Dicke-enhanced single-emitter strong coupling at ambient conditions as a quantum resource (DISCO)","Physics"
"CURAM Phase 2","Others"
"CONNECT_Phase 2","Others"
"Developing precision medicine strategies to target ASXL1 gain-of-function mutant acute myeloid leukemias.","Biology"
"Microplastics Free Plastics: Eliminating Microplastic Generation at Source","Biology"
"Developmentally inspired approaches to cartilage defect healing","Technology"
"OviSeq; from genome to phenome, advancing genetic gain in sheep through genomics","Biology"
"Nano2H2: Nano-electrocatalysts for sustainable hydrogen production from bio-resources","Chemistry"
"Farm-to-Gut: a game-changer project to identify super Irish oats","Others"
"Antiferroelectricity, Ferrielectricity and Ferroelectricity in the Archetypal Antiferroelectric PbZrO3 at Small Scale","Others"
"Structure-property relationships of new polar liquid crystalline phases through synthesis and characterisation using a range of analytical techniques","Chemistry"
"Convergent Quantum REsearchAlliance in Telecommunications (CoQREATE)","Technology"
"Festival of Sport Science 2022: Females in Focus","Others"
"Midlands Science Festival","Others"
"Invisible Spectrum","Others"
"Louth Science Festival 2022","Others"
"Cyber Conversation","Others"
"Sligo Science Festival 2022","Others"
"Back for the Future Escape Room: On Tour","Others"
"Cavan Monaghan Science Festival 2022","Others"
"South East Science Festival","Others"
"BIAS: Inequality in Women's Health and Research","Biology"
"Kilkenny Science Festival","Others"
"Festival of Farming and Food","Others"
"Mayo Science and Technology Festival 2022","Technology"
"Kerry Science Festival 2022","Others"
"STEM at ATU - Donegal","Others"
"Theatre 2.0 - Creative Resillience","Others"
"A Plant Science Festival in the National Botanic Gardens","Policy"
"Ballyhoura Science Week 2022","Others"
"Full STEAM Ahead - Look See What I Can Be","Others"
"Galway Science & Technology Festival","Technology"
"Water-Shaping our Future","Others"
"Shadow Archives: Scientific Cinematography and Imagining new Futures","Others"
"Science Circus by the Sea - day-long festival on Achill","Others"
"Shakespeare in ISL for people and machines","Others"
"Cork Science Festival 2022","Others"
"C'mere til I tell ya Dublin Mini Festival","Others"
"WexSci - Wexford Science Festival","Others"
"The Science of Space Festival","Others"
"Science Week, Live 2022! A TY livestreamed daily news/magazine show","Others"
"Voyage to the heart of the cell 2.0","Biology"
"Limerick Festival of Science 2022","Others"
"APC_Phase 2","Others"
"Ocean flow induced by Internal Wave-Current Interactions (IWCI): from linear to nonlinear, incorporating rotational effects","Physics"
"Role of LINGO1 and BK channels in tremor","Others"
"Dyes with Switchable Intersystem Crossing for Photonics","Physics"
"Re-engineering Porphyrins  From Shape to Function (PORPHYSHAPE)","Engineering"
"Full Atomistic Understanding of Solid-Liquid Interfaces via an Integrated Experiment-Theory Approach","Mathematics"
"SFI Fellowship","Others"
"SFI Fellowship","Others"
"SFI Fellowship","Others"
"SFI Fellowship","Others"
"Thermodynamics of precision in quantum measurement and control","Physics"
"Cortical and Spinal Connectivity of Motor Units as a novel biomarker for Amyotrophic Lateral Sclerosis","Physics"
"Adsorption based biotechnology to integrate methane emission mitigation and valorisation","Technology"
"Probing non equilibrium thermodynamics and dynamics of quantum many-body quantum systems using spectral methods","Physics"
"Finding Integrable Models","Mathematics"
"Gravitational waves from intermediate mass-ratio binaries","Others"
"Chiral 2D nanostructures","Others"
"SFI Fellowship","Others"
"Processes and mechanisms controlling carbon sequestration and storage in blue carbon habitats; advancing Irelands capacity to mitigate and adapt to climate change (BlueCarbon)","Engineering"
"19/US/3599 Supplement","Others"
"20/FFP-P/8901 Supplement","Others"
"Inference of somatic mutation rates from high-throughput sequencing data: models and applications","Technology"
"Developing label free spectroscopic techniques for virology - a novel analytical approach through multidisciplinary partnership (ViroSPEC)","Others"
"GIDAS - GIll Disease in Atlantic Salmon","Biology"
"Plasma PLUS: Discovery of plasma assisted therapies for cancer","Physics"
"Space based applications using PHOtosensitive Recording Materials","Technology"
"Stable chemically modified mRNA vaccines","Chemistry"
"Assessment of coastal evolution and vulnerability along County Wicklow using geospatial techniques.","Technology"
"20/FFP-P/8615 Supplement","Others"
"17/SPR/5329 Supplement","Others"
"EIRE - nEonicotinoid Insecticide exposuREs: an environmental and occupational exposure study of neonicotinoid insecticides","Technology"
"12/RC/2273_P2 Supplement","Others"
"APC_Phase 2","Others"
"Economic wave energy through technical innovation (SeaChange)","Others"
"Gamma-ray Investigation of the Full Transient Sky: A 6U CubeSat for the localisation of gamma-ray bursts in the multi-messenger era","Technology"
"Development and application of traceability tools for Irish shellfish and fish of economic and conservation concern (TRACE-FISH)","Technology"
"Process Control for Extrusion-based 3D-printing of Personalised Medicine (PROCEED 3D)","Engineering"
"Bioprospecting of novel marine terpenoids with broad commercial applications","Technology"
"Nano2H2: Nano-electrocatalysts for sustainable hydrogen production from bio-resources","Chemistry"
"SustAIn: Sustainable, Green and Energy Efficient Artificial Intelligence for Autonomous Systems","Technology"
"Regulatory Compliance Framework for Trustworthy AI Medical Device Software  (Reg-Fr-AIMs)","Technology"
"Nanofabrication and advanced characterisations for GeSn quantum devices","Engineering"
"Attack and defence: defining key bacterial pathogenic strategies to identify targets for therapeutic intervention.","Biology"
"Simultaneous stabilization and wave energy harvesting for a floating offshore wind/wave platform","Technology"
"Characterisation of the function and regulation of GadR, a novel transcriptional regulator of acid resistance in Listeria monocytogenes.","Policy"
"Novel Platinum-Based Mitocans for the Treatment of Resistant Cancers:  Synthesis, Targeted Delivery and Biological Studies","Chemistry"
"Geotechnical big data monitoring and assessment tools for evaluating whole-life performance of underground infrastructure","Technology"
"Cerebrovascular dynamic responses subsequent to high-intensity interval vs moderate-intensity continuous training in men and women with type 2 diabetes.","Education"
"Investigating the past climate influence on the carbon accumulation rates of Irish blanket bogs (PCARB)","Others"
"Individualized mask for infants requiring nasal Continuous Positive Airway Pressure  tailored Mask (tMASK) feasibility study","Technology"
"Dynamic communication networks controlling immunomodulatory enzyme specificity and activity (DyNetIME).","Biology"
"Modelling implicit bias: linking language, the media, and biased attitudes","Mathematics"
"3E-X: Emerging, Enriching and Educating to prepare for the next disease X","Biology"
"PhotoGene: Photoactive Nucleic Acid Probes Towards New Diagnostics and Therapeutics","Biology"
"Geologic Perspectives on Abrupt Climate Change (GeoPAC2):  Strengthening Irelands capacity for projecting future change","Others"
"Geologic Perspectives on Abrupt Climate Change (GeoPAC2): Strengthening Irelands capacity for projecting future change","Others"
"Identifying the mechanism of action of a novel therapeutic target  during the earliest phases of IBD onset in childhood.","Biology"
"Future Forests: Understanding the effect of tree diversity in planted forests under a rapidly changing climate","Technology"
"Heat transfer and dissipation in quantum devices: exploiting strong-coupling to structured baths for enhanced performance","Engineering"
"Molecular analysis of chromatin-regulated gene expression in mycotoxigenic fungi for improved agricultural outputs and food security","Chemistry"
"Functional traits of grass weeds  investigating the processes that determine weediness","Engineering"
"The impact of E-cigarettes on Childhood Health Outcomes (ECHO) study","Biology"
"Raman spectroscopy for monitoring of oral pre-malignant lesions for improved prognosis and management","Physics"
"Mathematical models for wrinkle technology (WrinkleTech)","Mathematics"
"High-Valent Metal-Halide Complexes for Strong CH Bond Activation and Halogenation","Others"
"Neonatal Dietary Interventions to Reduce Enteric Methane Emissions (NeoDREMES)","Policy"
"Predicting cognitive dysfunction and psychosocial disability in schizophrenia using genetic, neuroimaging and environmental data","Technology"
"VitaDevo: Angling for a New Model of Osteoimmunology-Environmental Developmental Genetics of Vitamin D in Atlantic Salmon","Biology"
"Ferrimagnetic switching with topolgical manganese perovskites (FISTMAP).","Physics"
"Small Nitrogen Bicycles: Constrained Molecular Geometry for Aza Bioisosteres, Encouraged Lewis Pairs and Pentavalent, Pentaco-ordinate Nitrogen","Chemistry"
"The computing frontier for quantum field theories","Technology"
"Emission control with dielectric metasurfaces","Others"
"NoCoSMiCC: Non-Coding Somatic Mutations in Colorectal Cancer","Others"
"Investigating Sex differences in innate immune signalling pathways of relevance to COVID-19 and SLE.","Biology"
"The formation of flowers  what determines the specificities of the floral homeotic transcription factors?","Others"
"Targeting mucin-mediated mechanisms to protect the intestinal barrier","Others"
"OsteoLeukins: Osteocytes as an important source of interleukins in skeletal injury and disease","Biology"
"Determining the biotherapeutic potential of missing Lachnospiraceae in inflammatory bowel diseases","Biology"
"Development of Cryogenic Microwave Kinetic Inductance Detectors toward Next-Generation Science Instruments for Astronomy and Beyond","Technology"
"Development of Pt-based PROteolysis TArgeting Chimeras (Pt-PROTACs) as Molecular Probes for Pt-binding proteins and Next Generation Anticancer Agents","Chemistry"
"Responsive plasmonics using biomaterials","Others"
"LOw COst MOnitoring using Spectroscopy for High quality information on Urban Nitrogen dioxide (LOCOMOSHUN)","Technology"
"Environmental Intelligence - Modelling Complex Human-Environment Interactions for Maximising Environmental Health & Equity in Urban Areas","Biology"
"ReHapt: Predictive modelling-based haptic cycling rehabilitation of stroke survivors","Technology"
"BIONIC - Tuning the properties of model and real biomembranes by organic electrolytes. An experimental comprehensive study of elasticity, mechano-elasticity and transport through active and passive channels.","Technology"
"Framework for Performance-aware Differentiated Innovative Services in 5G and Beyond Networks (FRADIS)","Technology"
"MIRSIM: Microplastic InfraRed Structured Illumination Microscope","Others"
"Examining the role of von Willebrand Factor as a potential therapeutic target in triple negative breast cancer","Biology"
"WIREFREE ELECTROCEUTICALS: 3D Electrical and Electrochemical Stimulation of Cells","Chemistry"
"Signal Tracking to unveil Arctic Climate variability","Others"
"Signal Tracking to unveil Arctic Climate variability","Others"
"Electric Shared-mobility Services to Empower Next-generation Transportation for Irelands Ambition to reach a Low-carbon future (ESSENTIAL)","Technology"
"Photosynthetic metabolite exchange (PHOMEX)","Others"
"Flexi-RF: Dynamic RF Test and Characterization Suite for High Performance, Highly-Flexible RF and Microwave Front-Ends and Antennas","Others"
"Replacement of 3T MRI scanner and ancillary equipment","Engineering"
"Leica Multimodal Imaging Platform","Technology"
"A core medium throughput facility with multi-parametric readouts for the assessment of functional alterations in single cells and brain networks in health and disease states","Biology"
"Terahertz Transmission and Characterisation Facility","Others"
"Fast reaction kinetics in NMR Spectroscopy - FaNS","Chemistry"
"High Resolution and Multiscale 3D X-ray Microscopy System for Advanced Computed Micro-Tomography of Foods with Sub-Micrometric Resolution","Technology"
"High Energy, High Resolution Dual Beam X-Ray Micro-Computed Tomography for Advanced Manufacturing Research","Engineering"
"Mixed-Signal Integrated Circuits Electronics for Emerging Applications","Technology"
"Ga2O3: Understanding Growth, Interfaces and Defects to enable next generation Electronics (GUIDE)","Technology"
"AI-EPOCMON: AI-Enabled Point-of-Care Monitoring","Policy"
"Development of a CRISPR-based gene therapy product for epidermolysis bullosa, targeting new mutations in the COL7A1 gene","Technology"
"Towards developing autonomous 6G mobile networks using digital twin architecture","Technology"
"Co-digestion optimisation and biochar utilisation to improve methane content in biogas from food and agro-industrial waste anaerobic digestion","Others"
"INSIGHT_Phase 2","Others"
"OurKidsCode: Establishing and sustaining family creative-coding clubs across Ireland","Others"
"All-Ireland STEM Passport for Inclusion","Others"
"STEM Teacher Internship (STInt) Programme","Policy"
"It's Our Planet","Others"
"Exploring the Sustainable Development Goals through Coding","Technology"
"LightUp Your World Workshop Series","Education"
"CuriosiTY: Broadening participation in a transition year STEM placement programme","Policy"
"Teen-Turn","Others"
"Taiscéalaí - 3D Printing Education for Primary Schools","Education"
"Little Big Questions","Others"
"16/RC/3948 Supplement","Others"
"17/CDA/4708 Supplement","Others"
"SFI Centre for Research Training in Advanced Networks for Sustainable Societies","Technology"
"Identifying the mechanism of action of a novel therapeutic target during the earliest phases of IBD onset in childhood.","Biology"
"The impact of E-cigarettes on Childhood Health Outcomes (ECHO) study","Biology"
"Wearable Dynamic Microsystem Sampler for Collecting Microbial Volatiles (SkinSense)","Biology"
"A functional genomics pipeline for genetic discovery in diabetic kidney disease","Biology"
"A functional genomics pipeline for genetic discovery in diabetic kidney disease","Biology"
"Smart Radio Environments with Reconfigurable Intelligent Surfaces  Communications Through Blockage in Millimeter-Wave Systems (REFLECT-MMWAVE)","Technology"
"LEAP HI: U.S.-Ireland R&D Partnership: Control Co-Design for Ocean Wave Energy Conversion","Engineering"
"OurKidsCode: Establishing and sustaining family creative-coding clubs across Ireland","Others"
"STEM Family Learning Programmes","Education"
"Generation Glas: A network of Young Sustainable Champions","Technology"
"We-Adapt: Expanding adaptation engagement with the climate smart platform","Technology"
"Happy Maths: Reducing Maths Anxiety with Game-based Learning","Education"
"Circular Tales: engaging with the past to inspire the future","Others"
"ReelLIFE SCIENCE Video Competition","Others"
"Yarning Connections","Others"
"Pytch Phase 2: Bridging Blocks to Text in the Curriculum","Education"
"All-Ireland STEM Passport for Inclusion","Others"
"STEM Teacher Internship (STInt) Programme","Policy"
"Immersive Empathy: Using Immersive Technologies to Narrate Community Challenges","Others"
"It's Our Planet","Others"
"5*S: Space, Surveyors and Students - Phase 2","Education"
"Foodscape: Soil Society- Activity Zone","Others"
"Taiscéalaí - 3D Printing Education for Primary Schools","Education"
"Fossils for our FutureIreland's palaeontology participation programme","Policy"
"Igniting Curiosity in STEM: FIRST LEGO League","Others"
"LETS FIND OUT - AUDIO VISUAL STEM CONTENT FOR CHILDREN","Others"
"Teaching Resources for Youth-informed Biodiversity Education (TRYBE)","Education"
"HPV Education powered by STEAM: Exploring peer-to-peer creative critical engagements","Education"
"STEAM in Youth Work 2023 - 2024","Others"
"Exploring the Sustainable Development Goals through Coding","Technology"
"Quavers to Quadratics: Music and Science","Others"
"LightUp Your World Workshop Series","Education"
"CoCoA23: Co-create Collaborate Activate - Advancing Computational Thinking Education","Technology"
"Inspiring the Future Ireland","Others"
"Who Wants to Write an Email: Arts, AI and Self-Expression","Biology"
"Cork Carnival of Science","Others"
"StrongWomen Science Donegal rural + island tour","Others"
"Maths Week Ireland","Others"
"Dublin Maker Festival","Others"
"Green STEAMTech","Others"
"Irish Tree Explorers Network","Technology"
"Full STEAM Ahead! A Partnership Approach to STEAM in Youthreach","Others"
"CuriosiTY: Broadening participation in a transition year STEM placement programme","Policy"
"Irish Sign Language STEM Glossary Project: Signs in Context","Others"
"Technology in my Life II (TimL II)","Technology"
"Little Big Questions","Others"
"Teen-Turn","Others"
"BETA - A festival of critical inquiry in art and technology","Technology"
"HLOOP: Humans-in-the-Loop towards a more effective AI in manufacturing","Engineering"
"An AI-driven automated high-throughput microfluidic-based flow synthesis platform for acceleration of nanomedicine development","Technology"
"Accessible, Easily Deployable Collaborative Robotic System for Manufacturing tasks - Robomate","Engineering"
"Road Phone - Road pavement condition monitoring using smartphone sensing at the community level","Others"
"Towards a Systems-based Digital Platform for Agricultural Land Use Planning, Management Decision and Inventory Reporting (HOLOS-IE)","Technology"
"CERBERUS: Certainty of Evidence Reports for the BiomEtRic data captured by wearable devices that are User-focused and Succinct","Technology"
"Planning for Disruptions: Improving Reliability and Resource Allocation in Public Transport","Policy"
"All-Ireland, AI-enhanced Peatland Monitoring Platform (AI2Peat): Combining Artificial and Human Intelligence to Combat Climate Change at National Scale","Technology"
"Smart Robotic Gripping for Manufacturing, Supply Chain, and Logistics","Engineering"
"Exploring realistic pathways to the decarbonization of buildings in the urban context: a case study of Dublin city","Technology"
"Stroke tele-rehabilitation platform using eXtended Reality (XR)","Technology"
"Artificial intelligence-powered 3D printing - aiPRINT","Others"
"Train as a Sensor for Railway Infrastructure (TRaIn)","Engineering"
"Machine Learning for Predicting Brain Deformation in Concussions using Head Motion","Technology"
"PEStech: Making the Labour Market Visible","Others"
"The development of a Smart Radiofrequency Renal Denervation System for cardiovascular Disease","Biology"
"Platform Urbanism: A new tool for placemaking","Technology"
"Submersible Screw pump as turbines: a low-cost fish friendly solution for micro hydropower pumped energy storage including sea-water (SubScrewHydro)","Others"
"Critical Steps to Decarbonising Aviation for Ireland","Others"
"A National Climate Risk Index for the Built Environment","Policy"
"DRIVE: DiRect contact Immersion cooling of electric VEhicle batteries - a novel approach for improved thermal management and performance","Others"
"FluoroCapture  Upgrading of High GWP Waste Fluorinated Gases","Others"
"Efficient and effective biofiltration of methane generated from on-site wastewater treatment system","Biology"
"Luminescent Solar Photobioreactor for Carbon Capture to Bioenergy (Lumiscarb)","Others"
"Using untapped wind energy to produce green hydrogen using a simpler and sustainable electrolyser design","Engineering"
"Renewable Energy Storage Reactor for Mobile Applications - RESR","Technology"
"Preclinical investigation of immunometabolic mechanisms in a model of traumatic brain injury with pre-existing obesity","Biology"
"A Conformal Framework for Strongly-Interacting Systems","Technology"
"PhD Additional Stipend Allowance 2023","Others"
"PhD Additional Stipend Allowance 2023","Others"
"PhD Additional Stipend Allowance 2023","Others"
"PhD Additional Stipend Allowance 2023","Others"
"PhD Additional Stipend Allowance 2023","Others"
"PhD Additional Stipend Allowance 2023","Others"
"PhD Additional Stipend Allowance 2023","Others"
"PhD Additional Stipend Allowance 2023","Others"
"PhD Additional Stipend Allowance 2023","Others"
"PhD Additional Stipend 2023","Others"
"PhD Additional Stipend Allowance 2023","Others"
"PhD Additional Stipend Allowance 2023","Others"
"PhD Additional Stipend Allowance 2023","Others"
"PhD Additional Stipend Allowance 2023","Others"
"Tipperary Festival of Science","Others"
"SFI Centre for Research Training in Advanced Networks for Sustainable Societies","Technology"
"21/DP/9783 Supplement","Others"
"18/SPP/3522 Supplement","Others"
"PLATYPus project: Preterm infant immunomoduLAtion to Treat sepsis and brain injurY Prevention","Biology"
"PLATYPus project: Preterm infant immunomoduLAtion to Treat sepsis and brain injurY Prevention","Biology"
"Understanding and exploiting dysregulated mitochondrial metabolism and epigenetics for the therapy of MYCN-driven neuroblastoma","Biology"
"Understanding and exploiting dysregulated mitochondrial metabolism and epigenetics for the therapy of MYCN-driven neuroblastoma","Biology"
"Placing Ireland at the centre of a brain imaging revolution with OPM-MEG","Biology"
"Observing materials structure and dynamics at the nm-scale in environmental conditions and under external stimuli by In-Situ Transmission Electron Microscopy (ObSTEM)","Biology"
"JOULIET - Energy for the Internet of everything","Technology"
"21/SPP/3756 Supplement","Others"
"REcycling wastewater Heat in mEAT production/preparation in Zambia: technology and process development, and societal impacts (REHEATZ).","Technology"
"REcycling wastewater Heat in mEAT production/preparation in Zambia: technology and process development, and societal impacts (REHEATZ).","Technology"
"WATER MANAGEMENT THROUGH ECOHYDROLOGY FOR CLIMATE CHANGE ADAPTATION IN DAR-ES-SALAAM, TANZANIA (WECOAdapt)","Others"
"WATER MANAGEMENT THROUGH ECOHYDROLOGY FOR CLIMATE CHANGE ADAPTATION IN DAR-ES-SALAAM, TANZANIA (WECOAdapt)","Others"
"HEAT-ADAPT: Enhancing HEAT ADAPTive capacity in Africas informal settlements with nature-based solutions","Others"
"HEAT-ADAPT: Enhancing HEAT ADAPTive capacity in Africas informal settlements with nature-based solutions","Others"
"Supporting climate-resilient health facilities in Malawi through sustainable access to water using solar disinfection of harvested rainwater: the SURGeWater Project","Biology"
"Supporting climate-resilient health facilities in Malawi through sustainable access to water using solar disinfection of harvested rainwater: the SURGeWater Project","Biology"
"The future of data driven agriculture in Uganda: A design-led approach to building climate resilient futures with marginalised smallholder farmers","Technology"
"The future of data driven agriculture in Uganda: A design-led approach to building climate resilient futures with marginalised smallholder farmers","Technology"
"AI Solutions for Mangrove Blue Carbon in Vietnam","Others"
"AI Solutions for Mangrove Blue Carbon in Vietnam","Others"
"Stereoscopic and multi-source illumination methods for 3D imaging of the human face","Technology"
"VistaMilk Centre","Others"
"SFI Centre for Research Training in Genomics Data Science","Biology"
"Functional indicators of iodine status in pregnancy - an outcome-driven, personalised nutrition approach","Others"
"Canonical and non-canonical roles for ATR in maintenance of genomic integrity","Biology"
"Development of an AI - powered risk stratification platform for Preeclampsia","Technology"
"Identification of Immune-Microbial Interactions that Contribute to Metabolic Reprogramming following SARS-CoV-2 Infection","Biology"
"Pulsed laser annealing of low temperature 2D semiconductors for large area applications in electronics using flexible substrates","Physics"
"COPilot AI (Common Operational Picture & AI) - for managing Wildfires","Technology"
"Extracellular vesicles in Non-Small-Cell Lung Cancer - Finding allies among the enemies","Biology"
"Processing-Driven Nucleation Mediated Control for Manufacturing of Phase-Pure Ferroelectric Hafnia","Engineering"
"ARISE: Assembly and Robotics Innovation in Steel Building Erection","Others"
"CFT and Gravity: Heavy States and Black Holes","Others"
"SFI ERC Support Programme - Katharina Wollenberg Valero","Policy"
"Development of Advanced In-line Blood Monitoring Sensors & Systems for Therapeutic Applications","Biology"
"Gravitational waves from intermediate mass-ratio binaries","Others"
"PhD Additional Stipend 2023","Others"
"AMBER_Phase 2","Others"
"16/RC/3948 Supplement","Others"
"Hybrid advanced therapy medicinal products as next generation tissue engineered therapies for limb salvage in critical limb ischaemia","Engineering"
"20/FFP-P/8728 Supplement","Others"
"MetaSPECS- Metasurfaces and photonic integrated circuits for enhanced photothermal SPECtroScopy","Physics"
"High Efficiency, Novel Nonlinear Wideband, M/NEMS Electromagnetic Vibrational Generators for Powering Internet of Things  MERIT","Technology"
"Green Chemistry Biocatalysis (Genesis)","Chemistry"
"MISTRAL: Automated Persistent Aerial Communication System","Technology"
"Next Generation Energy System (NexSys)","Biology"
"R@ISE: Research at ISE - Immersive Software Engineering","Engineering"
"In-situ Biomethanation for Bioconversion of CO2-to-CH4 using high-rate Anaerobic bioreactor","Others"
"Optimized manufacturing of Adeno-associated virus for gene therapy","Engineering"
"Optimization of slot-die coating process conditions towards the development of active food packaging materials","Engineering"
"Changing the direction of diabetes with integrated, population-level, data-driven decision-making.","Technology"
"20/COV/8487 Supplement","Others"
"19/US/3599 Supplement","Others"
"CONNECT_Phase 2","Others"
"17/SPR/5329 Supplement","Others"
"SFI Centre for Research Training in Foundations of Data  Science","Technology"
"18/CRT/6222 Supplement","Others"
"18/CRT/6222 Supplement","Others"
"18/CRT/6222 Supplement","Others"
"Asymmetric Nebulae of Massive Stars","Others"
"Treating Primary aldosteronism-induced hypertension via microwave ablation","Others"
"Probing the evolution of cosmic dust in the iconic supernova SN1987A and extragalactic young stellar objects with the James Webb Space Telescope","Technology"
"Gravitational turbulence in the era of gravitational waves","Others"
"AQUASORB: Predictive Modelling of Atmospheric Water Sorption","Technology"
"Process optimization and CMC strategy development for siRNA lipid nanoparticles for treatment of polyneuropathy caused by hereditary ATTR (hATTR) amyloidosis","Biology"
"Failure Analysis of Low Geometry Technology with Advanced Scanning Probe Microscopy (FALGAP)","Mathematics"
"Exometeorology: Weather on Worlds Beyond our Own","Others"
"APC_Phase 2","Others"
"AMBER_Phase 2","Others"
"Farm-to-Gut: a game-changer project to identify super Irish oats","Others"
"20/FFP-P/8901 Supplement","Others"
"18/CRT/6222 Supplement","Others"
"REducing Greenhouse gas emissions and ENgaging antibactErial Resistance in Anaerobic Treated Effluents (REGENERATE)","Biology"
"Process Development and Testing of Ultra-Thin Lubricious Coatings for Medical Devices (UltraLube)","Engineering"
"Smart Manufacturing for Predictive Product Quality  (SmartMan)","Technology"
"Cyber Shock  Building Irelands Cyber Resilience against Cyber-Attacks","Others"
"Digital tool technology for smart farming: Improving sustainability and reducing carbon footprint in the Irish horticulture and tillage sector","Technology"
"Digital resilience for SMEs","Technology"
"RECONNECT: Chronic disease: discovery, analysis and predictive modelling","Technology"
"Deep Learning based Transferrable Supply Chain Stress Test","Education"
"UniHealth- Digital technologies to allow real-time diagnosis, detection and reporting of infections on University campus","Biology"
"Resilience to Address Medicines Shortages for Patients (ReAMPS)","Biology"
"CAPABLE  Creating a digitAl Platform to Assess community capability Based resiLiencE","Technology"
"Novel approaches for forecasting multi-hazard hydrological events (StopFloods4.ie)","Others"
"Unleashing the Power of AI and Digital Twins in Emergency Care: A Vision for the Future (ALTER)","Technology"
"ambiCART, a disruptive digital technology to track live cells and monitor their viability in real-time as they are shipped ambiently.","Technology"
"Digital Voting Hub for Sustainable Urban Transport System","Technology"
"Real-time prediction of GREEN electricity generation potential from renewables for optimised GRID management (GREEN-GRID)","Technology"
"National REposItoRy of Decommissioned Wind Turbine BLADEs (EirBLADE)","Policy"
"RENAISSANCE: Wireless Charging and Powering of Spatially Spread IoT Devices using Magnetic Fields","Engineering"
"Smart Materials for Energy Efficient Windows","Others"
"Dynamic, sustainable, glazing technology enabling modulation of solar heat flow, significantly reducing carbon emissions from the built environment","Technology"
"Engineered Organic Carbon-Based Functional Materials for Energy and Water (EMERGE)","Engineering"
"GEOTHERMAL: Sustainable Geothermal Energy as zero-fuel alternative for heat pumping, storage and power generation","Biology"
"Aerodynamic Design and CFD Analysis of Drag Reducing Appendable Devices for Large Ground Vehicles","Engineering"
"BioCarbon  Turning Waste Into Energy Storage","Others"
"Advanced Perovskite Solar Cells for Mass-scale Sustainable Production ( SmarTSolaR)","Biology"
"Enhanced Photocatalytic Electrochemical Cells (PEC) for Green Hydrogen Production: Surfaces to Break the Cost and Production Yield Barriers of PEC","Chemistry"
"Floating Offshore Measurement Platform","Technology"
"RENEW - Renewable Energy through Networking, Education, and building a strong community Will for sustainability","Technology"
"BEHAVior and Impacts on AIR quality: Combining forecasting with co-created, targeted messages to reduce polluting behaviours (BEHAV-I-AIR)","Others"
"Traceless: Developing fully biodegradable tree-supporting products with controlled release of fertilizers and pesticides to avoid microplastic and chemical pollution","Chemistry"
"Biological and chemical aerosol Monitoring and modeling (BOHEMIAN)","Mathematics"
"Unleading Water: Community Science and Environmental Justice for Healthy Irish Homes","Biology"
"RESTART (Rapid bactErial Sensing for a healThy wAter enviRonmenT)","Biology"
"NoHoW-AMR - New OneHealth OneWater Antimicrobial Resistance Solutions","Biology"
"A Sustainable Solution for the Disposal of PFAS-containing Aqueous Film Forming Foams (AFFF)","Others"
"VNiC-Health (Valuing Natural Capital in Communities for Health)","Biology"
"Revolutionizing Water Purification: An Innovative Filtration-based Approach for the Effective Elimination of Per- and Polyfluoroalkyl Substances (PFAS)","Others"
"An INTEgrated stReet tree VALuation-based solution for minimizing the uneven street tree distribution in  Cities (INTERVAL)","Others"
"ART: Assessing Recommendations for Trustworthy AI","Others"
"IDEate - Inclusive DEsign for digital public services","Technology"
"CRAFT-MY-STREET - Capacity building of local government for youth engagement in decision-making through geospatial data and Minecraft","Technology"
"GroSafe: A Technology Enabled Solution for Building Societal Resilience against Grooming","Technology"
"Cyber safety for vulnerable populations","Others"
"Intelligent Pavement Condition Rating System for Cycle routes and Greenways (iPSRS)","Technology"
"Vacancy Map Ireland (VMI): Development of an open geospatial data model for vacancy using proxy datasets, GIS and AI","Technology"
"CODESIGN - Co-creating DEmentia Support for InteGrated care, a Novel platform approach","Technology"
"Domestic Gardens Identification & Modification: A Nature-Based Solution for Flood Risk Mitigation","Others"
"Photovoice+","Others"
"Project Lily: Enhancing Speech and Language Therapy Supports for Children","Others"
"Biophotonics@Tyndall phase 2 - Novel applications and techniques for in vivo optical imaging and spectroscopy","Physics"
"PhD Additional Stipend 2023","Others"
"INSIGHT_Phase 2","Others"
"21/DP/9783 Supplement","Others"
"18/CRT/6223 Supplement","Others"
"APC_Phase 2","Others"
"Krylov subspace methods for non-symmetric PDE problems: a deeper understanding and faster convergence","Technology"
"A stable interface for smart implants in the body","Others"
"Upscaling injectable hydrogel therapeutics: From laboratory to industrialization","Biology"
"Mining the Molecular Interplay Between Parasite and Host for Vaccines, Diagnostics and Biotherapeutics Discovery","Biology"
"Data analytics and machine learning in Space Science","Technology"
"18/CRT/6214 Supplement","Others"
"TAILORED MANUFACTURING FOR SAFE, SUSTAINABLE OFFSHORE WIND TURBINE SUPPORT STRUCTURE MATERIALS (TRANSFORRM)","Engineering"
"Alleviation mechanisms and microbial interactions induced by conductive materials in sulphate-stressed anaerobic digestion ecosystems","Biology"
"Nanolaminates: Synthetic high performance materials (Lasima)","Others"
"PYHIN proteins: emerging central defenders in the human anti-viral innate immune response","Biology"
"The Role of Dynamic Protein-Protein Interaction Changes in Adaptive Drug Resistance","Biology"
"Decellularised extracellular matrix derived scaffolds as orthobiologic implants for musculoskeletal tissue engineering applications","Engineering"
"Fabrication and Development of Thermal Platform for biosensing Applications","Technology"
"Quantum Acoustic Networks with Colour Centres in Atomically Thin Materials (QuANCAT)","Physics"
"POLYCEL (POLYploid C.ELegans): Consequences of whole genome duplication on physiology and genome regulation in a synthetic C. elegans tetraploid.","Biology"
"18/CRT/6183 Supplement","Others"
"18/CRT/6183 Supplement","Others"
"18/CRT/6183 Supplement","Others"
"18/CRT/6183 Supplement","Others"
"The effect of oxidation-reduction potential modulators on the rumen microbiome and methane emissions","Biology"
"The Development of Thermoplastic Strain Sensors Fabricated by Additive Manufacturing Technology for Structural Health Monitoring","Technology"
"The comprehensive characterisation of immunometabolites released from human stromal cells during apoptosis","Biology"
"Heart-Save: Developing a next-generation non-thermal treatment for cardiac arrhythmia","Biology"
"Optimising solute transport dynamics in dairy matrices focused on increasing the sustainability of industrial scale cheese manufacture","Engineering"
"Using cyber-physical network modelling to tackle RAS-driven cancers","Technology"
"GO-AHEAD ""Gastrointestinal Oxytocin is importAnt in HEalth And Disease""","Biology"
"AI prediction of vaping toxicants from pyrolysis chemistry of e-liquids: Potential to avert a future public health crisis.","Technology"
"FungiTech: crop residues as a substrate for producing filamentous mycoprotein","Biology"
"Non-aqueous Generation of Soluble Phosphate Fertiliser from Solid Agricultural Biowaste for Sustainable Agrifood Systems","Biology"
"NanoSA: Using Nanostructures for Sustainable Aquaculture","Others"
"Sustainable Biodegradable Food Packaging System for RTE Products using Unutilised Agri-Food Waste (BioFreshPack)","Technology"
"FRED - Food Resource Efficiency Decision Support","Others"
"A sustainable climate-proof waste-to-protein system for developing feed-grade protein solutions [SC-Protein]","Mathematics"
"RootCheck:  Image-Based Root Health Assessment Tools for Sustainable Agriculture","Biology"
"NUtrienT Recovery from subsurfacE agriCultural drainS  (NUTRECS)","Others"
"Agriculture Fungal Sensing (AGSENSE)","Others"
"Sticky Solutions: The Development and Implementation Sustainable Biostimulant Adhesives for Enhanced Fungicide Delivery to Safeguard Crops","Engineering"
"Agri-Immanence: A generative AI/IoT enabled digital agronomy advisor for sustainability transitions of covered horti-food production systems","Technology"
"DNet4SSoils: A Distributed National Network for evaluation of low-input sustainable crop+soil solutions, using an on-farm automated crop cultivation platform","Technology"
"GEOMETRIC (GEOphysics and Machine learning for Evaluating Transportation Infrastructure Condition)","Education"
"Blockchain-Enabled Digital Building Logbooks for Sustainable Communities","Technology"
"PUreTex: Creating Polyurethane Insulation from Recycled Textiles","Others"
"Sustainable and Healthy InFrastructure by reducing stress during active Travel (SHIFT)","Engineering"
"CONUNDRUM: Co-creating sustainable and shared community mobility","Others"
"Sustainable Shared Spaces: Creating environments where the social and natural worlds intersect.","Others"
"EMBRACE-Mobility:  Equitable Management of Bridges for Resilient Accessible Communities to Ensure Mobility.","Others"
"Transforming Rural water communities As positive Climate and Energy districts (TRACE)","Technology"
"CRAWL - Campus' Role as Actors in Walkability and Liveable communities","Others"
"BikeHood - Creating Ireland's First Cycling Neighborhood for Sustainable Transport and Mobility","Others"
"Decision support platform for optimum and sustainable Modern Methods of Construction rollout to alleviate the housing crisis","Technology"
"Step Up: technology-enabled self-persuasion empowerment tools to increase walking in middle-aged and older citizens","Technology"
"Enhancing Sustainable Social Housing and Climate Resilience in Ireland through Non-Intrusive Environmental Sensors","Technology"
"Midlands Science Festival year 1 of 3","Others"
"Mayo Science and Technology Festival 2023","Technology"
"Tipperary Festival of Science 2023","Others"
"Sligo Science Festival","Others"
"South East Science Festival","Others"
"Festival of Sport & Health Science: The Human Across the Lifespan.","Biology"
"Lets Talk Science Festival 2023","Others"
"Science Week 2023 at The Ark","Others"
"Kerry Science Festival 2023 - Being Human in Todays World","Others"
"Space Fest 2023","Others"
"The Vitruvian: Uncovering the Layers of Cancer","Others"
"Wexford Science Festival","Others"
"Galway Science & Technology Festival","Technology"
"Kilkenny Science Festival as part of National Science Week","Policy"
"Science Week at DCU: Creativity, Curiosity and Engagement","Others"
"Circus Science by the Sea Festival","Others"
"Cavan Monaghan Science Festival","Others"
"Global Desires performances and livestream inter-disciplinary discussion","Others"
"Limerick Festival of Science 2023, 2024, 2025","Others"
"""C'mere Till I Tell Ye"" Dublin STEM Festival","Others"
"Season of Science at South Dublin Libraries","Others"
"Dublin Book Festival","Others"
"12/RC/2273_P2 Supplement","Others"
"A high-resolution structure-informed approach to understanding the mechanism of action of bacterial envelope enzymes and carriers for long-term use in antibiotic design and discovery","Biology"
"TAILORED MANUFACTURING FOR SAFE, SUSTAINABLE OFFSHORE WIND TURBINE SUPPORT STRUCTURE MATERIALS (TRANSFORRM)","Engineering"
"Investigating oxysterols as modulators of cytotoxic Natural Killer cell responses","Biology"
"Alleviation mechanisms and microbial interactions induced by conductive materials in sulphate-stressed anaerobic digestion ecosystems","Biology"
"Raising oxidants for immune protection in infectious disease","Biology"
"Engineering structurally anisotropic and mechanically functional musculoskeletal tissues by guiding the fusion, differentiation and (re)modelling of stem cell derived cartilage spheroids","Engineering"
"Hawking Radiation and Black Hole Entropy in Causal Set Theory","Mathematics"
"Azbio: sustainable valorisation of agri-food wastewaters","Others"
"Monolithic Integration with Pyramidal Micro-LEDs: Bringing AR/VR Displays into Reality (MICROBAR)","Others"
"Targeting essential genes with chimeric antisense oligonucleotides (ASOs) as novel antibacterial agents and antibiotic adjuvants to overcome antimicrobial resistance (AMR) in Methicillin Resistant Staphylococcus aureus (MRSA) and other AMR pathogens","Biology"
"Template Assisted Crystallisation of Oligonucleotide Drugs (EMERALD)","Others"
"EPSRC-SFI: Developing a Quantum Bus for germanium hole-based spin qubits on silicon (GeQuantumBus)","Physics"
"SFI Fellowship","Others"
"SFI Fellowship","Others"
"SFI Fellowship","Others"
"Probing non equilibrium thermodynamics and dynamics of quantum many-body quantum systems using spectral methods","Physics"
"Finding Integrable Models","Mathematics"
"Gravitational waves from intermediate mass-ratio binaries","Others"
"Preclinical investigation of immunometabolic mechanisms in a model of traumatic brain injury with pre-existing obesity","Biology"
"A Conformal Framework for Strongly-Interacting Systems","Technology"
"Thermodynamics of precision in quantum measurement and control","Physics"
"Cortical and Spinal Connectivity of Motor Units as a novel biomarker for Amyotrophic Lateral Sclerosis","Physics"
"Exometeorology: Weather on Worlds Beyond our Own","Others"
"""Adsorption based biotechnology to integrate methane emission mitigation and valorisation","Technology"
"RODEO: ROot Dynamics for Ecosystem Observation","Technology"
"Deciphering the role of PYHIN proteins in T cell-mediated adaptive immunity","Biology"
"SFI Fellowship Award","Policy"
"SFI fellowship award","Policy"
"SFI fellowship award","Policy"
"SFI Fellowship Award","Policy"
"19/US/3599 Supplement","Others"
"20/FFP-P/8728 Supplement","Others"
"20/FFP-P/8901 Supplement","Others"
"Reducing neonatal and maternal mortality by rapid detection of sepsis in resource-limited environments","Biology"
"BIOTOPE 2 (BIOmarkers TO predict PnEumonia 2)","Technology"
"""Expanding"" site-controlled quantum dot technology:  photonic cavity toolkit development for quantum integration (Exquis)","Physics"
"ProtoSigns: Protocells in the Archaean rock record  Implications for the origin of life and detection of biosignatures","Biology"
"High Areal Capacity Lithium and Sodium Ion Battery Electrodes from Two-Dimensional Ternary Metal Phosphide Nanosheets (2DNs-BAT)","Biology"
"Improving Paediatric Vaccines - Closing the Window of Vulnerability","Biology"
"WiMag - Wireless Magnetic Tracking for Collaborative Environments","Physics"
"Bio-inspired particle architecture delivery technologies (Bio-PADT)","Others"
"SFI Fellowship award","Policy"
"Fingerprinting Climate Change and Air Pollutant Culprits (EPIC-Air)","Others"
"Unlocking the black box: Consequences of agricultural grassland management intensity on soil microbiome-mediated nutrient cycling potential in Europe","Biology"
"Nature Inspired Chemical Transformations","Chemistry"
"A Bio-Mimetic Electrochemical Immunoassay Platform for the Early Detection of Chronic Amyloid-derived Diseases","Biology"
"MOD3LTHERM - MODelling the 3D thermal and Lithospheric Structure of geoTHERMal regions","Mathematics"
"Lipid and Iron Overloaded Lung Macrophages Fuel Opportunistic Non-Tuberculous Mycobacterial (NTM) Respiratory Infections","Biology"
"Metal Phosphorised Carbon Nanofiber Networks as Advanced Cathodes for Aluminium-ion Batteries","Technology"
"Rare Disease Modelling and Drug Discovery in C. elegans: using CRISPR genome editing in worms to help diagnose and treat ciliopathies","Biology"
"Maximising the power capture from cyclorotor wave energy converters","Others"
"Elucidating roles for CCCH-type Zinc finger proteins in cellular responses to DNA double strand breaks","Biology"
"New approaches to robust and resource-efficient quantum metrology","Physics"
"Development of panchromatic photopolymerisable hybrid sol-gel material for holographic recording of full-colour holographic optical elements for augmented reality displays (PolyGlass4AR)","Physics"
"NanoDOT: Nano-Engineered Biomaterial Delivery System with Controlled Strontium Release as a Reparative Treatment Strategy for Osteoporotic Vertebral Bone","Engineering"
"CDK12/MED1/ER, a functional transcriptional complex and actionable vulnerability in breast cancer brain metastasis.","Biology"
"Advancing Polyimide Thin Film Processing for High Voltage Applications","Engineering"
"GLYCOPLEX: A new entity regulating glucose metabolism in hypoxic cells.","Biology"
"EPSRC-SFI: Aluminium Rich Nitride Electronics (ARNE)","Others"
"Bio-Interface development for application as electrochemical sensors for measuring analytes in blood","Chemistry"
"PHAs as delivery carriers for cattle feed supplements","Others"
"SafeAnchor: Robotically Drilled Subsea Micropile Anchors for Floating Wind Farms","Others"
"18/CRT/6214 Supplement","Others"
"Enabling atomistic in silico design of semiconductor nanowire heterostructures","Engineering"
"Developing carbodisulfuranes as powerful carbon-atom transfer reagents: Synthesis of new terminal  metal carbides and metal-carbide clusters","Chemistry"
"Passive Autoclave Thermal Cycle Detection","Others"
"A Soft Robotics Approach to Reduce the Foreign Body Response to Medical Implants","Biology"
"AMBER Phase 2","Others"
"Enhancing Sustainable Social Housing and Climate Resilience in Ireland through Non-Intrusive Environmental Sensors","Technology"
"APC Phase 2","Others"
"INSIGHT Phase 2","Others"
"SFI/RTÉ Grant Support Initiative, 2023","Policy"
"VistaMilk","Others"
"Functional circuit mapping of gut-vagal influence in the brain","Biology"
"FutureNeuro_Phase2","Biology"
"BiOrbic_Phase 2","Others"
"BIOTOPE 2 (BIOmarkers TO predict PnEumonia 2)","Technology"
"BIOTOPE 2 (BIOmarkers TO predict PnEumonia 2)","Technology"
"I-Form_Phase 2","Others"
"Unlocking the black box: Consequences of agricultural grassland management intensity on soil microbiome-mediated nutrient cycling potential in Europe","Biology"
"MOD3LTHERM - MODelling the 3D thermal and Lithospheric Structure of geoTHERMal regions","Mathematics"
"Metal Phosphorised Carbon Nanofiber Networks as Advanced Cathodes for Aluminium-ion Batteries","Technology"
"Azbio: sustainable valorisation of agri-food wastewaters","Others"
"Maximising the power capture from cyclorotor wave energy converters","Others"
"High-precision manufacturing of freeform and structured surfaces for optical and bio-medical applications","Physics"
"INSIGHT Phase 2","Others"
"Exploring realistic pathways to the decarbonization of buildings in the urban context: a case study of Dublin city","Technology"
"Engineering of hierarchical porous structures based on novel 2D nanomaterials: towards the new generation of battery devices beyond Lithium","Engineering"
"12/RC/2278_P2 Supplement","Others"
"Reducing neonatal and maternal mortality by rapid detection of sepsis in resource-limited environments","Biology"
"Visible Light-wave Generation and Manipulation through Non-Linear Waveguide Technology (VIBRANT)","Technology"
"PhD Additional Stipend 2023","Others"
"PhD Additional Stipend 2023","Others"
"PhD Additional Stipend 2023","Others"
"PhD Additional Stipend 2023","Others"
"PhD Additional Stipend 2023","Others"
"iCRAG_Phase 2","Others"
"Co-Centre for Climate + Biodiversity and Water","Others"
"Co-Centre for Sustainable and Resilient Food Systems","Technology"
"SFI Fellowship Programme","Policy"
"DOWNSTREAM PROTEIN ANALYSIS - POLARIZED EMISSION SPECTROSCOPY (DPA-PES).","Physics"
"Robust Motion Correction for Functional MRI using Deep Neural Networks","Technology"
"Metabolism-Driven Precision Biomanufacturing of Cellular Therapeutics","Biology"
"Enabling Beyond-5G Wireless Access Networks with Robust and Scalable Cell-Free Massive MIMO","Technology"
"Highly efficient magnetoelectric nano-antenna array with wide operational bandwidth","Others"
"Bacterial-based Biosensor Digital Twin for Microbial Community Sensing","Biology"
"ReelLIFE SCIENCE Video Competition","Others"
"H2O Heroes","Others"
"Try Five + (Biology, Engineering, Chemistry, Electronics, Rocketry + Coding)","Engineering"
"Try Five + (Biology, Engineering, Chemistry, Electronics, Rocketry + Coding)","Engineering"
"Debunking The Myths: The Science Behind Our Sexual Health","Biology"
"Kinia Creative Community STEAM Connect","Others"
"Lets chat medicine: An innovative PEI cycle in health-related research","Biology"
"STEM Family Learning in the Community","Education"
"STEM Family Learning in the Community","Education"
"CRAFT Maker Space","Others"
"CRAFT Maker Space","Others"
"Doodle STEAM: Building Parental Confidence in STEAM Activities","Others"
"Doodle STEAM: Building Parental Confidence in STEAM Activities","Others"
"Ireland's Secret Past - Unlocking our Fossil Heritage","Others"
"Current Chemistry Investigators (CCI) Programme","Chemistry"
"Empathy Detectives","Others"
"TecKno with Junior Achievement Ireland and Dell","Others"
"Busting Gender Bias in Computer Science and Cyber Security","Technology"
"Busting Gender Bias in Computer Science and Cyber Security","Technology"
"EDTips - Enabling Digital Technology in Primary Schools","Technology"
"START To Discover: Fuelling curiosity with trials and scientist interaction","Others"
"Quavers to Quadratics: Music and Science","Others"
"Community Seismology Programme Plus (CSP Plus)","Policy"
"Terrestrial - Game Based Exoplanet Outreach","Others"
"Science Circus By The Sea on Tour","Others"
"Re-imagining the Future - Environment, Sustainability, Health (REFRESH)","Biology"
"Cosmic Explorers: Igniting STEM and Astronomy in schools","Education"
"Cosmic Explorers: Igniting STEM and Astronomy in schools","Education"
"""Cut from the Same Cloth: Engaging Minority Communities in STEM""","Others"
"My Moving Brain: M'Inchinn Gluiseachta (MIG)","Biology"
"Exploring the Sustainable Development Goals through Coding","Technology"
"I'm a Scientist, Get me out of here! (and others)","Others"
"Climate Talk: Empowering the next generation to find their voice","Biology"
"Creating a learning health system - Citizens' Jury on Artificial Intelligence","Education"
"Taiscéalaí 2.0 - 3D Printing and Sustainability for Primary Schools","Education"
"Beginners Mind - Infant Cognition and Childlike Visions","Others"
"Dublin Maker Festival","Others"
"ESB Science Blast: Inclusion Programme","Policy"
"Teen-Turn","Others"
"Bright Minds, Brilliant Discoveries: Supporting Gifted Disadvantaged Students","Education"
"Town Scientist- planting long-term STEM initiatives in the community","Others"
"Space Crafts: a STEAM initiative at DIAS Dunsink Observatory","Others"
"Sustainable Schools: Achieving the SDGs through STEM","Education"
"Sustainable Schools: Achieving the SDGs through STEM","Education"
"Towards power efficient microresonator frequency combs","Others"
"SFI Fellowship","Others"
"SFI Fellowship","Others"
"SFI Fellowship","Others"
"SFI Fellowship","Others"
"SFI Fellowship","Others"
"SFI Fellowship","Others"
"EPA2 Development of Atmospheric Dispersion Models to assist in the response to a nuclear or radiological emergency","Physics"
"Geofib: Optical Fibre Earth Sensing Suite","Physics"
"Accelerated Computing for Lifespan Brain Health","Biology"
"Floating Wind Testbed integrated with Energy System Observatory  (FLOWT-EOB)","Technology"
"Floating Wind Testbed integrated with Energy System Observatory (FLOWT-EOB)","Technology"
"IQ: the Irish Quantum technology facility for advanced qubit manipulation","Technology"
"Solid-State Battery Analysis and Testing (SS-BAT) Facility","Technology"
"An Irish Microkelvin Laboratory for Advanced Quantum Materials Research","Physics"
"Advanced Heterogeneous Device Integration (AHDI): Enabling TSVs, Wafer Bonding, and Grinding for 2D and 3D Integration and Next Generation Interposer Development","Engineering"
"Advanced Mass Spectrometry Infrastructure Enabling Strategic and Focused Multi-Disciplinary Scientific Discovery and Innovation.","Engineering"
"SFI PhD 2024 Stipend Increment","Others"
"SFI PhD 2024 Stipend Increment","Others"
"SFI PhD 2024 Stipend Increment","Others"
"SFI PhD 2024 Stipend Increment","Others"
"SFI PhD 2024 Stipend Increment","Others"
"SFI PhD 2024 Stipend Increment","Others"
"SFI PhD 2024 Stipend Increment","Others"
"SFI PhD 2024 Stipend Increment","Others"
"SFI PhD 2024 Stipend Increment","Others"
"SFI PhD 2024 Stipend Increment","Others"
"SFI PhD 2024 Stipend Increment","Others"
"SFI PhD 2024 Stipend Increment","Others"
"SFI PhD 2024 Stipend Increment","Others"
"SFI PhD 2024 Stipend Increment","Others"
"SFI PhD 2024 Stipend Increment","Others"
"SFI PhD 2024 Stipend Increment","Others"
"SFI PhD 2024 Stipend Increment","Others"
"SFI PhD 2024 Stipend Increment","Others"
"Mining the Molecular Interplay Between Parasite and Host for Vaccines, Diagnostics and Biotherapeutics Discovery","Biology"
"RECEPTAR PATH: Removing susceptibility RECEptors in wheat and barley TARgeted by fungal leaf blight PATHogens","Biology"
"INSIGHT_Phase 2","Others"
"Targeted control of microglia polarisation after spinal cord injury","Physics"
"21/SPP/3756 Supplement","Others"
"Next-Gen Healthcare: Decentralized Microfluidic/Nanovolume Diagnostics at the Point-of- Care","Policy"
"DPER3 Development of ethical guidelines for the use of Artificial Intelligence in the Irish Public Service","Technology"
"FSAI3 The application of behavioural science to influence food safety compliance","Technology"
"GSI6  Examining current planning requirements for geothermal energy projects in Ireland","Others"
"GSI6 Examining current planning requirements for geothermal energy projects in Ireland","Others"
"DPER4: Research how behavioural science can be utilised in the public sector to tackle environmental challenges and improve policy making","Policy"
"DFHERIS2 Assessing the impact of the tertiary system on innovation in the workplace","Technology"
"HSE2 Dashboard Design for HSE Quality Improvement Reports.","Engineering"
"Investigating the past climate influence on the carbon accumulation rates of Irish blanket bogs (PCARB)","Others"
"DFHERIS2 Assessing the impact of the tertiary system on innovation in the workplace","Technology"
"20/SPP/3685 Supplement","Others"
"Induction and regulation of immune responses in the nose - informing the design of an effective nasal vaccine against Bordetella pertussis","Biology"
"PREterm birth Prevention with Oral Probiotics: A Double-Blinded Placebo Controlled Randomized Controlled Trial on Lactobacillus-Crispatus-Containing Probiotic Therapy in Women at Risk of Preterm Birth (The PrePOP Study)","Biology"
"Exploration of gene therapies for ocular disorders","Biology"
"midios: microRNA in Diabetic Osteopathy","Biology"
"Investigating the biological roles of polyamines in CHO and other cells","Biology"
"Closed-loop deep brain stimulation for Parkinsons disease: Foundations for clinical translation","Biology"
"SFI Centre for Research Training in Advanced Networks for Sustainable Societies","Technology"
"SWEET: Hardware and Software Sustainable Wearable Edge InTelligence","Technology"
"19/US/3599 Supplement","Others"
"12/RC/2273_P2 Supplement","Others"
"20/FFP-P/8728 Supplement","Others"
"20/FFP-P/8901 Supplement","Others"
"21/SPP/3756 Supplement","Others"
"STEM Teacher Internship (STInt) Programme","Policy"
"FitBiota: Examining the emergence of a fit gut microbiome in young adults and the potential impacts on gut health","Biology"
"Ataxin-2 and the molecular control of of mRNP condensates.","Chemistry"
"ELEVATE: Epidemiology of Barley Yellow Dwarf Virus (BYDV) in Ireland under current climate and elevated temperature and CO2.","Biology"
"PLAS-ME: Plasma for Agriculture Sustainability through Manure Enhancement","Physics"
"MiR-CDD: microRNA targeting as mechanism-based therapeutics for CDKL5 Deficiency Disorder (CDD)","Biology"
"The role of early-life microbiome in sculpting stress-social neural circuits in zebrafish.","Biology"
"Template Assisted Crystallisation of Oligonucleotide Drugs (EMERALD)","Others"
"ELEVATE Programme for Prediction, Early Detection & Intervention in Cerebral Palsy","Technology"
"Loop heat pipe for waste heat recovery in data centres","Technology"
"Gravitational turbulence in the era of gravitational waves","Others"
"Distributed Radiation Sensing for Radiotherapy, Nuclear Medicine, and Industrial Medical Applications","Physics"
"Advanced & Adaptive Magnetics for Next-generation Transmission Electron Microscopy","Physics"
"Applying Machine Learning to Massive Black Hole Formation in Large Cosmological Simulations","Education"
"18/SPP/3522 Supplement","Others"
"SFI Centre for Research Training in Advanced Networks for Sustainable Societies","Technology"
"SFI Centre for Research Training in Artificial Intelligence","Education"
"HPRA1 The effectiveness of regulatory recommendations on risk management of medicines safety  issues and impact on healthcare practice in Ireland","Biology"
"18/CRT/6222 Supplement","Others"
"18/CRT/6222 Supplement","Others"
"18/CRT/6222 Supplement","Others"
"WheatHealth: enhancing our understanding of wheat-microbe interactions to improve disease control and food security","Biology"
"Autonomous Open Energy Communities: A New Paradigm for Power Grid Operations (AUTONOMY)","Technology"
"TwiLight: Twin Lightpaths, A digital twin framework for full automation of disaggregated optical networks.","Technology"
"SpeechSpace - a framework for understanding and  modelling multimodal interactions","Technology"
"Bio-inspired functionalization of nanoplatforms for targeted delivery of therapeutics","Technology"
"Extramedullary disease in Multiple Myeloma - Finding new therapeutic targets by dissecting the cell heterogeneity with an integrated transcriptomic and proteomic analysis","Biology"
"An Artificial Intelligence (AI)  based Automated Approach for the Classification of Pediatric Heart Murmurs and Disease Diagnosis using Wireless Phonocardiography","Biology"
"DOD1 Horizon Scanning for future Technology Capability Development needs of the Defence Forces","Technology"
"NPWS1 Translating research into actionable policy: developing a habitat research framework for Ireland","Technology"
"NDA1 EVA: Electric Vehicle Acoustics","Others"
"18/CRT/6224 Supplement","Others"
"BendZymes  Novel Catalysts for Glyco Applications","Chemistry"
"BRILLFLIM  Optimised design of biomaterial implants to modulate the immunity-directed foreign body response by machine learning of single-cell macrophage stiffness and metabolic adaptations using noninvasive imaging modalities","Biology"
"Centrosomal responses to genotoxic stress","Others"
"ChemiSorb: development of solid chemisorbents to enable Direct Air Capture of CO2","Technology"
"MVR: Modelling Mitral Valve Realities - A Framework for Creating a Virtual Patient Population for Finite Element Analysis","Technology"
"Sustainable Biorefinery Setup for the Recovery of Fucoidan from Cultivated Brown Seaweed for Industrial Applications","Technology"
"FSAI1 Data analytics for chemical risk prioritisation","Chemistry"
"(In)visible work: understanding and measuring research translation into policy","Policy"
"South East Science Festival","Others"
"Smalltalk- Big Ideas: Supporting local communities turn ideas into actions","Others"
"Kilkenny Science Festival 2024","Others"
"SpaceFest 2024","Others"
"Kerry Science Festival 2024","Others"
"Ballyhoura Science Week Festival","Others"
"Tipperary Festival of Science","Others"
"C'mere Til I Tell Ye - Dublin Science Festival","Others"
"Science Week at The Ark 2024","Others"
"Limerick Festival of Science","Others"
"Science Circus by the Sea Festival","Others"
"Beta Festival 2024 - A critical inquiry in art and technology","Technology"
"Cavan Monaghan Science Festival","Others"
"Wexford Science Festival","Others"
"Science at the Marina","Others"
"Dublin Book Festival 2024 (DBF2024)","Others"
"Louth Libraries Science Festival 2024","Others"
"Be a Marine Biologist' and 'Can we speak whale?'","Others"
"BIAS - Inequality in Women's Health and Research","Biology"
"Re-Generation: Sustainable Food for the Ages","Biology"
"RegenHERate: Supporting Female Health and Performance","Biology"
"The Bigger Picture: Engaging with Creative Perceptions of AI","Technology"
"Smart Cities Urban Quest: Adventure in the Docklands","Others"
"Inishowen Rural Science Festival -Bridging Tradition and Innovation","Others"
"Foram / Forum - Giving voice to underrepresented groups in Climate Action","Others"
"Reimagining The Irish Food System (Creating Sustainable Cities and Communities)","Technology"
"Irish Sign Language and Artificial Intelligence, a performance","Others"
"The Science of Theatre - The Light Box & Sound Machine","Others"
"How It's Made: Demystifying IOT in Transportation","Others"
"The Blossoming: Cancer Has No Borders","Others"
"CONUNDRUM: Co-creating sustainable and shared community mobility","Others"
"EPA2 Development of Atmospheric Dispersion Models to assist in the response to a nuclear or radiological emergency","Physics"
"22/PATH-S/10875 Supplement","Others"
"18/CRT/6224 Supplement","Others"
"Improving models of future ice-sheet and sea-level change though assessing the (in)stability of the former British-Irish Ice Sheet","Mathematics"
"Study on the Mechanism of Starch-based Emulsion Gel Regulating Sodium Ion Release and Salt Taste Perception and Food Applications","Technology"
"Investigating extracellular vesicles as novel tools to monitor and treat Cystic Fibrosis","Biology"
"Trait-Tweaks: Exploring Ecological Realism in Ecosystem Models under Future Climate Conditions","Mathematics"
"Programming catalytic surface reactions with dynamic kinetic oscillations","Chemistry"
"Solving the Scalability Bottleneck in Quantum Computing:  Photonic Cluster States from Quantum Dots","Physics"
"Placing Ireland at the forefront of the exploration of space","Others"
"Developing novel therapeutic strategies for neurodegenerative disease","Biology"
"An AI-driven automated high-throughput microfluidic-based flow synthesis platform for acceleration of nanomedicine development","Technology"
"Accessible, Easily Deployable Collaborative Robotic System for Manufacturing tasks - Robomate","Engineering"
"All-Ireland, AI-enhanced Peatland Monitoring Platform (AI2Peat): Combining Artificial and Human Intelligence to Combat Climate Change at National Scale","Technology"
"Stroke tele-rehabilitation platform using eXtended Reality (XR)","Technology"
"Artificial intelligence-powered 3D printing - aiPRINT","Others"
"Submersible Screw pump as turbines: a low-cost fish friendly solution for micro hydropower pumped energy storage including sea-water (SubScrewHydro)","Others"
"DRIVE: DiRect contact Immersion cooling of electric VEhicle batteries - a novel approach for improved thermal management and performance","Others"
"Using untapped wind energy to produce green hydrogen using a simpler and sustainable electrolyser design (H2Glas)","Engineering"
"Renewable Energy Storage Reactor for Mobile Applications (RESR)","Technology"
"SMARTFOLD: Development of a smart shape-memory scaffold to support degenerated cartilage and control therapeutic delivery to reduce chronic pain in osteoarthritis","Biology"
"SFI Fellowship Programme","Policy"
"Exploiting chemo-genetic interactions to decipher mechanism and enhance the potency of CDC7 kinase inhibitors","Biology"
"Delineating Chronic Itch Mechanism and Developing Targeted Therapeutics","Biology"
"SEAI4 Investigating gender aspects of Irelands clean energy transition","Others"
"SEAI4 Investigating gender aspects of Irelands clean energy transition","Others"
"Ensuring Networks can meet Societal Needs: Policy, Research & Co-production","Technology"
"SSPC_Phase 2","Others"
"12/RC/2278_P2 Supplement","Others"
"Advanced Composite Si Nanowire/Graphite Anodes for EV Batteries","Others"
"""Enhancing Crop Production with Brackish Water Irrigation in the Jordan Valley ""","Others"
"""A workshop on Enhancing food safety management through work-based learning   ""","Education"
"""Assessing the priorities, scale and implications for irrigation using renewable energy in (off-grid) rural Tanzania ""","Technology"
"""Seaweed: a sustainable source for future food systems ""","Technology"
"Photochemical covalent protein profiling: a novel approach to enhance targeted drug discovery","Chemistry"
"Multiscale modelling of soil-structure interaction for renewable energy applications","Mathematics"
"Lentiviral vector-mediated modification of the injured spinal cord using a hydrogel delivery system to enhance repair and regeneration.","Physics"
"Mining for climate resilience in Irish forage crops (ResilientCrop)","Others"
"Multiscale modelling of Fluoride ion battery electrolytes:  From DFT to Machine Learning-forcefields.","Education"
"APPLE-BIO: Modulation of obesity-related inflammation and oxidative stress by microencapsulated polyphenols from fresh apple peel incorporated in functional beverages","Biology"
"Pre-clinical assessment of novel Heme Oxygenase-1 (HO-1) inducers.","Biology"
"Growvalve: A tissue engineered heart valve for paediatric patients","Engineering"
"Site-specific chemical modifications of human Interferon-gamma for improved therapeutics","Chemistry"
"Conjugated STING-agonist nanoparticles as novel therapeutic add-on to enhance the therapeutic response of chemotherapy for the treatment of osteosarcoma.","Biology"
"Conjugated STING-agonist nanoparticles as novel therapeutic add-on to enhance the therapeutic response of chemotherapy for the treatment of osteosarcoma.","Biology"
"Novel covalently integrated metal porphyrin networks through on-surface synthesis, their characterisation, development and exploitation as a versatile platform for molecular sensing.","Chemistry"
"Universality of Correlation Functions in Quantum Field Theories","Physics"
"DEEPER: Ireland's DEEP-time Extinction and Recovery Project","Others"
"Machine learning and explicit computations of zeta functions in algebra","Technology"
"Energy Harvesting for Monitoring Built Infrastructure : HarMonI","Engineering"
"Long non-coding RNA-mediated cellular dysfunction in acquired and genetic epilepsies.","Biology"
"Mapping the biochemical steps of microbial PFOA metabolism","Chemistry"
"Investigating extracellular vesicles as novel tools to monitor and treat Cystic Fibrosis","Biology"
"A new isotopic method to reveal blanket bog drought resilience: DRYPEAT (Deuterium-excess Reconstruction to Yield Peatland Evaporation, Aridity, and Transpiration)","Others"
"Using collar-worn accelerometers on assistance dogs for signalling the early detection of the onset of epileptic seizures in humans (ADSA)","Others"
"Targeting microRNA Megacluster 379/656 in Breast Cancer","Biology"
"Regulation of the regulator: DDX3Xs role in translational reprogramming during viral infections","Policy"
"Language3D: Creating Editable 3D Content from Deep Language Understanding for 3D-First Digital Platforms","Technology"
"Biomimetic 4D Robotic Micro-tools","Others"
"Bridging the gap for mathematical models of gap junctions","Mathematics"
"MicroVOCs: determining how microbial volatile organic compounds affect soil nitrogen cycling and N2O emissions","Chemistry"
"Alkali Metal based Ternary Chalcogenides (ABZ) Nanocrystals (NCs) Design from Materials to Applications: Towards a Retrosynthetic Nanocrystal Synthesis Pathway","Engineering"
"""REcycling wastewater Heat in mEAT production/preparation in Zambia: technology and process development, and societal impacts (REHEATZ) ""","Technology"
"""Supporting climate-resilient health facilities in Malawi through sustainable access to water using solar disinfection of harvested rainwater: the SURGWater Project ""","Biology"
"Macrophage Activation and Transition in the Autoimmune Kidney (MacATAK): uncovering functional outcomes of macrophage differentiation in the inflamed kidney","Biology"
"A Comparative Study on the Mechanical and Fracture Toughness Performance of Eco-Friendly Recyclable Composites Reinforced with Natural Materials","Engineering"
"Understanding the impact of changes to complex basal media components on CHO cell biology and utilising novel Process Analytical Technology to determine biomass in a microcarrier process","Biology"
"Methane mitigation using peroxide-based additives: Effect of substrates composition and rumen changes","Others"
"Acquired genomic adaptations as targeted therapeutic strategies for metastatic breast cancer: A breakthrough programme for brain metastasis (GeTTMet)","Biology"
"18/SPP/3522 Supplement","Others"
"18/CRT/6183 Supplement","Others"
"18/CRT/6183 Supplement","Others"
"18/CRT/6183 Supplement","Others"
"18/CRT/6183 Supplement","Others"
"VistaMilk Phase II","Others"
"Tissue Specific Immune Memory Mediates Disease Progression and Disease Flare in Rheumatoid Arthritis","Biology"
"Therapeutic targeting in patient derived pluripotent stem cell neuronal modelling of KCNQ2-encephalopathy","Biology"
"Therapeutic targeting in patient derived pluripotent stem cell neuronal modelling of KCNQ2-encephalopathy","Biology"
"Closed-loop cortical stimulation for Parkinson's disease","Biology"
"MAIT-NK cell interactions might underpin dysfunction of NK cells in obesity and obesity related cancers","Biology"
"A Digital Health Program Targeting Physical Activity among Middle-Aged Menopausal Women at Risk of Coronary Heart Disease","Biology"
"SOS-Phosphorus: Sustainable Organic Synthesis with Phosphorus","Chemistry"
"Designing secure integrated sensing and communication systems for next-generation wireless networks (SECURE-ISAC)","Technology"
"Biomimetic nanocomposite architectures for responsive photonics (BIONICA)","Physics"
"Functional Thin Film Based on CO2-derived Polymers and Stimuli-responsive Nanoparticles for Wound Healing Applications (WOUNDER)","Chemistry"
"REVBY: Ramularia collo-cygni Effector Virulence in BarleY","Biology"
"The genomics of adaptation in a hyper-diverse genus of bees: the past, present and future of important wild pollinators","Biology"
"RNA delivery vectors for transfer RNA therapeutics","Biology"
"A multi-therapeutic strategy for diabetic wound healing based on the injectable ECM-Mimetic hydrogel delivery of tailored ADSC-derived exosomes","Policy"
"Electromagnetic Transient Modelling and Stability Analysis of a Wind and PV Dominated Irish Power System for 2030 and Beyond","Physics"
"BLOOD: The role of Bacterial Lipids in the micrObe-hOst Dialogue","Biology"
"Irish whiskey evaluation of biomarkers on maturation","Others"
"Inhibitor design and synthesis for lectins: Tools for glycobiology, vaccine research and future therapeutics","Biology"
"Development of integrated optical sources for high capacity and energy efficient Data Centre, Access & 6G Networks","Physics"
"Making ACT binder with Irish materials and optimizing it for Irish concrete","Others"
"Reducing mooring loads for offshore wind platforms","Technology"
"The Development of a Cytometry-based Platform to Detect, Sort and Characterise Extracellular Vesicles from Human Plasma as a Liquid Biopsy Technology","Technology"
"Topical formulation development for a non-viral gene therapy for recessive dystrophic epidermolysis bullosa","Technology"
"Intent, Interaction, Impact (Triple-I): Trajectories of a Science Foundation Ireland (SFI) Researcher Career Development Award","Policy"
"Future Cereals","Others"
"Tension points in the talent pipeline: exploring postdoctoral journeys along the talent pipeline in Small Advanced Economies.","Others"
"FLORAL study: Examining relationship of health outcomes and gut microbiome in children born during and after the COVID-19 pandemic.","Biology"
"INSIGHT_Phase 2","Others"
"18/CRT/6214 Supplement","Others"
"Junior Engineer Development Initiative (JEDI)","Engineering"
"Junior Engineer Development Initiative (JEDI)","Engineering"
"Unlocking the value of research for public policy making and innovation:  Mapping Irelands key brokering structures and supports","Policy"
"Investigation of the role of the GDF-15/GFRAL signalling axis in mediating neuroprotective effects in the presence of co-morbid diet-induced obesity and TBI.","Biology"
"Evaluating the Fourth Dimension - Innovative 4D Food Printing for Producing Healthy and Flavoursome Snacks of the Future.","Biology"
"Moon-magnetosphere interaction and its relevance to life in the outer Solar System","Technology"
"Green energy storage: development of sustainable supercapacitors by direct laser writing of natural materials (SUPER-GREEN)","Physics"
"Understanding  the evolution  and  modulation of  the foreign  body response  to medical  implants","Biology"
